{"type":"FeatureCollection","features":[{"type":"Feature","geometry":{"type":"MultiPolygon","coordinates":[[[[121.328083,29.5013729],[121.3279733,29.5013516],[121.3278919,29.5013376],[121.3277216,29.5013079],[121.3275989,29.5013074],[121.3274875,29.5013102],[121.3273421,29.5013133],[121.3272424,29.5013358],[121.3271935,29.501361],[121.3269091,29.5015666],[121.3268481,29.5015979],[121.3267647,29.5016298],[121.3266915,29.5016652],[121.3263664,29.5017593],[121.3257024,29.5019409],[121.32565,29.5019432],[121.3255931,29.5019346],[121.325553,29.5019203],[121.3254723,29.5018576],[121.3253673,29.5017661],[121.3252736,29.5016844],[121.3251801,29.5016043],[121.3250506,29.5015164],[121.3249744,29.5014626],[121.3247901,29.5013719],[121.3247026,29.5013282],[121.3245982,29.5012829],[121.3244639,29.5012382],[121.3243756,29.501193],[121.3242396,29.5011269],[121.3240758,29.5010134],[121.3237918,29.5007744],[121.3236398,29.5006215],[121.3235728,29.5005462],[121.3235496,29.5005084],[121.3235394,29.5004524],[121.3235342,29.5004025],[121.3235603,29.5003183],[121.3236043,29.5001927],[121.323645,29.4999952],[121.323665,29.4997968],[121.3236904,29.4995393],[121.3236906,29.4995323],[121.3236959,29.4993642],[121.3236777,29.4991723],[121.3236109,29.4988607],[121.3235004,29.4985119],[121.3234379,29.4982244],[121.3234208,29.4981113],[121.3233701,29.4978346],[121.3233716,29.4976527],[121.323408,29.4974292],[121.3234478,29.4971714],[121.3234824,29.4968278],[121.3234997,29.4966491],[121.3235035,29.4963402],[121.3234937,29.4958838],[121.3234744,29.4956093],[121.3234838,29.4954272],[121.3234819,29.4952831],[121.3234937,29.4949809],[121.3234637,29.4947821],[121.3234497,29.4946141],[121.3234349,29.4943808],[121.3234554,29.4941472],[121.3235114,29.4939338],[121.3236102,29.4936891],[121.3236866,29.4935271],[121.323701,29.4934342],[121.3236882,29.493352],[121.3236284,29.4932701],[121.323478,29.4931755],[121.323103,29.4929836],[121.3223506,29.4927199],[121.3218893,29.4925254],[121.321692,29.4924244],[121.3215456,29.4923263],[121.3214226,29.4922142],[121.3213273,29.4921225],[121.3212877,29.4921023],[121.3212251,29.4921029],[121.3211667,29.4921344],[121.3210735,29.492204],[121.3209914,29.4922288],[121.3209052,29.4922365],[121.3208305,29.4922132],[121.320656,29.4920674],[121.3202162,29.4917182],[121.3197323,29.4912939],[121.3196293,29.4912091],[121.3194354,29.4910806],[121.3192529,29.4909108],[121.3191373,29.4907678],[121.31905,29.4906896],[121.3189004,29.4906431],[121.3187155,29.4906037],[121.3185269,29.4905678],[121.3184015,29.490569],[121.3181626,29.4905921],[121.318037,29.4905899],[121.3179269,29.4905601],[121.3177295,29.4904556],[121.3176267,29.4903914],[121.3175676,29.4903715],[121.3173949,29.4903594],[121.317261,29.4903127],[121.3171897,29.4902619],[121.3171134,29.490115],[121.3170285,29.4899202],[121.3169756,29.4897697],[121.3168516,29.4895856],[121.3167356,29.4894082],[121.3166282,29.4892892],[121.3165094,29.489201],[121.3163437,29.4891169],[121.3161507,29.4890536],[121.3158069,29.4888476],[121.3155658,29.4887058],[121.3151195,29.4884494],[121.3147564,29.488271],[121.3141764,29.4879918],[121.3135718,29.4876237],[121.3133592,29.4875308],[121.3132408,29.4874524],[121.313034,29.4873592],[121.3125324,29.4872194],[121.3122917,29.487153],[121.312051,29.4870865],[121.3114776,29.4869569],[121.3113441,29.4869194],[121.3111588,29.4868727],[121.3110482,29.4868388],[121.310975,29.4867901],[121.3108851,29.4866957],[121.3107988,29.4865695],[121.3107288,29.4864572],[121.3106792,29.4863625],[121.3106227,29.4862506],[121.3105462,29.4860542],[121.3105042,29.4859447],[121.3104472,29.4858159],[121.3103346,29.4856844],[121.3101601,29.4854818],[121.3100612,29.4853275],[121.3100077,29.4852362],[121.3099829,29.4851835],[121.3098704,29.4849058],[121.3098041,29.4847547],[121.3096807,29.4845653],[121.3095905,29.4844427],[121.309517,29.4843764],[121.3094398,29.4843278],[121.3090749,29.4841549],[121.3089808,29.4840938],[121.3089098,29.4840298],[121.3088348,29.4839432],[121.3087687,29.4838509],[121.3086899,29.4836823],[121.3086143,29.4834466],[121.3085821,29.4832538],[121.3085586,29.483144],[121.3085385,29.4830181],[121.308549,29.4824449],[121.3085351,29.4823074],[121.308518,29.4822263],[121.3084769,29.4821668],[121.3084239,29.4821143],[121.3083264,29.4820624],[121.3082734,29.4820171],[121.3080405,29.4817617],[121.3079829,29.4816811],[121.3078552,29.4814095],[121.3078187,29.4813241],[121.3077476,29.4812504],[121.3076621,29.4812059],[121.3075793,29.4811695],[121.3074741,29.48116],[121.3073266,29.4811653],[121.3071743,29.4811913],[121.3070863,29.4812342],[121.3069498,29.4813251],[121.3068918,29.4813527],[121.3068368,29.4813855],[121.3067369,29.4814885],[121.306565,29.4816181],[121.3065022,29.481637],[121.3064522,29.4816448],[121.3063602,29.481636],[121.3062064,29.4815936],[121.3061419,29.4815625],[121.3060885,29.4815217],[121.3060007,29.4814127],[121.3058271,29.4811292],[121.3057206,29.4809659],[121.3056306,29.4808574],[121.3055289,29.4807913],[121.3054358,29.4807569],[121.3053308,29.4807368],[121.305125,29.4807212],[121.3044236,29.480714],[121.3041939,29.4807233],[121.3039391,29.4807499],[121.3038142,29.4807581],[121.3033763,29.4807666],[121.3032756,29.4807746],[121.3031983,29.4807843],[121.3031326,29.4808116],[121.3029361,29.4808876],[121.3027417,29.4809492],[121.3024443,29.4810158],[121.3021345,29.4810647],[121.3018529,29.4810992],[121.3013251,29.481122],[121.3008053,29.4811306],[121.3003545,29.4811093],[121.30021,29.4811017],[121.3001267,29.4810908],[121.3001024,29.481077],[121.3000899,29.4810489],[121.3000893,29.481003],[121.3001002,29.4809808],[121.3001679,29.4808435],[121.3002031,29.4807619],[121.3002066,29.480723],[121.3001941,29.4806843],[121.3001695,29.4806599],[121.300133,29.480639],[121.3001272,29.4806398],[121.3000814,29.4806431],[121.3000318,29.4806925],[121.2999582,29.4807159],[121.2998842,29.4807004],[121.2998354,29.4806895],[121.299798,29.4806594],[121.2997837,29.4806326],[121.2997616,29.480571],[121.2997602,29.4804636],[121.2997318,29.4802855],[121.299662,29.4801467],[121.2995931,29.480072],[121.2994826,29.480009],[121.2994297,29.4799569],[121.2994078,29.4798794],[121.299367,29.479754],[121.299314,29.4796974],[121.2991824,29.4796278],[121.2990826,29.4795813],[121.2990085,29.4795156],[121.298913,29.4793999],[121.2988892,29.4793727],[121.2988471,29.4793571],[121.2988028,29.4793644],[121.2987616,29.4794105],[121.2987416,29.4794794],[121.2987502,29.4795388],[121.2987898,29.4795727],[121.2989817,29.4796692],[121.2990898,29.4797368],[121.2991114,29.4797915],[121.2990912,29.4798512],[121.2989671,29.4799507],[121.2988744,29.4800012],[121.2988674,29.4800055],[121.2986797,29.4801309],[121.2986356,29.4801524],[121.2985671,29.4801602],[121.2984826,29.4801646],[121.298347,29.4801413],[121.2982441,29.4801273],[121.2981994,29.4801277],[121.2981458,29.4801327],[121.2980304,29.4798925],[121.2979632,29.4798809],[121.297919,29.4799143],[121.2978663,29.4800799],[121.2978741,29.4801549],[121.2977739,29.4801018],[121.2976349,29.4799501],[121.2975071,29.4796078],[121.2974736,29.4795093],[121.2974429,29.4794117],[121.2974279,29.4793217],[121.297373,29.4791272],[121.2973473,29.4789083],[121.2973244,29.4787254],[121.2973064,29.4786595],[121.2972675,29.4785699],[121.2972427,29.478501],[121.2970744,29.4782144],[121.2968101,29.4776438],[121.2966452,29.4773452],[121.296546,29.4771846],[121.2964846,29.4771075],[121.2964081,29.4770473],[121.2963629,29.4769937],[121.296272,29.4768565],[121.2959492,29.4762713],[121.2958413,29.4761433],[121.2957786,29.4760689],[121.2957164,29.4760335],[121.2956444,29.4760282],[121.2955726,29.4760499],[121.2953924,29.4761687],[121.2952136,29.4763335],[121.2949803,29.4764757],[121.2948312,29.4765442],[121.2946598,29.4766085],[121.2945345,29.4766543],[121.2942816,29.4767198],[121.2940356,29.4767852],[121.2937416,29.4768571],[121.2936081,29.4768734],[121.2932118,29.4769516],[121.29291,29.4769763],[121.2927433,29.4769761],[121.2926232,29.476975],[121.2925084,29.4769411],[121.2922846,29.4768684],[121.29215,29.4767976],[121.292029,29.4767207],[121.2919183,29.4766497],[121.2918148,29.4765937],[121.291708,29.4765526],[121.2916049,29.4765296],[121.2914916,29.4765127],[121.2913991,29.4765196],[121.2913204,29.4765324],[121.2911972,29.4765576],[121.2910163,29.4766164],[121.2908352,29.4766692],[121.2906407,29.4767431],[121.2902931,29.4769085],[121.2898229,29.4771411],[121.2895261,29.4772551],[121.2889901,29.4774434],[121.2887206,29.4775451],[121.2885534,29.4776127],[121.2882269,29.47782],[121.2880954,29.477919],[121.2880155,29.4779762],[121.2879558,29.4780297],[121.2878923,29.478115],[121.287763,29.4782868],[121.287692,29.4783686],[121.2876412,29.4784171],[121.2875462,29.478496],[121.2874748,29.4785478],[121.2873623,29.4785939],[121.2872155,29.4786403],[121.286983,29.4786997],[121.2868704,29.4787458],[121.2867682,29.4787978],[121.2867105,29.4788404],[121.286669,29.4788799],[121.2865857,29.4790097],[121.2864909,29.4791037],[121.2864263,29.4791433],[121.2863719,29.4791829],[121.2860008,29.4793906],[121.2856264,29.4796402],[121.2850905,29.4799736],[121.2850009,29.480059],[121.2849572,29.4801053],[121.2849124,29.4801743],[121.284885,29.4802416],[121.284831,29.4804316],[121.2848025,29.4805161],[121.2847671,29.480587],[121.2847138,29.4806548],[121.2844887,29.480837],[121.2840898,29.4811726],[121.2839381,29.4812835],[121.2838301,29.4813516],[121.2837287,29.4813877],[121.2836146,29.4814263],[121.2829687,29.4816584],[121.2826429,29.4817583],[121.2824106,29.4818206],[121.2822839,29.4818399],[121.2821296,29.4818323],[121.2820024,29.4818065],[121.281929,29.4817903],[121.2818845,29.4817711],[121.2818232,29.4817333],[121.281747,29.481671],[121.2816184,29.4815401],[121.2815316,29.4814509],[121.281445,29.4813887],[121.2812998,29.481291],[121.2811202,29.4811877],[121.2810509,29.4811283],[121.2809296,29.4810214],[121.2808459,29.4809112],[121.2806401,29.480634],[121.2805325,29.480527],[121.2804595,29.4804497],[121.2803871,29.4804143],[121.2802906,29.4803792],[121.2801221,29.4803358],[121.2800289,29.4802857],[121.2799494,29.4802354],[121.2798901,29.480164],[121.2798306,29.4800624],[121.2796493,29.4798149],[121.2793429,29.4794487],[121.279131,29.4792346],[121.2787706,29.4789289],[121.2785642,29.4787794],[121.2784867,29.4787096],[121.2783588,29.4786297],[121.2782313,29.4785588],[121.2780641,29.4784856],[121.2778766,29.4784281],[121.277711,29.4783687],[121.2775207,29.4783386],[121.2773147,29.4783054],[121.2770929,29.4782934],[121.2768995,29.4782953],[121.2766371,29.478313],[121.2764944,29.4783302],[121.2764312,29.4783384],[121.2763221,29.4783521],[121.2762332,29.478371],[121.2761865,29.4783815],[121.2756879,29.478427],[121.2753297,29.4784692],[121.2750843,29.4785068],[121.2747305,29.4785685],[121.2746144,29.4786056],[121.2743239,29.4786834],[121.2741738,29.4787389],[121.2740541,29.47877],[121.2739072,29.4788194],[121.2737807,29.4788476],[121.2736885,29.4788755],[121.2735904,29.4788852],[121.2734406,29.4788994],[121.2732778,29.4789122],[121.2731845,29.4789211],[121.2731044,29.4789524],[121.2730592,29.4789928],[121.2730222,29.4790343],[121.2729913,29.4791369],[121.2729611,29.4793807],[121.2729319,29.479519],[121.2728769,29.4796776],[121.2728075,29.4798457],[121.2727784,29.4798803],[121.2727344,29.4799195],[121.2726745,29.4799555],[121.2726264,29.479977],[121.2725339,29.4799956],[121.2723205,29.4800117],[121.2721673,29.4800097],[121.2720906,29.4799998],[121.2719976,29.4799725],[121.2715297,29.4798088],[121.2711202,29.4796589],[121.2704401,29.4794022],[121.2703454,29.4793636],[121.270293,29.479357],[121.2702204,29.4793577],[121.2701801,29.4793616],[121.2701118,29.4793799],[121.2700479,29.4794229],[121.2695602,29.4799657],[121.2694485,29.4800868],[121.2691921,29.4804225],[121.2689158,29.4808094],[121.2686364,29.4812293],[121.2684255,29.4816363],[121.2683399,29.4818122],[121.2683302,29.4818227],[121.2682886,29.4818535],[121.2682403,29.4818702],[121.2681064,29.4818614],[121.2679806,29.4817888],[121.2678058,29.4817144],[121.2676854,29.4816795],[121.2675857,29.4816624],[121.2673695,29.4816495],[121.2672771,29.4816624],[121.267236,29.4816657],[121.2670994,29.4817061],[121.2670177,29.4817609],[121.2669637,29.4818304],[121.2669406,29.4819027],[121.2669518,29.4819777],[121.2669468,29.4821493],[121.2669313,29.4822571],[121.2668349,29.4824578],[121.2668116,29.4825524],[121.2667821,29.4826638],[121.2667462,29.4828112],[121.2667055,29.4828536],[121.2665759,29.4828999],[121.2664803,29.4829399],[121.2663723,29.4830129],[121.2662846,29.4830731],[121.2661884,29.4831093],[121.2661119,29.4831207],[121.2660272,29.483118],[121.2659948,29.4831077],[121.2659743,29.4830831],[121.2659285,29.482953],[121.2657931,29.4824425],[121.265759,29.4822911],[121.2657404,29.4821752],[121.2657419,29.4820192],[121.2657617,29.4819015],[121.2657873,29.4815324],[121.2657801,29.4812233],[121.2658291,29.4804844],[121.2658155,29.4802083],[121.2657892,29.4800687],[121.265778,29.4799505],[121.2657877,29.4799024],[121.2658279,29.4798209],[121.26593,29.479769],[121.2661416,29.4796919],[121.2664663,29.4796048],[121.2665619,29.4795738],[121.2666474,29.479549],[121.2667082,29.4794854],[121.2667654,29.4793917],[121.2668018,29.4792864],[121.2668935,29.4787624],[121.2669675,29.4785346],[121.2670576,29.4784286],[121.2674768,29.4781175],[121.2677723,29.4779128],[121.2684455,29.4775404],[121.2685503,29.4774637],[121.2685932,29.4774296],[121.268607,29.4773832],[121.2686154,29.4772906],[121.268576,29.4772119],[121.2685798,29.4771277],[121.2686405,29.476984],[121.2687258,29.4768821],[121.2688212,29.4768266],[121.2690321,29.476774],[121.2692718,29.4767212],[121.2694489,29.4766606],[121.2695252,29.4766136],[121.269577,29.4765205],[121.2695996,29.4764024],[121.2696126,29.4762844],[121.269583,29.4762258],[121.2695004,29.4761634],[121.2693847,29.4761309],[121.2692161,29.476103],[121.2690477,29.4761004],[121.2689852,29.4760968],[121.2689128,29.4760722],[121.2688977,29.4760135],[121.2689247,29.4758742],[121.2690043,29.4757009],[121.2691419,29.475548],[121.2693605,29.4753524],[121.2694461,29.4752758],[121.2694552,29.4752378],[121.2694452,29.4752084],[121.2693487,29.4751714],[121.2691894,29.4751183],[121.2691166,29.4750685],[121.2690822,29.4750056],[121.2690813,29.4749299],[121.2691284,29.4748537],[121.2692239,29.4748022],[121.2695407,29.4747572],[121.2697608,29.4746793],[121.2698659,29.4746236],[121.2700848,29.4744448],[121.2702365,29.4742791],[121.270374,29.4741263],[121.2704981,29.4740536],[121.2706037,29.4740399],[121.2708007,29.4740338],[121.2711425,29.4740727],[121.2714517,29.4742002],[121.2716551,29.4743118],[121.2716985,29.474324],[121.2717368,29.4743068],[121.2717793,29.4742433],[121.271792,29.4741169],[121.271733,29.4738433],[121.2717356,29.4738065],[121.2717944,29.4736788],[121.2717816,29.4736225],[121.2717362,29.4735566],[121.2716076,29.4733859],[121.2713314,29.4730727],[121.2712547,29.4729381],[121.2712066,29.4728347],[121.2711715,29.4727376],[121.2711566,29.4726367],[121.2711573,29.4725224],[121.2712392,29.472142],[121.2712611,29.4719653],[121.2712673,29.4718135],[121.2712479,29.471556],[121.271222,29.4714081],[121.2711967,29.4713236],[121.2711475,29.4712571],[121.2710824,29.4712083],[121.2710053,29.4711737],[121.2709326,29.471177],[121.2708444,29.4711802],[121.2706236,29.4712227],[121.2704439,29.4712935],[121.2701763,29.4713934],[121.2699306,29.4715099],[121.2693559,29.4718204],[121.2686568,29.4721912],[121.2683369,29.4724009],[121.2682175,29.4724598],[121.2678838,29.4726187],[121.2672749,29.4729245],[121.266686,29.4732816],[121.2666568,29.4733137],[121.2666072,29.473336],[121.2665532,29.473361],[121.2662589,29.4733568],[121.2660665,29.473303],[121.2658115,29.4732243],[121.2657264,29.4731863],[121.2656654,29.473141],[121.2656447,29.4730883],[121.26564,29.473046],[121.265675,29.4729397],[121.2657342,29.4728712],[121.2658195,29.4727989],[121.2660787,29.4724645],[121.2661682,29.4723583],[121.2665629,29.4719597],[121.2667697,29.4717425],[121.2668002,29.4716983],[121.2667819,29.4716806],[121.2666589,29.4716499],[121.2662236,29.4715229],[121.2660959,29.4714744],[121.2658212,29.471396],[121.2657364,29.4713863],[121.2656799,29.4713868],[121.2656197,29.4714014],[121.2655435,29.4714304],[121.2653354,29.4715489],[121.265259,29.4715672],[121.2651825,29.4715715],[121.2651421,29.4715683],[121.2650936,29.4715547],[121.2645668,29.4713857],[121.2644709,29.4713388],[121.2644045,29.4712998],[121.2643607,29.4712445],[121.264332,29.4711295],[121.2642956,29.470941],[121.2642872,29.4708179],[121.2641306,29.4697281],[121.2640656,29.4692634],[121.2640044,29.4685511],[121.263992,29.4685159],[121.2639594,29.468495],[121.2638059,29.4684683],[121.2635195,29.4684463],[121.2633665,29.4684512],[121.2632779,29.4684662],[121.2631815,29.4684919],[121.2630855,29.4685433],[121.2629667,29.4686777],[121.2628883,29.4687638],[121.2628548,29.4688019],[121.2627725,29.4689378],[121.2626526,29.4691537],[121.2625608,29.4693411],[121.2625019,29.4694686],[121.2623911,29.4697485],[121.2623673,29.46977],[121.2623471,29.4697772],[121.2622947,29.4697742],[121.262052,29.4697024],[121.2617768,29.4696026],[121.2613755,29.4694265],[121.2606987,29.4691153],[121.2599248,29.4687803],[121.2597747,29.468704],[121.2595554,29.4685649],[121.2594578,29.4684952],[121.2593762,29.4684113],[121.2593065,29.4683238],[121.2591867,29.4680885],[121.2591536,29.4680111],[121.2591484,29.4679194],[121.2591556,29.4678487],[121.2591802,29.4677934],[121.2592405,29.4677073],[121.2593468,29.4675041],[121.2595846,29.467066],[121.2596467,29.466954],[121.2596731,29.4668942],[121.2596871,29.4668274],[121.259689,29.4666615],[121.2596747,29.4664887],[121.2596443,29.4663055],[121.2595036,29.4660033],[121.2594255,29.465884],[121.2593396,29.4657789],[121.2592623,29.4657232],[121.2591651,29.4656783],[121.2591166,29.4656753],[121.2590766,29.4656932],[121.258679,29.4661418],[121.2581854,29.4666299],[121.2580978,29.466726],[121.2580343,29.4667937],[121.2578914,29.4669821],[121.2574394,29.4674652],[121.2568338,29.4680249],[121.2567683,29.4680586],[121.256728,29.4680625],[121.2567077,29.4680555],[121.2566629,29.4680172],[121.2564997,29.4678493],[121.2564291,29.4677818],[121.2563292,29.4676677],[121.2562716,29.467595],[121.2561915,29.4674925],[121.2561242,29.4673625],[121.2561096,29.4672986],[121.2560771,29.4672153],[121.2560774,29.4670216],[121.2560946,29.4668565],[121.2561096,29.4667867],[121.2561588,29.4666626],[121.2562095,29.4665821],[121.2562743,29.4665208],[121.25634,29.4664581],[121.2570153,29.4660506],[121.2571054,29.4659941],[121.2571559,29.4659381],[121.2571753,29.46591],[121.2571924,29.4658661],[121.2571959,29.4658208],[121.2571755,29.4657376],[121.2571792,29.4655282],[121.2571914,29.4654554],[121.2572258,29.4653507],[121.2572997,29.4652212],[121.2574131,29.465074],[121.2574564,29.4650388],[121.257504,29.4650314],[121.2576127,29.4650167],[121.25772,29.4650204],[121.257811,29.4650315],[121.2579228,29.4650682],[121.2581799,29.4651214],[121.2583093,29.4651202],[121.2583546,29.4651158],[121.258445,29.4650831],[121.2585216,29.4650287],[121.2586136,29.4649423],[121.2587678,29.4647422],[121.2588681,29.4645921],[121.2589167,29.4644902],[121.2589406,29.4643966],[121.2589549,29.4642673],[121.2589746,29.4642094],[121.2590075,29.4641137],[121.2590499,29.4640576],[121.259137,29.464009],[121.2593149,29.46388],[121.2593661,29.4638394],[121.2594487,29.4637426],[121.2594936,29.4636708],[121.2595126,29.4635868],[121.2595359,29.463547],[121.259564,29.463475],[121.2596168,29.4633096],[121.2596583,29.4631317],[121.2597135,29.4627689],[121.2597643,29.4625203],[121.2597943,29.4623715],[121.2598365,29.4622297],[121.259891,29.4621367],[121.2599717,29.4620538],[121.2600527,29.4620133],[121.2600933,29.461993],[121.2602521,29.4619307],[121.2606423,29.4618381],[121.2609346,29.4617827],[121.2610626,29.4617575],[121.2611377,29.4617255],[121.2612205,29.4616725],[121.2617368,29.461323],[121.262233,29.4609599],[121.2622883,29.4609316],[121.2623557,29.4609205],[121.2624232,29.4609163],[121.2625107,29.460919],[121.2626022,29.460932],[121.2626899,29.4609555],[121.2628044,29.4610016],[121.2629056,29.4610763],[121.2629858,29.4611119],[121.2630622,29.461145],[121.2631408,29.4611762],[121.263261,29.4612516],[121.2633141,29.4612942],[121.263382,29.4613214],[121.2634578,29.4613415],[121.2635572,29.461351],[121.2637999,29.4613661],[121.2638913,29.4613757],[121.2639671,29.4613959],[121.2640231,29.4614232],[121.2641269,29.4614674],[121.2642189,29.4614921],[121.2642979,29.4615056],[121.2643884,29.4615047],[121.2644324,29.4614941],[121.2644668,29.4614694],[121.2645077,29.4614081],[121.2645382,29.4613],[121.26456,29.4611272],[121.2645564,29.4608367],[121.2645773,29.4606434],[121.264598,29.4604442],[121.2646455,29.460349],[121.2646489,29.4602933],[121.2646403,29.4602448],[121.2646178,29.4601786],[121.2643931,29.4599608],[121.2641623,29.4597372],[121.2640635,29.4596304],[121.2640048,29.4595721],[121.263941,29.4594773],[121.2639171,29.4594165],[121.2639001,29.4593638],[121.2638856,29.4593096],[121.2639066,29.4592274],[121.2640087,29.4590092],[121.2640187,29.4589271],[121.2640234,29.4588643],[121.2640063,29.4588113],[121.2639556,29.4587298],[121.2638062,29.4585174],[121.2637113,29.4583559],[121.2636561,29.4582241],[121.2636241,29.4580917],[121.2636308,29.4578174],[121.2636281,29.4575962],[121.2636522,29.4575075],[121.263707,29.457445],[121.263848,29.4573995],[121.2640489,29.4573135],[121.2641996,29.4572501],[121.2642893,29.4571519],[121.2644024,29.4568943],[121.2645799,29.4565432],[121.2647285,29.4563073],[121.2648182,29.4562047],[121.2650836,29.4560252],[121.2652285,29.4558867],[121.2653627,29.4557173],[121.2654515,29.4555484],[121.2654955,29.4554241],[121.2655732,29.4551757],[121.2656964,29.4549312],[121.265906,29.4547257],[121.2662016,29.4545282],[121.2664522,29.454371],[121.2665819,29.4542415],[121.2667526,29.4541514],[121.2670239,29.4540338],[121.2671137,29.4539445],[121.2672231,29.4538108],[121.267313,29.453717],[121.2673882,29.453672],[121.2675187,29.4536089],[121.2677396,29.453505],[121.2678346,29.4534245],[121.2679638,29.4532463],[121.2680932,29.4530991],[121.2682926,29.4528892],[121.2684429,29.4527816],[121.2686537,29.4526734],[121.2692809,29.4523445],[121.269657,29.4521242],[121.2698279,29.4520517],[121.2699535,29.4520019],[121.2700033,29.4519439],[121.2700325,29.4518595],[121.2699899,29.4516786],[121.269948,29.4515551],[121.2699018,29.4515025],[121.2698102,29.4514414],[121.2695919,29.4513594],[121.2693379,29.4512424],[121.269165,29.4511468],[121.2690676,29.4510326],[121.2690311,29.4509402],[121.2689836,29.4507813],[121.2688758,29.4506364],[121.2686714,29.4504481],[121.2684263,29.4502425],[121.2682178,29.4501251],[121.2679689,29.4500035],[121.2677759,29.4499258],[121.2675466,29.4497643],[121.2671859,29.4495951],[121.2670636,29.4495123],[121.2669563,29.4494072],[121.266869,29.4492885],[121.2667964,29.4491388],[121.2666734,29.4489984],[121.2663778,29.4487845],[121.2661785,29.4486005],[121.266025,29.4484339],[121.2657703,29.4482727],[121.2656633,29.448194],[121.2656068,29.4481149],[121.2656251,29.4479643],[121.2656585,29.4478047],[121.2656578,29.4477472],[121.2656472,29.4477075],[121.2655554,29.4476332],[121.2654684,29.4475411],[121.2653302,29.4474009],[121.2650902,29.4471864],[121.2649677,29.4470858],[121.2646682,29.4469648],[121.2643843,29.4468746],[121.2639335,29.4467771],[121.2633095,29.4465573],[121.263162,29.4464792],[121.2630547,29.446374],[121.2629462,29.4461848],[121.2628418,29.4459071],[121.2627941,29.4457217],[121.2627518,29.4455717],[121.2627407,29.4454878],[121.2627641,29.4453416],[121.2628224,29.4451508],[121.2628906,29.4449555],[121.2629284,29.4447384],[121.2629497,29.4444152],[121.2629769,29.4441629],[121.2629628,29.4438401],[121.2629289,29.4435572],[121.262928,29.4434776],[121.2629417,29.4433624],[121.2630063,29.4432778],[121.2630606,29.4431843],[121.2630646,29.4431046],[121.262941,29.4429111],[121.2627159,29.4426744],[121.2625062,29.4424552],[121.2623787,29.4423635],[121.2623425,29.4422975],[121.2623717,29.4422087],[121.2624616,29.4421282],[121.262572,29.4420609],[121.2625967,29.4420208],[121.2625912,29.4419766],[121.2625547,29.4418885],[121.2624934,29.4418271],[121.2623109,29.4417757],[121.2620579,29.4417427],[121.2618963,29.4417354],[121.2617043,29.4417416],[121.2615277,29.4417522],[121.2611347,29.441831],[121.2608421,29.4418515],[121.2606506,29.4418932],[121.2605146,29.441921],[121.2603077,29.4419274],[121.2600902,29.4419117],[121.259898,29.4418826],[121.2597509,29.4418309],[121.2596082,29.4417305],[121.259429,29.4415375],[121.2592448,29.4413358],[121.2591728,29.4412303],[121.2591105,29.4411071],[121.2590489,29.4410236],[121.258922,29.4409674],[121.2586335,29.4409169],[121.2582333,29.440819],[121.2578727,29.4406632],[121.2576036,29.4405463],[121.2574303,29.4404107],[121.2572918,29.4402484],[121.2572091,29.4400943],[121.2571454,29.4398383],[121.2569888,29.439424],[121.2568179,29.4390761],[121.256611,29.4386843],[121.2565542,29.4385831],[121.2563747,29.4383592],[121.2562268,29.4382456],[121.2560897,29.4381849],[121.2558969,29.4381115],[121.2556485,29.4380343],[121.2554152,29.4379525],[121.2553391,29.4379266],[121.2552928,29.4378651],[121.2552557,29.4377195],[121.2552442,29.4376046],[121.255213,29.4375341],[121.2550805,29.4374336],[121.2549329,29.4373421],[121.2548814,29.4372541],[121.2548291,29.4371086],[121.2548262,29.4368786],[121.2548395,29.436728],[121.2548473,29.4365376],[121.2547935,29.4362683],[121.2547251,29.4360434],[121.2544777,29.4356475],[121.2542201,29.4352297],[121.2541981,29.4350839],[121.2541275,29.4346776],[121.2540247,29.4341212],[121.2539308,29.4334673],[121.2539334,29.4332682],[121.2539771,29.4331218],[121.2540455,29.4325282],[121.2540759,29.4321209],[121.2541135,29.431895],[121.2541426,29.4318018],[121.2541868,29.4316952],[121.2541904,29.4315802],[121.2541897,29.4315226],[121.2541591,29.4315008],[121.2540122,29.4314623],[121.2539104,29.4313926],[121.2538694,29.4313398],[121.2537198,29.4310935],[121.2534735,29.4307729],[121.2533763,29.4306721],[121.2532998,29.4306108],[121.253183,29.4305589],[121.2530815,29.4305199],[121.2529798,29.4304634],[121.2529641,29.4304193],[121.2529528,29.4303221],[121.2529249,29.4301672],[121.2527931,29.4300581],[121.2527055,29.4299218],[121.2525862,29.4296664],[121.2525124,29.4294193],[121.2524191,29.4292167],[121.2523055,29.4290143],[121.2521324,29.428892],[121.2519276,29.4286728],[121.251774,29.4285016],[121.2515953,29.4283397],[121.2514203,29.4280715],[121.2512714,29.4278694],[121.2511126,29.4276851],[121.2510056,29.4276065],[121.2507735,29.4272194],[121.2505303,29.4268702],[121.2504266,29.4266715],[121.2503432,29.4263721],[121.25025,29.4261447],[121.2502195,29.4260182],[121.2501925,29.4258853],[121.2501954,29.4258282],[121.2502447,29.4257136],[121.2503617,29.4255159],[121.2504325,29.425382],[121.2505026,29.425188],[121.2505306,29.4251148],[121.2505263,29.4250609],[121.250511,29.4249914],[121.250485,29.4249409],[121.2503681,29.4248468],[121.2502261,29.4247784],[121.2500833,29.4246403],[121.2498733,29.4243411],[121.2496415,29.4240293],[121.2495024,29.4239007],[121.2493709,29.4238005],[121.2492026,29.4236562],[121.2491107,29.4235398],[121.2490772,29.4234577],[121.2490581,29.4233849],[121.2490386,29.4232678],[121.2490138,29.4230144],[121.2489557,29.4224031],[121.2489526,29.4221527],[121.2489607,29.4219338],[121.2489696,29.4217689],[121.2489396,29.4216804],[121.2489061,29.4216046],[121.2488256,29.4215325],[121.2486981,29.4214639],[121.2485197,29.4213704],[121.248374,29.4212958],[121.2482431,29.4212526],[121.2480256,29.4212166],[121.2477651,29.4212222],[121.2476709,29.4212167],[121.2476273,29.4211949],[121.2475907,29.4211667],[121.2475319,29.4210848],[121.2473785,29.4206837],[121.2471874,29.4201465],[121.2470045,29.4196916],[121.246883,29.4195184],[121.2467246,29.4192884],[121.2466036,29.4191628],[121.2464883,29.4189039],[121.2464024,29.4186923],[121.2463756,29.4185593],[121.2463558,29.4184264],[121.2463513,29.4183535],[121.2463483,29.4181095],[121.2463719,29.4179602],[121.246382,29.417903],[121.2464068,29.4178584],[121.2464389,29.4178232],[121.2464708,29.4177691],[121.2464951,29.4176801],[121.246501,29.4175722],[121.2464434,29.4172938],[121.2463987,29.4171927],[121.2463331,29.4171521],[121.2462386,29.4171213],[121.2460791,29.4171038],[121.2459882,29.4170697],[121.2458248,29.4170205],[121.2456509,29.4170031],[121.245325,29.4169808],[121.2448394,29.4169347],[121.2445495,29.4168929],[121.244319,29.416857],[121.2440062,29.416759],[121.2437154,29.4166397],[121.2434948,29.4165761],[121.2434301,29.4165392],[121.2433383,29.4164838],[121.2432467,29.4164376],[121.2431661,29.4164243],[121.2430324,29.4164443],[121.242872,29.4164788],[121.2427062,29.4165084],[121.2425564,29.4165239],[121.2424222,29.4165111],[121.2423254,29.4164791],[121.2422548,29.4164047],[121.2421829,29.4162271],[121.2421014,29.4161293],[121.2418904,29.4159595],[121.2417928,29.4158618],[121.2417052,29.415717],[121.2415501,29.4153006],[121.2414315,29.4147993],[121.2413476,29.4145184],[121.2413247,29.4143964],[121.2413061,29.41419],[121.2412673,29.4140871],[121.2411969,29.414022],[121.241014,29.4139627],[121.2405783,29.4138306],[121.2403682,29.4137339],[121.2401952,29.4136182],[121.2400483,29.4134317],[121.2399065,29.4132311],[121.2398514,29.4131096],[121.2398327,29.4128937],[121.2396204,29.4126187],[121.2395441,29.4125161],[121.2394934,29.4123147],[121.2394321,29.412118],[121.2393771,29.4120011],[121.2393105,29.4118139],[121.2392393,29.4116925],[121.2391419,29.4116135],[121.2390019,29.4115538],[121.2387605,29.4115326],[121.2386159,29.4115339],[121.2384923,29.4115163],[121.2384117,29.4114983],[121.2382175,29.411392],[121.2380502,29.411295],[121.2378348,29.4112078],[121.23762,29.4111722],[121.2373034,29.4111377],[121.2370885,29.411088],[121.2368087,29.4109967],[121.2365769,29.4108862],[121.2363664,29.4107613],[121.236167,29.4106692],[121.2359412,29.4106103],[121.2358335,29.410569],[121.235731,29.4105089],[121.2356332,29.4103925],[121.2355393,29.4101726],[121.2354678,29.4100183],[121.2354401,29.4099435],[121.2354021,29.4098968],[121.2353108,29.4098836],[121.2350649,29.4099328],[121.2346313,29.4099697],[121.2341491,29.4099789],[121.2330822,29.4099418],[121.232991,29.4099286],[121.2329371,29.4099009],[121.2327468,29.409682],[121.2324379,29.4093984],[121.2322218,29.4092501],[121.2319098,29.4091497],[121.2314461,29.4089192],[121.2310306,29.4086696],[121.2309175,29.408633],[121.2306869,29.4086117],[121.2302691,29.4086343],[121.2300865,29.4085938],[121.2298119,29.4084836],[121.2296178,29.4083961],[121.2293977,29.4083513],[121.2292315,29.4083528],[121.2290768,29.4084106],[121.2289655,29.4085196],[121.2288438,29.4086428],[121.2286839,29.40871],[121.2284754,29.4087495],[121.228256,29.4087797],[121.2280798,29.4088331],[121.2279735,29.4089092],[121.2278678,29.4090275],[121.2277933,29.4090752],[121.2276544,29.409114],[121.2274935,29.4090967],[121.2274235,29.4090692],[121.2273369,29.4090042],[121.2272456,29.4089816],[121.2270631,29.4089504],[121.2269933,29.408951],[121.2269078,29.4089706],[121.2268386,29.4090088],[121.2267477,29.4090191],[121.2265814,29.4090065],[121.2264264,29.4090409],[121.2262667,29.4091316],[121.2261769,29.4092404],[121.2260117,29.4093076],[121.2258404,29.409328],[121.2255984,29.4092645],[121.2252278,29.4091881],[121.2250075,29.4091384],[121.2247709,29.4090749],[121.2245185,29.4090255],[121.2243194,29.4089616],[121.2240097,29.4088717],[121.2239199,29.4086895],[121.2238773,29.4085068],[121.2239341,29.4081875],[121.2240462,29.4079797],[121.2242587,29.4077121],[121.224404,29.4074685],[121.2244428,29.4073383],[121.2244348,29.4072261],[121.224289,29.4068791],[121.2241775,29.4065731],[121.2241479,29.4063489],[121.2241593,29.4061717],[121.2242114,29.4060236],[121.224325,29.4059458],[121.2244053,29.4058978],[121.2244385,29.4058561],[121.2244577,29.4057674],[121.2244488,29.4055844],[121.2243983,29.4053132],[121.2243397,29.404363],[121.2242778,29.4036904],[121.224249,29.4035371],[121.2242411,29.4034368],[121.2243398,29.4032411],[121.2243584,29.403105],[121.2242749,29.4028873],[121.2242397,29.4027577],[121.224232,29.4026869],[121.2242981,29.4025742],[121.2246822,29.4020097],[121.2249486,29.4017415],[121.2252471,29.4013549],[121.2254131,29.4011407],[121.2256464,29.4009319],[121.225941,29.4007698],[121.2263562,29.4005474],[121.2266906,29.4003495],[121.2267841,29.4002778],[121.2268639,29.4001885],[121.2269164,29.4000758],[121.2269477,29.3998747],[121.2269844,29.3995555],[121.2270661,29.3990705],[121.2271308,29.3988396],[121.2271356,29.3986801],[121.2270905,29.3982908],[121.2270128,29.3979904],[121.2269533,29.3975245],[121.2268441,29.3968581],[121.2268342,29.3965866],[121.2267642,29.3963806],[121.2266123,29.3960749],[121.2264753,29.3958812],[121.2264402,29.3957635],[121.2264392,29.3956867],[121.2265389,29.3955736],[121.2266795,29.3954897],[121.2267586,29.3953472],[121.2268234,29.395134],[121.226875,29.3949445],[121.2267946,29.3944139],[121.2267321,29.3942608],[121.2266573,29.3942084],[121.2265621,29.3941385],[121.2264269,29.3941042],[121.2263123,29.3940994],[121.2262315,29.3941002],[121.226164,29.394089],[121.2260685,29.3939953],[121.2258431,29.3937435],[121.2254834,29.3935283],[121.2253547,29.3934705],[121.2252064,29.3934718],[121.2249049,29.3936164],[121.2246708,29.3937602],[121.2244965,29.3938386],[121.2242342,29.3938823],[121.2238913,29.3939386],[121.2235883,29.3939591],[121.2234332,29.3939606],[121.2232915,29.3939382],[121.2230818,29.3938693],[121.2226333,29.3935545],[121.2222867,29.3933097],[121.2221508,29.3932164],[121.2220283,29.3931113],[121.2218502,29.3928708],[121.2217059,29.3926418],[121.2216295,29.3924477],[121.221554,29.3923362],[121.2213908,29.3922136],[121.2208337,29.391829],[121.2204129,29.391573],[121.2203107,29.3914795],[121.2202625,29.3913973],[121.2202816,29.3913026],[121.2203674,29.3911483],[121.2206133,29.3908626],[121.2209658,29.3904755],[121.2212928,29.3902127],[121.2216211,29.3900562],[121.2217419,29.3900138],[121.2217952,29.38996],[121.22189,29.3894396],[121.2220535,29.3884578],[121.2222207,29.3877949],[121.2223245,29.3874632],[121.2224299,29.3872556],[121.2224219,29.3871494],[121.2223456,29.386973],[121.2219954,29.3864211],[121.2218084,29.3860036],[121.2217321,29.3858153],[121.2217239,29.3856973],[121.2217634,29.3856142],[121.2219367,29.3854532],[121.2225585,29.3850519],[121.2229522,29.3847352],[121.2232784,29.3844075],[121.2234251,29.3842703],[121.223558,29.3841214],[121.2236029,29.3839321],[121.2236709,29.3834236],[121.223725,29.3828798],[121.2238278,29.3824596],[121.2237793,29.382342],[121.2235055,29.3819901],[121.2232523,29.3816559],[121.2230591,29.3812797],[121.2229132,29.3809209],[121.2228083,29.3805911],[121.2227796,29.3804497],[121.2227711,29.3802962],[121.2227558,29.3801487],[121.2226991,29.379913],[121.2226507,29.3798072],[121.2225462,29.3795247],[121.2224563,29.3793306],[121.222441,29.3791772],[121.2224733,29.3790647],[121.2225996,29.3789219],[121.222908,29.3787891],[121.2232703,29.3786618],[121.2238138,29.3784738],[121.224216,29.3783047],[121.2245186,29.3782546],[121.2248146,29.3782166],[121.2249822,29.378156],[121.2250822,29.3780546],[121.2251478,29.3779064],[121.2251782,29.3776345],[121.2251742,29.3772979],[121.2252332,29.3771734],[121.2254381,29.3768408],[121.2255236,29.3766628],[121.2257233,29.3764662],[121.226016,29.3761564],[121.2262283,29.3758769],[121.2263203,29.3756812],[121.2266229,29.3750702],[121.2267949,29.374861],[121.226846,29.3747784],[121.2268454,29.3747237],[121.2268498,29.3746643],[121.2267756,29.3745556],[121.2265538,29.3743021],[121.2260892,29.3737681],[121.2259728,29.3736233],[121.225857,29.3735149],[121.2257783,29.37347],[121.2256897,29.3734617],[121.2255649,29.3734765],[121.2254097,29.3735601],[121.2252392,29.3736802],[121.2250383,29.3738599],[121.2249459,29.3739748],[121.2248638,29.3740713],[121.224786,29.374104],[121.2246663,29.3741097],[121.2245095,29.3740655],[121.2242216,29.3739369],[121.224033,29.3738429],[121.2238651,29.3737394],[121.2236809,29.3735722],[121.2235224,29.3733865],[121.2234272,29.3732733],[121.2233433,29.3732193],[121.2230716,29.3731396],[121.2227163,29.373047],[121.22246,29.3729534],[121.2222926,29.3728911],[121.222083,29.3727789],[121.2220197,29.3727064],[121.2220191,29.3726563],[121.2221371,29.3725136],[121.2222862,29.3723434],[121.2223519,29.372183],[121.2223343,29.3720234],[121.2222018,29.3718238],[121.2220171,29.3716246],[121.2216221,29.3712448],[121.2213163,29.3709373],[121.2212371,29.3708466],[121.2212098,29.3707373],[121.2212086,29.3706324],[121.2212644,29.3705132],[121.2213678,29.3704529],[121.2215022,29.3703695],[121.2215585,29.3702822],[121.2215734,29.3702227],[121.2215818,29.3700584],[121.2216067,29.3699577],[121.2217094,29.3698381],[121.2218539,29.3697272],[121.222164,29.369528],[121.2224436,29.3694023],[121.2226252,29.3693503],[121.2228542,29.3693346],[121.2232038,29.3693907],[121.2234381,29.3693885],[121.223625,29.3693412],[121.2237598,29.3692898],[121.2239255,29.3692152],[121.2239358,29.3692014],[121.2239458,29.3691694],[121.2239453,29.3691328],[121.2239135,29.369083],[121.2237658,29.36892],[121.2236708,29.3688113],[121.2236387,29.3687477],[121.2235902,29.3686112],[121.2235625,29.3684745],[121.2234779,29.3683612],[121.2232949,29.3683081],[121.2230859,29.3682369],[121.2230437,29.3681963],[121.2230272,29.3681464],[121.2230166,29.3681144],[121.223041,29.3679635],[121.2230648,29.3677807],[121.223006,29.3676534],[121.22288,29.3675633],[121.2227024,29.3675239],[121.2224726,29.3674666],[121.2222948,29.3674043],[121.222153,29.3673052],[121.2219793,29.367147],[121.2218522,29.3669656],[121.2217934,29.3668474],[121.2217563,29.3667884],[121.2214992,29.3666264],[121.2212419,29.3664462],[121.2209949,29.3662614],[121.220747,29.3659943],[121.2204573,29.3657185],[121.2203096,29.3655646],[121.2202351,29.3654283],[121.220212,29.3652414],[121.2202094,29.3650224],[121.2201876,29.3649358],[121.220103,29.364827],[121.219819,29.3645968],[121.2196666,29.364475],[121.219488,29.3643534],[121.2194143,29.3642901],[121.2193768,29.3641992],[121.2193652,29.3640989],[121.2194008,29.3640301],[121.2195859,29.3638366],[121.2197093,29.363694],[121.2198482,29.3635558],[121.2200368,29.3632163],[121.2201191,29.3631334],[121.220264,29.3630499],[121.2203516,29.3629761],[121.2203614,29.3629211],[121.2203552,29.3628391],[121.2203073,29.3627574],[121.2202331,29.3626439],[121.2200646,29.3624857],[121.2200218,29.3623993],[121.2200208,29.3623172],[121.2200517,29.3622758],[121.2200878,29.3622527],[121.2201242,29.3622432],[121.2201867,29.3622427],[121.2202597,29.3622602],[121.2203066,29.3622598],[121.2203584,29.3622365],[121.2204561,29.3621352],[121.2206097,29.3619193],[121.2206652,29.3617726],[121.2206645,29.3617134],[121.2206272,29.3616407],[121.2204898,29.3614638],[121.2203726,29.3612504],[121.2202597,29.3609501],[121.2202452,29.3606079],[121.2202089,29.3601747],[121.2202185,29.3601106],[121.2202488,29.3600327],[121.2203772,29.3598809],[121.2204903,29.3597567],[121.2205936,29.3596964],[121.2206296,29.3596458],[121.2206028,29.3595822],[121.2204509,29.359506],[121.2200266,29.3592953],[121.2196026,29.3591075],[121.2192839,29.3590191],[121.2189441,29.3589127],[121.2187244,29.3588279],[121.2185777,29.3587425],[121.2185196,29.3586791],[121.2184459,29.3586113],[121.2182836,29.3585399],[121.2181374,29.3585047],[121.2179238,29.3584883],[121.2176529,29.3584772],[121.2174243,29.3585203],[121.2172374,29.3585722],[121.217036,29.358711],[121.216918,29.3588581],[121.2167743,29.3590329],[121.2166252,29.3591895],[121.2165215,29.3592315],[121.2163761,29.3592602],[121.216142,29.3592852],[121.2157306,29.3592843],[121.2154962,29.3592728],[121.215298,29.3592427],[121.21511,29.3591941],[121.2149478,29.3591318],[121.2148215,29.3590142],[121.2147414,29.3588506],[121.2146924,29.358673],[121.2146554,29.3586277],[121.2145874,29.3585964],[121.2144516,29.3585657],[121.2139176,29.3583195],[121.2134572,29.3581411],[121.2130598,29.3579986],[121.2127933,29.3579189],[121.2123909,29.3577993],[121.2119156,29.3576667],[121.2112839,29.3575264],[121.2109549,29.3574563],[121.2104022,29.3573837],[121.2097873,29.3573437],[121.2095742,29.3573233],[121.209438,29.3573103],[121.2093388,29.3572839],[121.2093019,29.3572431],[121.2093011,29.3571746],[121.2093127,29.3568459],[121.2093054,29.3566588],[121.2092941,29.3565904],[121.209162,29.3564319],[121.2090564,29.3563005],[121.2089657,29.3561187],[121.2088841,29.3558228],[121.2088043,29.3556774],[121.2086523,29.3555875],[121.2083547,29.3555309],[121.2081618,29.3555098],[121.2080469,29.3554743],[121.2080046,29.3554199],[121.2079457,29.355279],[121.2079181,29.3551514],[121.2078597,29.355056],[121.2077072,29.3549296],[121.2075341,29.354817],[121.2074079,29.3547132],[121.2071443,29.3544417],[121.2067864,29.3541208],[121.2065128,29.3538722],[121.2061663,29.3536334],[121.2059932,29.3535164],[121.2058879,29.3534214],[121.2057615,29.3532994],[121.2056824,29.3532088],[121.2055016,29.3528954],[121.2054326,29.3527774],[121.2053612,29.3524723],[121.2053178,29.3523174],[121.2052945,29.3521077],[121.2052761,29.3518705],[121.2052667,29.3515191],[121.2052393,29.3514006],[121.2052281,29.351387],[121.205139,29.3512783],[121.2049763,29.3511657],[121.2048456,29.3511257],[121.2045593,29.3511329],[121.2041069,29.351178],[121.2037225,29.3512592],[121.2033288,29.3514225],[121.2029815,29.3515579],[121.2028466,29.3516048],[121.2026594,29.3516293],[121.2024772,29.3516173],[121.2022946,29.3515916],[121.2021172,29.3515658],[121.2019142,29.3515722],[121.2016386,29.3515975],[121.2015396,29.3515984],[121.2015084,29.3515941],[121.2014663,29.3515488],[121.2014183,29.351467],[121.2013751,29.351326],[121.2013109,29.351185],[121.2012419,29.351067],[121.2011716,29.3508531],[121.201038,29.350553],[121.2009887,29.350348],[121.2008776,29.3501985],[121.2007351,29.3500308],[121.2006299,29.3499313],[121.200456,29.3497594],[121.2002993,29.3497152],[121.2001478,29.3496663],[121.2000166,29.3495762],[121.1998679,29.3493356],[121.1997046,29.3491773],[121.1994833,29.3489557],[121.1991043,29.3485939],[121.1987879,29.3482499],[121.1985817,29.3479869],[121.1984759,29.3478464],[121.198302,29.3476653],[121.1980814,29.347503],[121.1977025,29.3471549],[121.1975342,29.3470149],[121.1973398,29.346866],[121.1972346,29.3467756],[121.1971656,29.346653],[121.1971379,29.3465164],[121.197142,29.3464204],[121.1972221,29.346155],[121.1971944,29.3460046],[121.1970881,29.3458184],[121.1969458,29.3456736],[121.1967621,29.3455475],[121.1966156,29.3454849],[121.1964124,29.3454685],[121.1960896,29.3454714],[121.1958452,29.3455009],[121.1957461,29.3454835],[121.1956416,29.3454524],[121.1955523,29.3453803],[121.1954569,29.3452396],[121.1952977,29.3449809],[121.1951235,29.344777],[121.1949292,29.3446372],[121.1947616,29.3445474],[121.1945105,29.3444447],[121.1942596,29.3443556],[121.1940195,29.3443075],[121.1936704,29.3442833],[121.1933111,29.3442728],[121.1929876,29.344221],[121.1926175,29.3441786],[121.1923361,29.3441492],[121.1917524,29.3441088],[121.1906541,29.3441323],[121.190149,29.3441231],[121.1900707,29.3441055],[121.1900445,29.3440875],[121.1900543,29.3440327],[121.1902096,29.3439582],[121.1903436,29.3438429],[121.1905584,29.3435124],[121.1907123,29.3433193],[121.1908723,29.34319],[121.1910105,29.3429925],[121.1910864,29.3428047],[121.1910992,29.3425672],[121.1910374,29.3421706],[121.1910173,29.3417919],[121.1909628,29.3415733],[121.1909511,29.3414638],[121.1909868,29.3413996],[121.1911364,29.3412796],[121.1913018,29.3411822],[121.1913533,29.3411315],[121.1913836,29.3410492],[121.191382,29.3409168],[121.1913493,29.3407892],[121.1913535,29.3406934],[121.1914253,29.3406015],[121.1915439,29.3405045],[121.1917142,29.3403798],[121.1918221,29.3402555],[121.1919722,29.3397338],[121.1920464,29.3393953],[121.1920437,29.3391626],[121.191937,29.3389399],[121.1917647,29.3384575],[121.1917325,29.3383711],[121.1917366,29.3382752],[121.1917617,29.3381974],[121.1919733,29.3380358],[121.192133,29.3378928],[121.1922877,29.3377682],[121.192354,29.3376581],[121.1923842,29.3375619],[121.1923932,29.3374386],[121.1923657,29.337311],[121.1922485,29.3370884],[121.1920098,29.3367025],[121.1919355,29.33658],[121.1918922,29.3364434],[121.1919165,29.3362926],[121.1919601,29.3360137],[121.1919635,29.3358539],[121.1919416,29.3357583],[121.1918828,29.3356309],[121.1918087,29.3355221],[121.1917349,29.3354451],[121.1916305,29.3354187],[121.1915574,29.3354011],[121.1914996,29.3353605],[121.1914307,29.3352516],[121.191367,29.3351517],[121.1912936,29.3351067],[121.1911368,29.3350488],[121.190834,29.3349738],[121.1907189,29.3349292],[121.1906349,29.3348615],[121.1905499,29.3347117],[121.190506,29.3345249],[121.1905039,29.3343423],[121.1905486,29.3341594],[121.1906407,29.3340124],[121.1908876,29.3337591],[121.1909794,29.3336032],[121.1910631,29.3333426],[121.1911037,29.3332772],[121.191289,29.3330568],[121.1914475,29.3328189],[121.1915627,29.3326836],[121.1916663,29.3325768],[121.1918259,29.3324483],[121.191961,29.3322811],[121.1920112,29.3320872],[121.1919917,29.3317941],[121.1918455,29.3313502],[121.1917499,29.3311002],[121.1917234,29.3308032],[121.1917363,29.3305279],[121.1918119,29.3301913],[121.1919882,29.3298586],[121.19229,29.3295102],[121.1923995,29.3294227],[121.1926003,29.3292252],[121.1927012,29.3290278],[121.1927431,29.3288225],[121.1927167,29.3286354],[121.1926136,29.3284313],[121.1925759,29.3283151],[121.1926201,29.3279649],[121.1926176,29.3277493],[121.1925631,29.3275625],[121.1924517,29.3273444],[121.1921545,29.3270821],[121.1920482,29.3269524],[121.1920145,29.326829],[121.1920377,29.3267404],[121.1923772,29.3263355],[121.1924588,29.3262277],[121.19247,29.32615],[121.192437,29.3260831],[121.1922386,29.3259965],[121.1920567,29.3259558],[121.1915389,29.3257801],[121.1909607,29.3256051],[121.1907667,29.3255574],[121.1904519,29.3255213],[121.1901776,29.3254885],[121.1898546,29.3254418],[121.1895721,29.3253984],[121.1894633,29.3253994],[121.1893064,29.3254255],[121.189109,29.3254308],[121.1890837,29.3254248],[121.1890731,29.3253231],[121.189115,29.3252331],[121.1891869,29.3251741],[121.1894339,29.3249961],[121.1894879,29.3248744],[121.1894446,29.3247232],[121.1893382,29.3244939],[121.1892613,29.3244339],[121.1891634,29.3243439],[121.1889884,29.3241635],[121.1888977,29.3240916],[121.18887,29.3240918],[121.1887873,29.3241108],[121.1886974,29.3241176],[121.188635,29.324106],[121.1885792,29.3240701],[121.1884951,29.3239739],[121.1883371,29.3238412],[121.1881832,29.3237578],[121.1880298,29.3236966],[121.1878763,29.3236489],[121.187794,29.3235738],[121.1877469,29.323467],[121.1877237,29.3232218],[121.1877309,29.3229628],[121.1877145,29.3228647],[121.1875917,29.3228167],[121.1874285,29.3228003],[121.1872607,29.3228242],[121.1871689,29.3228071],[121.1869575,29.3225903],[121.1868486,29.3224216],[121.1867962,29.3222972],[121.1867434,29.3221325],[121.1866662,29.3220662],[121.1865433,29.3220048],[121.1864665,29.3219742],[121.1861864,29.3219767],[121.1858504,29.3219931],[121.1853214,29.3220521],[121.1848326,29.3220609],[121.1841652,29.3220535],[121.1838239,29.3220475],[121.1836204,29.3220627],[121.1835389,29.3220634],[121.1833042,29.3220254],[121.1831663,29.3219953],[121.18311,29.321969],[121.1830988,29.3218797],[121.1830938,29.3214466],[121.1831237,29.3209594],[121.1831464,29.3207181],[121.1831126,29.320428],[121.1832014,29.3197439],[121.183298,29.3192918],[121.1833566,29.3190724],[121.1835562,29.3187088],[121.1838161,29.3182911],[121.1842149,29.3175372],[121.1845244,29.3169939],[121.1846537,29.3167204],[121.1847575,29.3164514],[121.1848448,29.3160665],[121.1849978,29.3156542],[121.1850467,29.3154752],[121.1851146,29.3151843],[121.1851531,29.3149874],[121.1851983,29.3149334],[121.1852741,29.3148746],[121.1853346,29.3148294],[121.1853848,29.3147665],[121.1854393,29.314632],[121.1854578,29.3144754],[121.1854253,29.3142971],[121.1854294,29.3142122],[121.1854492,29.3141628],[121.1855261,29.3142113],[121.1857622,29.3143701],[121.1861627,29.3146479],[121.1865993,29.3149745],[121.1869746,29.3152749],[121.187401,29.3155927],[121.18775,29.3158219],[121.1879809,29.3159628],[121.1882929,29.316085],[121.1883647,29.3161201],[121.1888239,29.316407],[121.1890884,29.3165598],[121.1895418,29.3168049],[121.1898388,29.3169762],[121.1904808,29.3173004],[121.1911292,29.3177086],[121.1919341,29.3182001],[121.1923775,29.3185065],[121.1927468,29.3188936],[121.192796,29.3189732],[121.1928284,29.319001],[121.1928657,29.3189726],[121.192955,29.3188118],[121.1931281,29.3184857],[121.1933089,29.3183429],[121.1934687,29.3182569],[121.1937442,29.3179533],[121.1939667,29.3177255],[121.1940998,29.3176349],[121.1943397,29.3175105],[121.1946548,29.3173995],[121.1949538,29.3172793],[121.1952525,29.3171354],[121.1954438,29.3169832],[121.1956978,29.316694],[121.1959205,29.3164709],[121.1961061,29.3162811],[121.1963018,29.3160535],[121.1964235,29.3159113],[121.1965064,29.3156566],[121.1965619,29.3153597],[121.1966674,29.3152129],[121.1967728,29.315052],[121.1969456,29.3146883],[121.1970651,29.3143627],[121.1972308,29.3138625],[121.1972409,29.3137966],[121.1971588,29.3136609],[121.1968094,29.3131325],[121.1965572,29.3126644],[121.1962781,29.3121917],[121.1961192,29.3119063],[121.1959027,29.3112685],[121.1957211,29.3108797],[121.1956749,29.3106026],[121.1956027,29.3099212],[121.1956277,29.3097751],[121.1955505,29.3095877],[121.195414,29.3093866],[121.1951574,29.3089984],[121.1951452,29.3088715],[121.1951712,29.3087961],[121.1953076,29.3085361],[121.1955081,29.3082521],[121.1957154,29.3080997],[121.1958433,29.3080233],[121.1959067,29.3079474],[121.1960528,29.307598],[121.1962036,29.3071875],[121.1962432,29.3069049],[121.1962266,29.306858],[121.1959901,29.3068177],[121.1954256,29.3067006],[121.1950217,29.3065537],[121.1947306,29.3064246],[121.1944385,29.3062155],[121.194309,29.3061367],[121.1941799,29.3061049],[121.1938846,29.3060793],[121.1937231,29.3060244],[121.1935232,29.3058992],[121.1928918,29.3055661],[121.1923528,29.305331],[121.1920078,29.3051695],[121.1915714,29.305004],[121.1910692,29.3047074],[121.1906376,29.3044902],[121.190379,29.3043843],[121.1901148,29.3042597],[121.1898662,29.3040926],[121.1897038,29.3039717],[121.1893903,29.3037534],[121.1891363,29.3035862],[121.1889949,29.3034182],[121.1887989,29.3031706],[121.1885861,29.3028479],[121.1884545,29.3026045],[121.1883384,29.3025163],[121.1881519,29.3023758],[121.1879768,29.3022551],[121.1878795,29.302216],[121.1878083,29.3022016],[121.1877089,29.3022225],[121.1875645,29.3022862],[121.1874679,29.3023095],[121.1873997,29.3023125],[121.1873025,29.302276],[121.1870866,29.3020634],[121.1868301,29.3017887],[121.1867125,29.3017124],[121.1865152,29.301632],[121.1863862,29.3015564],[121.1862232,29.3014904],[121.1860293,29.3014597],[121.1857698,29.301417],[121.1855674,29.3013839],[121.1854563,29.3013849],[121.1852919,29.3014512],[121.1850913,29.3015778],[121.1850011,29.3016374],[121.1848816,29.3016484],[121.1847676,29.3016294],[121.1845331,29.3015366],[121.1844474,29.3015174],[121.1843339,29.3015434],[121.1841362,29.3016799],[121.1840124,29.3017959],[121.183859,29.3018222],[121.1836426,29.3018141],[121.1835003,29.3018104],[121.183323,29.3017421],[121.1831517,29.3016937],[121.182941,29.3016956],[121.1826966,29.3017177],[121.1825487,29.3017289],[121.1825453,29.3014294],[121.1825251,29.3011599],[121.1826095,29.300585],[121.1825855,29.3004704],[121.1821799,29.2998548],[121.1818716,29.2992883],[121.1810663,29.2980622],[121.1806205,29.297412],[121.1804314,29.2972989],[121.1803868,29.2972828],[121.1800141,29.2971477],[121.1793625,29.2969138],[121.1790373,29.2968518],[121.1787834,29.2965445],[121.1781562,29.2959558],[121.1778402,29.295699],[121.1771208,29.2950114],[121.1765523,29.294572],[121.175807,29.2941042],[121.1755663,29.2939615],[121.1749927,29.2935922],[121.1745283,29.2932967],[121.1740177,29.2929467],[121.1739715,29.2928871],[121.1739652,29.2928322],[121.1739982,29.292737],[121.1740943,29.2926763],[121.1742135,29.2926502],[121.1743785,29.2926438],[121.1745888,29.2926219],[121.1748731,29.2925895],[121.17506,29.292508],[121.1751614,29.2924172],[121.175268,29.2922815],[121.1753284,29.2920862],[121.1753384,29.2919663],[121.1752795,29.2917921],[121.175227,29.2916827],[121.1751947,29.2915654],[121.1752245,29.2913334],[121.1753176,29.2909297],[121.1753925,29.2907294],[121.1754722,29.2905826],[121.1755205,29.2905429],[121.1756829,29.290513],[121.1759068,29.2905288],[121.1760739,29.2905702],[121.176286,29.2906182],[121.1764205,29.2906526],[121.1765671,29.2906621],[121.1766972,29.2906609],[121.1768149,29.2906385],[121.1769121,29.2906055],[121.1770212,29.2905439],[121.1771257,29.2904289],[121.1771698,29.2903725],[121.1772247,29.2901972],[121.1772556,29.2900542],[121.1773043,29.2896899],[121.1773746,29.289436],[121.1773936,29.2893181],[121.1773554,29.2891828],[121.1773139,29.2891082],[121.1771788,29.2890309],[121.1770565,29.2889999],[121.1769423,29.2889795],[121.1767882,29.2890165],[121.1766263,29.289075],[121.1764888,29.2891476],[121.1764239,29.2891625],[121.1763101,29.2891706],[121.1762205,29.2891607],[121.1761428,29.2891222],[121.1760564,29.2890301],[121.1759982,29.2889272],[121.1759383,29.2886637],[121.1758842,29.2885607],[121.1758059,29.2884722],[121.1756793,29.2884234],[121.1754023,29.2883794],[121.1751779,29.2883172],[121.1750591,29.2882433],[121.1749649,29.2881871],[121.1748657,29.2880453],[121.1748442,29.2879313],[121.1748428,29.2878171],[121.1748744,29.2877383],[121.1749384,29.2876415],[121.1750589,29.287512],[121.1752365,29.2873891],[121.1754149,29.2873447],[121.1755901,29.2873789],[121.1758233,29.2874946],[121.176036,29.2875998],[121.1761174,29.2876097],[121.1761823,29.2875913],[121.176348,29.2875007],[121.1764483,29.2873856],[121.1764677,29.2873034],[121.1765029,29.2871853],[121.1764933,29.2870534],[121.176418,29.2868721],[121.1762865,29.2867484],[121.1760287,29.2866151],[121.1758206,29.2865456],[121.1755634,29.2864586],[121.1753919,29.2863924],[121.1752525,29.2863009],[121.1751743,29.2862124],[121.175119,29.2859988],[121.1750881,29.285785],[121.175021,29.2856072],[121.174922,29.2854903],[121.1747908,29.2853916],[121.1746356,29.2853358],[121.1744929,29.2853015],[121.1742936,29.2853032],[121.1741023,29.2852906],[121.1739801,29.2852774],[121.1738619,29.2852606],[121.1737884,29.2852256],[121.1737226,29.2851727],[121.1736647,29.285084],[121.1736594,29.2849663],[121.1737213,29.2846981],[121.1737678,29.284498],[121.1738215,29.284205],[121.1738753,29.2839369],[121.1738739,29.2838121],[121.17384,29.2836911],[121.1737208,29.2835779],[121.1735244,29.2834762],[121.1732218,29.2833361],[121.1730375,29.2832129],[121.1729261,29.2830711],[121.1728596,29.2829505],[121.1728209,29.2827689],[121.1728157,29.2826726],[121.1728324,29.282362],[121.1728543,29.2821442],[121.1728568,29.2819943],[121.1728312,29.281891],[121.1727152,29.2817066],[121.1724756,29.2813769],[121.1723926,29.2812349],[121.1723545,29.2810997],[121.1723406,29.2809535],[121.1723414,29.2806717],[121.1723467,29.2804254],[121.1723248,29.2802972],[121.1722624,29.2801694],[121.1720734,29.2800033],[121.1719583,29.2798866],[121.1719043,29.2797907],[121.1718627,29.2797055],[121.1718206,29.2795774],[121.1718263,29.2793669],[121.1718795,29.2790418],[121.1718892,29.2788205],[121.1718306,29.2786712],[121.1716437,29.2783303],[121.1715278,29.2781457],[121.1714412,29.2780395],[121.1714122,29.2779969],[121.1714077,29.2779613],[121.1714587,29.2778039],[121.1715038,29.2774681],[121.171553,29.2771609],[121.171543,29.2769897],[121.1715126,29.2768258],[121.171458,29.2766729],[121.1713627,29.2765239],[121.1713001,29.2763782],[121.1712746,29.2762857],[121.1712852,29.2761464],[121.1713406,29.2760103],[121.1714845,29.2757915],[121.1716688,29.2755472],[121.1719655,29.2751772],[121.172166,29.2749257],[121.1723305,29.2747351],[121.1724623,29.2745199],[121.1727652,29.2739964],[121.1729795,29.2735379],[121.1731066,29.2732763],[121.1731971,29.2730115],[121.1732589,29.2727291],[121.1733359,29.272343],[121.1734173,29.2719928],[121.173559,29.2715813],[121.1736294,29.2713416],[121.1737208,29.2711517],[121.1737999,29.2709655],[121.1739123,29.2708431],[121.1740252,29.270753],[121.1741424,29.2706949],[121.1743939,29.2706392],[121.1747392,29.2706183],[121.1751334,29.2705934],[121.1754908,29.2705582],[121.1758801,29.2704655],[121.17603,29.2704179],[121.1762403,29.2703232],[121.1763695,29.2702364],[121.1764378,29.2701681],[121.1764774,29.270075],[121.1764965,29.2699749],[121.1764918,29.2699143],[121.1764708,29.2698538],[121.1764338,29.2698185],[121.1763849,29.2698153],[121.176308,29.2698374],[121.1762432,29.2698665],[121.176166,29.2698743],[121.1760725,29.2698716],[121.1759826,29.2698332],[121.1759049,29.2697874],[121.175831,29.2697239],[121.1757855,29.2696601],[121.1757517,29.2695462],[121.1757114,29.2692219],[121.175744,29.2688755],[121.1757701,29.268654],[121.1758054,29.2685503],[121.1758215,29.2685251],[121.1758698,29.2684891],[121.175951,29.2684847],[121.1761711,29.2685257],[121.1765256,29.2685903],[121.1767414,29.268617],[121.1769933,29.2685969],[121.1771838,29.2685488],[121.1773535,29.2684581],[121.1774624,29.2683823],[121.1775753,29.2682921],[121.1776273,29.2682203],[121.1776303,29.2681239],[121.177576,29.2679995],[121.1774482,29.2678437],[121.1773656,29.2677338],[121.1772588,29.2676455],[121.1771442,29.2675823],[121.1770544,29.2675439],[121.1769649,29.267534],[121.1767094,29.2675933],[121.1765144,29.2676129],[121.1763964,29.2675997],[121.1762415,29.2675721],[121.1762048,29.2675656],[121.1761026,29.267513],[121.1760202,29.2674245],[121.1759379,29.2673361],[121.1759205,29.2672399],[121.1759381,29.26699],[121.1759808,29.2668219],[121.1759709,29.2666722],[121.1759563,29.2664547],[121.1759173,29.2662374],[121.1758974,29.2659236],[121.1758565,29.2655422],[121.1758335,29.2653176],[121.1758401,29.264811],[121.1758195,29.2644366],[121.1757925,29.2642156],[121.1757536,29.2640054],[121.1756616,29.2637815],[121.1755329,29.2635436],[121.175355,29.2632776],[121.1751609,29.2630189],[121.1750331,29.2628595],[121.1749516,29.2628494],[121.1748542,29.2628645],[121.1746873,29.2628518],[121.1744709,29.2627644],[121.174201,29.2626313],[121.174001,29.2625617],[121.1738584,29.2625451],[121.1737531,29.262571],[121.1735628,29.2626512],[121.1734097,29.2627666],[121.173269,29.2629071],[121.1732174,29.2630217],[121.1732068,29.2631646],[121.1732247,29.2633106],[121.1733667,29.2636376],[121.1733926,29.2637694],[121.1733936,29.2638586],[121.1733702,29.2639408],[121.1733428,29.2640374],[121.1732828,29.2641164],[121.1731738,29.2641851],[121.173008,29.264265],[121.172866,29.2642878],[121.1726582,29.2642503],[121.1722865,29.2640965],[121.1720046,29.2639813],[121.1718579,29.2639505],[121.1717848,29.2639582],[121.1716795,29.2639949],[121.171607,29.2640633],[121.1715514,29.2641887],[121.171501,29.2643961],[121.171489,29.2647708],[121.1714593,29.2650244],[121.1713884,29.2652212],[121.1713045,29.2653539],[121.1711517,29.2655016],[121.1710589,29.265563],[121.1706827,29.2657268],[121.1701889,29.2659309],[121.1700314,29.2660251],[121.1699309,29.2661188],[121.1696971,29.2663063],[121.1695278,29.2664326],[121.1692807,29.2665169],[121.1690982,29.2665577],[121.1688016,29.2665853],[121.1685576,29.2665767],[121.1683171,29.2665253],[121.1678112,29.2663656],[121.1675178,29.2663182],[121.1672537,29.2663348],[121.166962,29.2664194],[121.1667877,29.266478],[121.1664838,29.2665663],[121.1662445,29.2666112],[121.1659968,29.2666383],[121.1657404,29.2666155],[121.1655243,29.2665639],[121.1651686,29.2663851],[121.1648243,29.2661526],[121.164484,29.2658952],[121.1642012,29.2657086],[121.163989,29.2656427],[121.1638302,29.2656155],[121.1636384,29.26556],[121.1634174,29.26543],[121.163294,29.2652991],[121.1632315,29.265164],[121.1632342,29.2650498],[121.1632738,29.264946],[121.1634297,29.2647128],[121.1635542,29.2645726],[121.163637,29.2643435],[121.1637505,29.2639572],[121.1638288,29.2636961],[121.1638826,29.2634102],[121.1639109,29.2630389],[121.1639825,29.2621892],[121.1640619,29.2616604],[121.1640561,29.2614964],[121.1640138,29.2613576],[121.1639021,29.2611802],[121.1637053,29.2610392],[121.1634134,29.2607563],[121.162973,29.2602785],[121.1626896,29.2600276],[121.1623164,29.2597383],[121.1619189,29.2594635],[121.1616367,29.2593161],[121.1615098,29.2592459],[121.1615045,29.2591317],[121.1614493,29.258565],[121.1614342,29.2583082],[121.1614089,29.2578731],[121.1614147,29.2576661],[121.1614495,29.2575053],[121.1615244,29.2572906],[121.1616401,29.2571005],[121.1617727,29.2569673],[121.1618893,29.2568379],[121.161957,29.2567196],[121.1619561,29.2566375],[121.161741,29.2563147],[121.1615468,29.2560417],[121.1615087,29.2559099],[121.161511,29.2557458],[121.1615686,29.2554493],[121.1617221,29.2550091],[121.1618164,29.2547157],[121.1618706,29.2544798],[121.161876,29.2542371],[121.161807,29.253888],[121.161761,29.2537707],[121.1616508,29.2533756],[121.1614798,29.252999],[121.1613958,29.2527606],[121.1612469,29.2525407],[121.1609965,29.2523217],[121.1607998,29.2521771],[121.1606642,29.2520606],[121.1605944,29.2519934],[121.1605233,29.2518192],[121.1603997,29.251674],[121.1601704,29.2515298],[121.1599252,29.2514142],[121.1596476,29.2513131],[121.1595616,29.2512639],[121.159206,29.2510743],[121.1589682,29.2509015],[121.1587714,29.2507498],[121.1586191,29.250587],[121.1583882,29.2502964],[121.1583471,29.2502575],[121.158363,29.2502289],[121.1585048,29.2501741],[121.1586218,29.2501017],[121.1587142,29.2500011],[121.1589743,29.2497289],[121.159193,29.2495864],[121.1595269,29.2494517],[121.1600009,29.2493202],[121.160401,29.2492771],[121.1608814,29.2492642],[121.1610718,29.2492713],[121.1612514,29.2492126],[121.1616602,29.2490597],[121.1620846,29.2489594],[121.1623641,29.2488867],[121.1627242,29.2488571],[121.1629497,29.2488772],[121.1633313,29.2489661],[121.1635873,29.2490298],[121.163983,29.2490439],[121.1644784,29.2490221],[121.1647881,29.2489622],[121.1651534,29.2489458],[121.165609,29.2489463],[121.1659744,29.2489475],[121.1660095,29.2489472],[121.1660443,29.2489293],[121.1660689,29.2488851],[121.1661217,29.2486914],[121.1662293,29.2484619],[121.1664862,29.2481609],[121.166694,29.2479482],[121.1668474,29.2477931],[121.1668818,29.2477313],[121.1668803,29.2475995],[121.1667967,29.2472971],[121.1666266,29.2468635],[121.1663865,29.2464484],[121.1663768,29.2464368],[121.1660873,29.2460951],[121.165758,29.2457553],[121.165575,29.245502],[121.1655529,29.2453308],[121.1656197,29.2450315],[121.1657247,29.2445825],[121.1658013,29.2442654],[121.1659147,29.2441151],[121.166017,29.2438682],[121.1661479,29.2434936],[121.1662319,29.2429524],[121.1662575,29.2425612],[121.1662096,29.2423112],[121.1660417,29.242071],[121.165905,29.2419404],[121.1656787,29.2418413],[121.1653323,29.2417565],[121.1650363,29.2417063],[121.1648507,29.2416684],[121.1647803,29.2416426],[121.1646945,29.241573],[121.1647081,29.2414543],[121.164817,29.241348],[121.1650955,29.2411786],[121.1652744,29.2410671],[121.1653742,29.2410399],[121.1655192,29.2410211],[121.1657339,29.2409665],[121.1659973,29.240806],[121.1663406,29.240623],[121.1667083,29.2403868],[121.1669923,29.2402657],[121.1673268,29.2401837],[121.1676264,29.2401196],[121.1676764,29.2401192],[121.1677313,29.2400967],[121.1677154,29.2400221],[121.1675015,29.2396989],[121.1673183,29.2394325],[121.1671994,29.2391084],[121.1671622,29.2389117],[121.1671343,29.2386283],[121.1671706,29.2382529],[121.1672727,29.237955],[121.1675128,29.2375003],[121.167719,29.2371426],[121.1677715,29.2369225],[121.167862,29.2365132],[121.1678857,29.2359549],[121.1678979,29.2357],[121.1678534,29.2353138],[121.1677381,29.2348579],[121.1676647,29.2345642],[121.1675575,29.2343527],[121.1674839,29.2342447],[121.1674527,29.2342358],[121.167302,29.2342646],[121.1671101,29.2343302],[121.1669863,29.2344318],[121.1669149,29.2345695],[121.1668704,29.234771],[121.1668411,29.2349403],[121.1667799,29.2350505],[121.1666567,29.2352069],[121.1665536,29.2352992],[121.1662535,29.2354527],[121.1660515,29.2355596],[121.1659173,29.2356566],[121.1658035,29.235717],[121.165653,29.235764],[121.1654088,29.2358073],[121.1652789,29.2358221],[121.1650765,29.2358878],[121.1648903,29.23599],[121.1647661,29.2360597],[121.1646625,29.2361017],[121.1644338,29.2361356],[121.1641634,29.2361654],[121.1639608,29.2362083],[121.1638,29.2362646],[121.1636709,29.236348],[121.16345,29.2366194],[121.1632027,29.2368455],[121.1629444,29.2370168],[121.1627064,29.2371606],[121.162499,29.2372263],[121.162343,29.2372505],[121.1621555,29.2372384],[121.1619935,29.237185],[121.161852,29.237104],[121.1617936,29.2370085],[121.161792,29.2368669],[121.1619605,29.2365775],[121.1622131,29.2363423],[121.1624923,29.2361799],[121.1627928,29.2360494],[121.162932,29.2359202],[121.1629762,29.2358619],[121.1632871,29.2355262],[121.1636973,29.2350058],[121.1640381,29.2345522],[121.1642461,29.2343132],[121.1643306,29.2341323],[121.164361,29.2339566],[121.1643567,29.2335724],[121.1643366,29.2332311],[121.1643603,29.2329369],[121.1644214,29.2326139],[121.1645205,29.2322904],[121.164687,29.2317246],[121.1647641,29.2313778],[121.1648685,29.2310496],[121.164931,29.2308404],[121.1649501,29.2306173],[121.1649675,29.2302568],[121.1650077,29.2299909],[121.1649898,29.2298393],[121.1648744,29.2296742],[121.164639,29.2294012],[121.1645431,29.2292677],[121.1644576,29.2291277],[121.1643772,29.2288476],[121.1641917,29.2280952],[121.1641318,29.2278581],[121.1641414,29.227785],[121.1641922,29.2276794],[121.164389,29.2275772],[121.1647156,29.2274647],[121.165032,29.2273615],[121.1651872,29.2272732],[121.165285,29.2271719],[121.165366,29.2269838],[121.1654367,29.2267821],[121.1654782,29.226302],[121.1654973,29.2261601],[121.1655422,29.2259816],[121.1656848,29.2257061],[121.1657818,29.2255317],[121.1659352,29.2252927],[121.1660277,29.2251914],[121.1663695,29.2250285],[121.1665351,29.2249402],[121.1670225,29.2247715],[121.1672302,29.2247285],[121.1672664,29.2247054],[121.167302,29.2246319],[121.1673098,29.2243942],[121.1673195,29.2238733],[121.1672909,29.2236541],[121.1672528,29.2235037],[121.1668515,29.223009],[121.1665773,29.2226962],[121.1663245,29.2224333],[121.1660354,29.2221799],[121.1657829,29.2219536],[121.1656083,29.2216947],[121.1655644,29.2214986],[121.1655204,29.2212888],[121.1655333,29.2210602],[121.1655921,29.2207398],[121.1656206,29.2204973],[121.1656225,29.2202003],[121.1655989,29.2199583],[121.1654061,29.2194756],[121.1652252,29.2191299],[121.1650084,29.2188393],[121.1648415,29.2188041],[121.1644974,29.2187569],[121.1643306,29.2187401],[121.1641529,29.2186776],[121.1639226,29.2185654],[121.1637181,29.2184255],[121.1635918,29.2183123],[121.1635388,29.2182214],[121.1634317,29.2179619],[121.1632917,29.2175472],[121.1631157,29.2171695],[121.1628872,29.2167602],[121.1626546,29.2164378],[121.1624788,29.2160829],[121.1623801,29.2156405],[121.1621811,29.2150664],[121.1619518,29.2145887],[121.1617815,29.2142611],[121.1617331,29.2141106],[121.1617473,29.2139871],[121.1618332,29.2137624],[121.1620325,29.2134363],[121.1622977,29.2129542],[121.1623327,29.2128214],[121.1622888,29.2126162],[121.1621077,29.2122521],[121.1620751,29.2121381],[121.1621092,29.211923],[121.1621677,29.2115798],[121.1622267,29.2113858],[121.162243,29.2113324],[121.1624122,29.2110979],[121.1625414,29.2110236],[121.1626308,29.2109918],[121.1628837,29.2108444],[121.163185,29.2107422],[121.1634281,29.2107353],[121.1636656,29.2107095],[121.1638489,29.2106795],[121.1642364,29.2105433],[121.1645541,29.2104552],[121.164861,29.2103624],[121.1652816,29.2102829],[121.1655139,29.2102809],[121.1657028,29.2102602],[121.1659293,29.210225],[121.1660694,29.2101906],[121.1663986,29.2101546],[121.166766,29.2101514],[121.166998,29.2101257],[121.1673915,29.2100417],[121.1677311,29.209977],[121.168076,29.2098982],[121.1683827,29.2097816],[121.168549,29.2096759],[121.1686766,29.2094946],[121.1688037,29.2092753],[121.169023,29.2090837],[121.169329,29.2089151],[121.1696616,29.2087034],[121.169811,29.2085361],[121.1698915,29.2083228],[121.1700419,29.2081479],[121.1702498,29.2079523],[121.1704959,29.2078177],[121.1706192,29.2077599],[121.1709041,29.2077101],[121.1712209,29.2076222],[121.1713551,29.2075832],[121.1716025,29.2075526],[121.1718018,29.2075557],[121.1719148,29.2075405],[121.1719468,29.2075071],[121.1719787,29.2074784],[121.1719894,29.2074689],[121.1721696,29.2076896],[121.1723714,29.2079101],[121.172572,29.2080218],[121.1727608,29.2080485],[121.1730576,29.2080931],[121.1732686,29.2081811],[121.1734589,29.2083309],[121.1739011,29.208691],[121.1744376,29.2091712],[121.1746747,29.20936],[121.174793,29.2094277],[121.1748584,29.20945],[121.1750239,29.2094486],[121.1754678,29.2094561],[121.176069,29.2095167],[121.1766272,29.209615],[121.1769108,29.2096813],[121.1770243,29.2096994],[121.1771501,29.2096754],[121.1773364,29.2095973],[121.1775057,29.2095615],[121.177944,29.2094659],[121.1783001,29.209394],[121.1785123,29.2093119],[121.1786511,29.2092648],[121.1789686,29.2092544],[121.1791993,29.2092599],[121.179412,29.2092123],[121.1796382,29.2092065],[121.1798609,29.2092656],[121.1799873,29.2092913],[121.1801356,29.2093205],[121.1802662,29.2093194],[121.1804051,29.2092952],[121.1805648,29.2091754],[121.1807061,29.2089678],[121.1808044,29.208818],[121.1809074,29.2086871],[121.1810368,29.2085905],[121.1811319,29.2085286],[121.1812004,29.2084362],[121.1812643,29.2083172],[121.1812762,29.2082217],[121.1813063,29.2079714],[121.1813281,29.2078827],[121.1813765,29.2078451],[121.181503,29.2078155],[121.1817921,29.207773],[121.1820033,29.2077454],[121.1821141,29.2077672],[121.1822553,29.2078745],[121.1824862,29.2081493],[121.1825355,29.2081974],[121.1826665,29.2084004],[121.18282,29.2085022],[121.1830911,29.2086182],[121.1833747,29.2086769],[121.1836009,29.2086787],[121.183953,29.208645],[121.1842961,29.2085808],[121.1846911,29.2084933],[121.1850039,29.2084485],[121.1851164,29.2084017],[121.1852352,29.2083408],[121.185485,29.2082056],[121.1857074,29.2081267],[121.1859817,29.2080543],[121.1861008,29.2080043],[121.1862555,29.2079259],[121.1864209,29.207746],[121.186633,29.2074678],[121.1867236,29.207363],[121.1868185,29.2072887],[121.186878,29.2072567],[121.1870725,29.2071813],[121.1872272,29.2071064],[121.1873775,29.2070001],[121.1875955,29.2068826],[121.187897,29.2067433],[121.1881158,29.2066854],[121.1882909,29.2066593],[121.1883507,29.2066587],[121.1885081,29.2067265],[121.188778,29.2068723],[121.1892643,29.2072689],[121.189576,29.2075886],[121.1897229,29.2078357],[121.1898809,29.2081916],[121.1899571,29.2083347],[121.1901477,29.2084944],[121.190449,29.2086149],[121.1907361,29.2087176],[121.191092,29.2087792],[121.1913319,29.2087932],[121.1916176,29.2087704],[121.1917237,29.2087695],[121.1918949,29.2088084],[121.1919737,29.2088522],[121.1920106,29.2088479],[121.1920426,29.2088192],[121.1920701,29.2088109],[121.1921348,29.2088184],[121.1922231,29.2088823],[121.1922603,29.2089064],[121.192302,29.2089181],[121.1923711,29.2089093],[121.1925043,29.2088677],[121.1925966,29.208879],[121.1926803,29.2089309],[121.1927827,29.2090028],[121.1928799,29.2090344],[121.1930413,29.2090409],[121.1931565,29.2090238],[121.1932439,29.2090108],[121.1933503,29.2090302],[121.1934151,29.2090539],[121.1934794,29.2090331],[121.1935066,29.2089883],[121.1935889,29.2089321],[121.1937769,29.2088332],[121.1939504,29.2086859],[121.1940413,29.2085758],[121.194158,29.2084075],[121.1942289,29.2083046],[121.1943438,29.2081721],[121.1944038,29.208084],[121.1945346,29.2078882],[121.194677,29.207736],[121.1948647,29.2076661],[121.1950422,29.2076694],[121.1952029,29.2076728],[121.1953415,29.2076619],[121.1955126,29.207602],[121.1956504,29.2075325],[121.1958374,29.2073946],[121.196036,29.2073101],[121.1962464,29.2072838],[121.1966014,29.2072953],[121.196979,29.2073455],[121.1972185,29.2074358],[121.1974136,29.2075314],[121.1975916,29.2075688],[121.1978743,29.207571],[121.1981068,29.2075447],[121.1983059,29.2074893],[121.1983944,29.2074739],[121.1984665,29.2074733],[121.1985557,29.2075212],[121.1985955,29.2076035],[121.1986578,29.2077149],[121.1987415,29.207758],[121.1989086,29.2078344],[121.1990155,29.20796],[121.1991012,29.2081784],[121.1992194,29.2083281],[121.1993154,29.2085158],[121.199433,29.2086458],[121.1996675,29.2088233],[121.1997627,29.208934],[121.1998422,29.2091129],[121.1999151,29.209185],[121.2000926,29.209232],[121.2003645,29.2093071],[121.2008577,29.2093852],[121.2010688,29.2094658],[121.2013976,29.2096716],[121.2014923,29.2097241],[121.2015589,29.2097477],[121.2016474,29.2097469],[121.2017356,29.2097122],[121.2018068,29.2096582],[121.201867,29.2096043],[121.201972,29.2095937],[121.2021705,29.2095481],[121.2022862,29.2095034],[121.2023463,29.2094398],[121.2024773,29.2092845],[121.2025651,29.2092254],[121.2026365,29.2091811],[121.2026917,29.2091758],[121.2028415,29.2092035],[121.2030584,29.2093084],[121.2032525,29.2093504],[121.2034628,29.209363],[121.2036947,29.2093222],[121.2038877,29.2092767],[121.2040316,29.2092754],[121.2044312,29.2093932],[121.2047091,29.2095073],[121.2049533,29.2095731],[121.2052356,29.2095899],[121.2056064,29.209606],[121.2059829,29.2096415],[121.2061834,29.2097514],[121.2062286,29.2098384],[121.2062114,29.2102513],[121.2062803,29.2104741],[121.2063825,29.2106965],[121.206489,29.2108267],[121.2067683,29.2110573],[121.2071475,29.2112696],[121.2072468,29.2112861],[121.2074846,29.211284],[121.2077453,29.2113448],[121.2079448,29.211377],[121.208044,29.2113469],[121.2082251,29.2112239],[121.2084601,29.2109741],[121.2085746,29.2108419],[121.2086516,29.2107976],[121.2087398,29.2107773],[121.2088335,29.2107424],[121.2089433,29.2106687],[121.2090143,29.2105952],[121.2092385,29.2103698],[121.2095732,29.2101385],[121.20982,29.2099566],[121.209902,29.2098781],[121.2099342,29.2097856],[121.2099761,29.2095909],[121.2100133,29.2094595],[121.210018,29.2093963],[121.210086,29.2095268],[121.2101321,29.2096867],[121.2101949,29.2098512],[121.2101821,29.2101767],[121.210157,29.2103954],[121.2101143,29.210527],[121.2101262,29.2105949],[121.2102165,29.2107446],[121.2103231,29.2108796],[121.210435,29.2109806],[121.2106854,29.2111143],[121.2108362,29.2112393],[121.2109046,29.2114086],[121.2109019,29.2116515],[121.2109922,29.2118011],[121.2111546,29.2119745],[121.2115896,29.2122766],[121.2119028,29.2125602],[121.2120701,29.2126753],[121.2123144,29.2127556],[121.2125305,29.2127876],[121.2128232,29.2127462],[121.2132198,29.2126066],[121.2134564,29.2124976],[121.2134893,29.2124682],[121.2135225,29.2124679],[121.2140389,29.2131091],[121.2142964,29.2133593],[121.2143406,29.2133686],[121.2145397,29.213362],[121.2149272,29.2133924],[121.2150489,29.2133913],[121.2151483,29.2133807],[121.2152636,29.213302],[121.2153568,29.2132331],[121.2154009,29.2132132],[121.2154561,29.213208],[121.2156221,29.2132112],[121.215838,29.2132239],[121.2159982,29.213203],[121.2161029,29.2131729],[121.2161743,29.2131334],[121.2162783,29.2130353],[121.21637,29.2128354],[121.2166221,29.2126389],[121.2168526,29.2124813],[121.2172264,29.2122837],[121.217424,29.2121605],[121.217484,29.2120823],[121.2174989,29.2119365],[121.2175029,29.2118101],[121.2174186,29.2116943],[121.21734,29.2116028],[121.2172725,29.2115014],[121.2172151,29.2113271],[121.2171525,29.2111771],[121.2170296,29.2110714],[121.2169903,29.2110329],[121.2169842,29.2109844],[121.2170054,29.2109065],[121.2170374,29.2107994],[121.2170366,29.2107363],[121.2170803,29.2106824],[121.2171843,29.2105941],[121.2172603,29.2104671],[121.2172149,29.2103656],[121.2170173,29.2100322],[121.2168441,29.2098881],[121.2167107,29.2098359],[121.216649,29.2097637],[121.2165637,29.2095701],[121.2163545,29.2091787],[121.216286,29.2089949],[121.2162576,29.2089271],[121.2161738,29.2088599],[121.2160845,29.2087927],[121.2160558,29.2087414],[121.2160383,29.2086688],[121.2160211,29.2085944],[121.2159989,29.2085377],[121.2159223,29.2084625],[121.2158783,29.2083965],[121.2158564,29.2083683],[121.2157934,29.2082928],[121.2155808,29.2081605],[121.2153007,29.2079835],[121.2152266,29.2079161],[121.2151151,29.2077823],[121.2151061,29.2077409],[121.215136,29.2077178],[121.2154067,29.2076549],[121.2158239,29.2075905],[121.2163828,29.2074795],[121.2167603,29.2073475],[121.2171075,29.2071855],[121.2173433,29.2070888],[121.217631,29.2070067],[121.2179538,29.2069697],[121.2184184,29.2069087],[121.2188394,29.2068027],[121.2192168,29.2066517],[121.2194047,29.2065063],[121.2195323,29.2063727],[121.2196083,29.2062396],[121.2196895,29.2061897],[121.2197713,29.2061814],[121.219875,29.2062068],[121.2200311,29.2062887],[121.2201266,29.2063408],[121.2202,29.206359],[121.2202821,29.2063772],[121.2204167,29.2064668],[121.2205902,29.2065635],[121.2207457,29.2065962],[121.220914,29.2066135],[121.2211606,29.2066983],[121.2212947,29.2067501],[121.2213508,29.2067533],[121.221411,29.2067376],[121.2214878,29.2066764],[121.2214999,29.2066044],[121.2214642,29.2065064],[121.2214322,29.2063478],[121.2214568,29.2062379],[121.2215065,29.2060785],[121.2215607,29.2059229],[121.2215539,29.2057149],[121.2215134,29.2055678],[121.2214779,29.2054773],[121.2215014,29.2052842],[121.2215337,29.2051024],[121.2215585,29.2050075],[121.2215319,29.2049548],[121.2214535,29.2048798],[121.221332,29.2047978],[121.2213099,29.2047601],[121.2212746,29.2046848],[121.2212694,29.2046091],[121.2213373,29.2045328],[121.2215084,29.2044178],[121.2216708,29.2043143],[121.2217256,29.2042078],[121.2217917,29.2039726],[121.2219924,29.2034487],[121.2221607,29.2031105],[121.2221854,29.203012],[121.2221586,29.202929],[121.222061,29.2026991],[121.2220292,29.2025595],[121.2220234,29.2024385],[121.2221071,29.2022296],[121.222332,29.20194],[121.2224722,29.2017723],[121.2226423,29.2015855],[121.2229026,29.2013674],[121.2232746,29.2011332],[121.2236292,29.2008728],[121.2238424,29.2006855],[121.224095,29.2005546],[121.2242712,29.2005114],[121.2244819,29.2004753],[121.2246108,29.2004439],[121.2248035,29.2003475],[121.2249785,29.2002022],[121.2250718,29.2000802],[121.2251517,29.1999168],[121.2252225,29.1997082],[121.2253494,29.1995102],[121.225507,29.1993537],[121.2255883,29.1993075],[121.2257384,29.1992532],[121.2259319,29.1992174],[121.2262077,29.1992263],[121.2264927,29.1992804],[121.2268906,29.1994053],[121.2273832,29.1995294],[121.2276168,29.1995992],[121.2276555,29.1995912],[121.2277536,29.1995109],[121.227915,29.1993202],[121.2280336,29.1991413],[121.2281729,29.1989055],[121.2284071,29.1986688],[121.2286204,29.1984854],[121.2288125,29.1983474],[121.2290779,29.1981936],[121.2292363,29.1981126],[121.229404,29.1980809],[121.2296284,29.198109],[121.2299524,29.198178],[121.2300733,29.1982034],[121.2301724,29.1982025],[121.2302542,29.1982055],[121.2302972,29.1981938],[121.2303141,29.1981633],[121.2301814,29.1978732],[121.2300696,29.1975338],[121.229933,29.1972741],[121.2298144,29.1970898],[121.2297209,29.1968371],[121.2295973,29.1965811],[121.2294244,29.1961741],[121.2293532,29.195978],[121.2292999,29.1958499],[121.2292846,29.1956495],[121.2291161,29.1952577],[121.2289573,29.1949375],[121.2288251,29.194689],[121.228731,29.1943835],[121.2286892,29.1941342],[121.2286807,29.1937825],[121.2287356,29.1933242],[121.2288134,29.1929867],[121.2288767,29.1925132],[121.2289244,29.1921799],[121.2289252,29.191881],[121.2289697,29.1916423],[121.2290236,29.1914602],[121.229172,29.1912697],[121.2292313,29.1911822],[121.2292607,29.1911176],[121.2292556,29.1910571],[121.2291937,29.1909139],[121.2288542,29.1906295],[121.2286235,29.1904311],[121.2285317,29.1903185],[121.2284467,29.1900506],[121.2283699,29.1897525],[121.2282348,29.1892582],[121.2282065,29.1890503],[121.228228,29.1886832],[121.2281717,29.1883017],[121.2281093,29.1881283],[121.2280521,29.1880153],[121.2279716,29.1877815],[121.227916,29.1874528],[121.2278869,29.1871732],[121.2278883,29.186931],[121.2278646,29.1867534],[121.2277623,29.186482],[121.2276824,29.1862784],[121.2276801,29.1860856],[121.2277029,29.1858319],[121.2278562,29.1853236],[121.2279294,29.1849596],[121.2279841,29.18449],[121.227996,29.184036],[121.2280041,29.1839942],[121.2280342,29.1839903],[121.2280949,29.1840237],[121.2282026,29.1840189],[121.2283445,29.1840063],[121.2284648,29.1839712],[121.2285631,29.1839097],[121.2286569,29.1838256],[121.2286905,29.1837534],[121.2287026,29.1836853],[121.2286973,29.1835983],[121.2287382,29.1834164],[121.2288471,29.1831543],[121.228891,29.1828588],[121.2288928,29.1826621],[121.228913,29.1825408],[121.2289806,29.1824381],[121.2291133,29.1823574],[121.2292724,29.1823371],[121.2295247,29.1821872],[121.2298715,29.1819986],[121.2303129,29.1818056],[121.2306994,29.1817112],[121.2308584,29.1816757],[121.2309525,29.1816143],[121.2311146,29.1814842],[121.2312212,29.1813961],[121.2313054,29.1812327],[121.2314071,29.1810843],[121.2315336,29.1808637],[121.231596,29.1806816],[121.2317435,29.1804041],[121.231841,29.1802821],[121.2319605,29.1801789],[121.2320546,29.1801213],[121.2321744,29.1800559],[121.2322556,29.1800022],[121.2323194,29.1799335],[121.2324074,29.1797246],[121.2324864,29.1794893],[121.232567,29.1793864],[121.2327932,29.1792103],[121.2330751,29.1790034],[121.2332886,29.1788539],[121.2336268,29.1786844],[121.2340727,29.1784987],[121.234342,29.1783259],[121.2346365,29.1781038],[121.2348117,29.1779886],[121.2349361,29.1779345],[121.2350609,29.1779258],[121.2353063,29.177916],[121.2355731,29.1778908],[121.2358303,29.1777901],[121.2360019,29.1777318],[121.2360747,29.1776933],[121.2361256,29.1776209],[121.2362696,29.1774267],[121.2363457,29.1773011],[121.2363925,29.1772553],[121.2365978,29.1771323],[121.2369403,29.1769551],[121.2372404,29.1768388],[121.2376092,29.1766954],[121.2380515,29.1765854],[121.2382575,29.1765192],[121.2384758,29.1764037],[121.2387449,29.1762121],[121.2391189,29.1757925],[121.2394361,29.1753053],[121.2396254,29.1749291],[121.2397092,29.1747278],[121.2398004,29.1744318],[121.2398467,29.1743368],[121.2399699,29.1741995],[121.2400332,29.1740967],[121.2400925,29.1740054],[121.2401171,29.1738993],[121.2401805,29.1738003],[121.2403081,29.1736705],[121.2404572,29.1735291],[121.2405375,29.1734035],[121.2408015,29.1731514],[121.2410954,29.1728687],[121.2413004,29.1727269],[121.2414802,29.1726381],[121.2416388,29.1725686],[121.2417498,29.1724918],[121.2418303,29.17237],[121.2418592,29.1722677],[121.2418324,29.1721885],[121.2417752,29.1720906],[121.2416578,29.1720047],[121.2415659,29.1718845],[121.2414741,29.1717681],[121.2414685,29.1716623],[121.2414895,29.1716128],[121.2416782,29.1715467],[121.2418197,29.1714963],[121.2419867,29.1714115],[121.2421443,29.1712663],[121.2422629,29.17111],[121.2423984,29.1709083],[121.242492,29.1708166],[121.2425432,29.1707707],[121.2426161,29.1707435],[121.242698,29.1707504],[121.2427888,29.1707798],[121.2428666,29.1708055],[121.2429833,29.1708272],[121.2430952,29.1708262],[121.2432626,29.170783],[121.2433699,29.1707479],[121.2434472,29.1707284],[121.2436326,29.1707493],[121.2437275,29.1707598],[121.243861,29.1707547],[121.2439597,29.1707236],[121.2440451,29.1706623],[121.2440699,29.1705674],[121.2440724,29.1704274],[121.2441099,29.1703173],[121.2441602,29.1702072],[121.2442066,29.1701273],[121.2443095,29.1700847],[121.2444172,29.17008],[121.2445847,29.1700482],[121.2447221,29.1700052],[121.2448802,29.1699016],[121.2452437,29.1696864],[121.245431,29.1695069],[121.245592,29.1692821],[121.2457488,29.1690689],[121.2458761,29.1689126],[121.2460044,29.1688319],[121.2461284,29.1687627],[121.2463047,29.1687345],[121.2465415,29.1687248],[121.246696,29.1686855],[121.2467988,29.1686316],[121.2469226,29.1685435],[121.2470284,29.1683835],[121.2470844,29.1680274],[121.2471101,29.1676603],[121.2471129,29.1675354],[121.2470464,29.1666696],[121.2470446,29.166436],[121.2470292,29.1661949],[121.246949,29.165757],[121.2469461,29.1655212],[121.247012,29.1652903],[121.2470842,29.1650593],[121.2470885,29.1648893],[121.2470122,29.1647858],[121.2466082,29.1644403],[121.2465066,29.1643095],[121.2464673,29.1641673],[121.2464783,29.1640354],[121.2465644,29.1639194],[121.2467004,29.1638084],[121.2467369,29.1637202],[121.2467361,29.1636543],[121.2467044,29.1636163],[121.2465163,29.1635631],[121.2462967,29.1634829],[121.2462336,29.1634286],[121.2462204,29.1633738],[121.2462194,29.163297],[121.2462622,29.1632088],[121.2463361,29.1631313],[121.2465107,29.1630968],[121.2466541,29.1630789],[121.2467286,29.1630344],[121.2467714,29.1629571],[121.2468517,29.162885],[121.2469447,29.1628238],[121.2470318,29.1627956],[121.2471381,29.1627946],[121.247251,29.162832],[121.2473888,29.1628691],[121.2474447,29.1628412],[121.2475004,29.1627967],[121.2475181,29.1627088],[121.2475342,29.1624892],[121.2476075,29.1623513],[121.2476572,29.1623289],[121.2477694,29.1623059],[121.247907,29.1623211],[121.2479692,29.1623041],[121.2480187,29.1622652],[121.2480368,29.1622047],[121.2480356,29.1621059],[121.2480722,29.1620342],[121.2481216,29.1619844],[121.2483272,29.1619385],[121.2485327,29.1618818],[121.2487313,29.1617756],[121.2488738,29.1616755],[121.2490285,29.1615589],[121.2492141,29.1614034],[121.2495738,29.1611861],[121.2497721,29.1610526],[121.2499201,29.1608921],[121.2499995,29.1607378],[121.250048,29.1606165],[121.2501585,29.1604619],[121.2504185,29.1602674],[121.250915,29.1599938],[121.2512929,29.1599564],[121.2515522,29.1599691],[121.2517724,29.1599519],[121.2520739,29.1598847],[121.2522334,29.1598567],[121.2523246,29.1599013],[121.2526297,29.1601259],[121.2531775,29.1604173],[121.2534338,29.1605325],[121.2536202,29.1605877],[121.2538618,29.160574],[121.2540817,29.160534],[121.2542831,29.1603993],[121.2544745,29.1601548],[121.2545681,29.1600439],[121.2547115,29.1597579],[121.254757,29.159583],[121.2548952,29.1592327],[121.2549846,29.1591218],[121.2550577,29.1590908],[121.2551656,29.1590936],[121.2552698,29.1591343],[121.2554533,29.1593033],[121.2556558,29.1594559],[121.2557715,29.1595432],[121.2559236,29.1596176],[121.256036,29.1596279],[121.2561265,29.1596044],[121.2562078,29.1595429],[121.2562883,29.1594131],[121.2563837,29.1590935],[121.2565015,29.1588344],[121.2566378,29.15867],[121.2567877,29.15857],[121.2570933,29.158476],[121.2576396,29.1582887],[121.2580473,29.15808],[121.258652,29.157729],[121.2590556,29.1575279],[121.2592794,29.1574613],[121.2594996,29.1574517],[121.2596162,29.1574582],[121.2596809,29.1574424],[121.2597191,29.1573927],[121.2597561,29.1572406],[121.2597104,29.1570362],[121.2595626,29.1566088],[121.2594763,29.1562568],[121.2593909,29.155992],[121.2591492,29.1556452],[121.2587284,29.1551483],[121.2584644,29.1547524],[121.2583016,29.1545073],[121.2580606,29.1542211],[121.2578028,29.153977],[121.2573974,29.1536773],[121.2570323,29.1534834],[121.2568584,29.1533901],[121.2565499,29.153228],[121.2563677,29.1531614],[121.25616,29.1531406],[121.2559612,29.1531273],[121.2557451,29.1531066],[121.2556234,29.153047],[121.2553791,29.152852],[121.2551447,29.1527555],[121.2549542,29.1527194],[121.2548062,29.1526297],[121.2545453,29.1524804],[121.2542938,29.1523993],[121.2540772,29.1523482],[121.2537492,29.152374],[121.2536197,29.1523752],[121.2535332,29.1523608],[121.2534884,29.1522398],[121.2533101,29.1517786],[121.253081,29.1514013],[121.2529054,29.1511677],[121.2526093,29.1509732],[121.2521929,29.1508253],[121.2519759,29.1507438],[121.2518462,29.1507299],[121.251802,29.1506544],[121.2519628,29.1503797],[121.2525393,29.1494713],[121.2528536,29.1490359],[121.2531269,29.1487753],[121.2533742,29.148515],[121.253433,29.1483778],[121.2533795,29.1482417],[121.2533788,29.148181],[121.2536543,29.1481101],[121.254093,29.1479542],[121.2546535,29.1478731],[121.2548517,29.1478334],[121.2549546,29.1477717],[121.2550735,29.1476036],[121.2553611,29.1471],[121.2556836,29.1466341],[121.2558889,29.1464652],[121.2560351,29.1464108],[121.2563112,29.1463854],[121.2564402,29.1463388],[121.2565686,29.1462389],[121.2567656,29.146108],[121.2570059,29.1459843],[121.2571609,29.145945],[121.2572126,29.1459294],[121.2571421,29.1458238],[121.2569837,29.1455824],[121.2569122,29.1453782],[121.2568655,29.1450903],[121.2569127,29.1447104],[121.2569061,29.1441641],[121.2566391,29.1442349],[121.2561996,29.1443149],[121.2560359,29.1443468],[121.2559307,29.1442264],[121.255946,29.1440668],[121.2560211,29.1438461],[121.2559919,29.1435732],[121.2559113,29.1433387],[121.2558811,29.1429824],[121.2556708,29.1427339],[121.2553476,29.1424334],[121.2552507,29.1422825],[121.2552657,29.1421003],[121.255334,29.1420313],[121.2554893,29.1420147],[121.2555051,29.1418932],[121.2554589,29.1416432],[121.2552682,29.1415918],[121.2549123,29.1414434],[121.2547987,29.1413382],[121.2545366,29.1410978],[121.2543184,29.1409026],[121.2541192,29.1408589],[121.2539117,29.1408457],[121.2539368,29.1407847],[121.2541242,29.1405629],[121.2544718,29.1400285],[121.2548605,29.1393115],[121.2552747,29.1385792],[121.2554359,29.1383272],[121.2554761,29.1380841],[121.2554298,29.1378265],[121.2551922,29.1374721],[121.255163,29.1371992],[121.2552592,29.1365836],[121.2553064,29.1362038],[121.2553798,29.135854],[121.2553822,29.135338],[121.2553512,29.1349133],[121.2552049,29.134247],[121.2550529,29.1338234],[121.2548826,29.133309],[121.2545703,29.1324848],[121.2544113,29.1321903],[121.2542274,29.1319871],[121.2539585,29.131891],[121.2537245,29.1318173],[121.2535774,29.131796],[121.2535078,29.1317586],[121.2534369,29.1316075],[121.2531889,29.1311014],[121.2528182,29.1304372],[121.2526762,29.1301273],[121.2525314,29.1295747],[121.2523967,29.129151],[121.2521844,29.1287356],[121.2520603,29.1284712],[121.2519797,29.1282443],[121.2520288,29.1280086],[121.2522567,29.1275815],[121.2525623,29.1271385],[121.2527498,29.1269319],[121.252904,29.1268242],[121.2531446,29.1267309],[121.2533341,29.1266836],[121.2534367,29.1266068],[121.2535115,29.1263557],[121.2536419,29.125717],[121.253707,29.1253901],[121.2538766,29.1251381],[121.2540004,29.1249852],[121.254335,29.1248568],[121.2544638,29.1248133],[121.254589,29.1247303],[121.2546123,29.1246693],[121.2546001,29.1246483],[121.2545579,29.1246487],[121.2543631,29.1247188],[121.2541047,29.1247778],[121.2538474,29.1247979],[121.2536701,29.1247939],[121.253459,29.1247404],[121.2533291,29.1246809],[121.2530714,29.1245295],[121.2527277,29.1243592],[121.2525666,29.1242857],[121.2524703,29.1242631],[121.2523252,29.12418],[121.2521302,29.1239473],[121.2518923,29.1236916],[121.2517685,29.1236083],[121.2516117,29.1234503],[121.251492,29.1232591],[121.2513059,29.1228856],[121.2510356,29.1225973],[121.2508529,29.1225005],[121.2506647,29.1224358],[121.2504518,29.1223912],[121.2503062,29.1223332],[121.2502184,29.1222492],[121.2501148,29.122068],[121.2500182,29.1216335],[121.2500076,29.1215859],[121.2499317,29.1212984],[121.2498885,29.1209131],[121.2499083,29.1205539],[121.2500238,29.1201202],[121.2501635,29.1197033],[121.2502285,29.1194907],[121.2504089,29.1192473],[121.250537,29.1190638],[121.2507235,29.1189263],[121.2508191,29.1188363],[121.250937,29.1187227],[121.2510609,29.1186159],[121.2511898,29.1185314],[121.2512998,29.1184754],[121.2514718,29.1183681],[121.2516623,29.1182174],[121.2518298,29.118128],[121.2520013,29.117991],[121.2521542,29.1179008],[121.2522386,29.1178802],[121.252284,29.1178691],[121.2522981,29.1178657],[121.2525337,29.1178508],[121.2527017,29.1178196],[121.2528455,29.117776],[121.2530281,29.1177489],[121.2531582,29.1177647],[121.2533131,29.1178351],[121.2536554,29.1178953],[121.253935,29.1179308],[121.2540358,29.1179129],[121.2541602,29.1178525],[121.2543412,29.1176986],[121.2545169,29.1175067],[121.2546268,29.1174381],[121.2547464,29.1173819],[121.2548902,29.1173383],[121.255116,29.1173024],[121.2552885,29.1172458],[121.2555748,29.1170486],[121.2558133,29.1168687],[121.2559892,29.116698],[121.2561233,29.1166418],[121.256373,29.1166056],[121.2564783,29.1165539],[121.2566212,29.1164299],[121.2567206,29.1162937],[121.256816,29.1162252],[121.2569309,29.1161776],[121.2570708,29.1162102],[121.2571966,29.1162639],[121.2572831,29.1162589],[121.2573407,29.1162457],[121.2574789,29.1161302],[121.2576552,29.115989],[121.2578706,29.1158897],[121.2580337,29.1158544],[121.2582165,29.1158526],[121.2583279,29.115915],[121.2583721,29.115978],[121.2583493,29.116084],[121.2582685,29.1161736],[121.2580965,29.1162682],[121.2577523,29.116449],[121.2573022,29.1166393],[121.2572932,29.1166985],[121.257299,29.1167829],[121.2573481,29.1168671],[121.2574935,29.1169419],[121.2576623,29.1169783],[121.2579315,29.1169589],[121.2582487,29.1169263],[121.2584263,29.1168951],[121.2585897,29.1168723],[121.2587922,29.1169043],[121.2589324,29.116958],[121.2590579,29.1169906],[121.2591403,29.1170363],[121.2591893,29.117112],[121.2592327,29.1171243],[121.2592706,29.1170732],[121.2592877,29.1168955],[121.2593108,29.1168191],[121.2593905,29.1166407],[121.2595233,29.1164873],[121.2596764,29.116414],[121.2598539,29.11637],[121.2599403,29.1163566],[121.2600126,29.1163643],[121.2601236,29.1163929],[121.2601866,29.1164261],[121.2602637,29.116438],[121.260331,29.1164331],[121.2604448,29.1162968],[121.2604962,29.1161652],[121.2604929,29.1156876],[121.2604624,29.115561],[121.2604811,29.1155101],[121.2606458,29.11561],[121.2611426,29.1160958],[121.2612395,29.1161457],[121.2613744,29.1161698],[121.2614984,29.1160756],[121.2616566,29.1156258],[121.2617879,29.1153541],[121.2618529,29.1151589],[121.2618618,29.1150911],[121.2619095,29.1150653],[121.262044,29.1150472],[121.2620918,29.1150129],[121.2620911,29.1149621],[121.2618675,29.1147782],[121.2616821,29.1145685],[121.2617289,29.1144582],[121.2617856,29.1143731],[121.2619876,29.1143627],[121.2625935,29.1143316],[121.2626991,29.1143138],[121.2628045,29.1142705],[121.2629102,29.114261],[121.2630738,29.1142595],[121.2631989,29.1142583],[121.2634483,29.1141967],[121.2635325,29.1140014],[121.2635884,29.1138486],[121.2636072,29.1138062],[121.263655,29.1137804],[121.2637223,29.1137797],[121.2638682,29.1139053],[121.2640228,29.1139545],[121.2647481,29.1142437],[121.2649127,29.1143267],[121.2649699,29.1142754],[121.2649187,29.1140307],[121.2648396,29.1138538],[121.2648383,29.1137439],[121.2649139,29.1136417],[121.2649124,29.1135148],[121.2649217,29.1134894],[121.2649404,29.1134469],[121.2650552,29.1133867],[121.2654324,29.1135353],[121.2660321,29.1137918],[121.2663113,29.1137976],[121.2667047,29.1137093],[121.2666552,29.1135914],[121.2666912,29.1133881],[121.2667183,29.113244],[121.2668319,29.1130908],[121.2667718,29.1128969],[121.2666822,29.1126524],[121.266699,29.1124578],[121.2668215,29.1122368],[121.2669446,29.1120749],[121.266951,29.1118211],[121.2668583,29.1117421],[121.2666926,29.1117176],[121.2664725,29.1116004],[121.2662995,29.1114671],[121.2661849,29.111271],[121.2660752,29.1110125],[121.2659917,29.1109407],[121.2659324,29.1109205],[121.2658792,29.110921],[121.2657977,29.1110204],[121.2656923,29.1111044],[121.2655572,29.1111731],[121.2655341,29.1112097],[121.2655418,29.1113549],[121.265525,29.1114329],[121.2654899,29.1114592],[121.2654544,29.1114595],[121.2652641,29.1113575],[121.265045,29.1113233],[121.264915,29.1113245],[121.2648387,29.1113719],[121.2647623,29.1114037],[121.2646852,29.1113785],[121.26469,29.1112903],[121.2646475,29.1111868],[121.2645107,29.1111259],[121.2642448,29.1111232],[121.2638914,29.1112199],[121.263757,29.1113458],[121.2637061,29.1115278],[121.2636891,29.1115902],[121.2636131,29.1116584],[121.2635659,29.1116589],[121.2634888,29.111644],[121.2633286,29.111585],[121.2632095,29.1115083],[121.2631674,29.1114463],[121.263161,29.1114049],[121.2631548,29.1113841],[121.2631722,29.1113528],[121.2632659,29.1112896],[121.2633306,29.111263],[121.2633656,29.1112263],[121.2633653,29.1112004],[121.2633052,29.1111127],[121.2632811,29.1110766],[121.2632806,29.1110351],[121.2632802,29.1110039],[121.2633328,29.1109619],[121.2634563,29.110914],[121.2635378,29.1108041],[121.2635295,29.1106121],[121.2634565,29.1104413],[121.2632878,29.1101781],[121.2631261,29.1100031],[121.2631014,29.1099151],[121.2631163,29.1096812],[121.2631669,29.1094731],[121.2631365,29.1093954],[121.2629991,29.109272],[121.2629453,29.1092258],[121.262933,29.1091844],[121.26295,29.1091219],[121.2630378,29.1090588],[121.2632622,29.1090463],[121.2637115,29.1090628],[121.2639961,29.1091432],[121.2640848,29.1091476],[121.2642325,29.1091462],[121.264315,29.1091246],[121.2643854,29.1090824],[121.2644143,29.1090302],[121.2644075,29.1089575],[121.2642623,29.1086785],[121.264249,29.108554],[121.2643067,29.1084444],[121.2644354,29.1083393],[121.2645037,29.1081206],[121.2645204,29.1080373],[121.2644659,29.107934],[121.2644172,29.107815],[121.2644099,29.107706],[121.2644674,29.1075705],[121.264579,29.1075175],[121.2649335,29.1075142],[121.2651821,29.1075482],[121.2653415,29.1075311],[121.2654473,29.1074886],[121.2654821,29.1074311],[121.2654926,29.107322],[121.2654611,29.1071716],[121.2654629,29.1068289],[121.2656448,29.1067234],[121.265756,29.1066392],[121.2658082,29.1065608],[121.2657898,29.1064986],[121.2656932,29.1063282],[121.2656613,29.1061415],[121.2654716,29.1060966],[121.2653114,29.1060358],[121.2650508,29.1059862],[121.264897,29.1059773],[121.2649231,29.1052137],[121.2649811,29.1046368],[121.2650314,29.1044026],[121.2651349,29.1041679],[121.2652754,29.1040575],[121.2656051,29.1039662],[121.266833,29.1038715],[121.268009,29.1038811],[121.2684404,29.1038874],[121.2691077,29.1038552],[121.2695865,29.1038714],[121.2702079,29.1039539],[121.2705931,29.1040437],[121.2708237,29.1040519],[121.2711055,29.103909],[121.2716214,29.103577],[121.2719437,29.103361],[121.2721264,29.1033229],[121.2726263,29.103126],[121.2728372,29.1029891],[121.272989,29.102837],[121.2731751,29.1025912],[121.2733971,29.1023813],[121.2735131,29.1022141],[121.2735214,29.1019232],[121.2736308,29.1016937],[121.2737122,29.1015839],[121.273828,29.1013906],[121.2739155,29.1012963],[121.2739796,29.1012282],[121.2740912,29.1011804],[121.2741967,29.1011067],[121.274284,29.1009916],[121.2743776,29.100918],[121.2745887,29.1007914],[121.274747,29.1006912],[121.2747758,29.1006286],[121.2747485,29.1003278],[121.274763,29.1000679],[121.2748265,29.0999479],[121.2750257,29.0998058],[121.2750657,29.0997067],[121.2750527,29.0996082],[121.2749745,29.0994999],[121.2749673,29.0993908],[121.2750215,29.0992756],[121.2751212,29.0991799],[121.2752388,29.099136],[121.275409,29.0991161],[121.2755621,29.0991238],[121.2756843,29.0991562],[121.2760313,29.0991071],[121.2761981,29.0990933],[121.2762817,29.0991047],[121.2765304,29.0992489],[121.2766441,29.099301],[121.2767625,29.0993183],[121.2769501,29.0993042],[121.2770465,29.0992238],[121.2771003,29.0990766],[121.2771125,29.098942],[121.2771946,29.0988251],[121.2773261,29.0987811],[121.2775828,29.0987237],[121.27784,29.0987151],[121.2781329,29.0987795],[121.2783916,29.0988932],[121.2785372,29.0988551],[121.2785985,29.0987446],[121.2786298,29.0984691],[121.2787521,29.0982357],[121.2789595,29.098136],[121.279036,29.0981291],[121.2792594,29.0982003],[121.2796092,29.0983681],[121.2798187,29.0984333],[121.2800411,29.0984312],[121.2803188,29.0983797],[121.2809141,29.0981663],[121.2814547,29.0980083],[121.281676,29.0979022],[121.2817793,29.0978279],[121.2819689,29.0974165],[121.2820494,29.0971713],[121.2821555,29.0967607],[121.2820983,29.0966329],[121.2819354,29.096396],[121.2818779,29.0962438],[121.2818947,29.0959135],[121.2819995,29.0953869],[121.2819839,29.0952525],[121.2818777,29.0951007],[121.2818694,29.0949969],[121.2820682,29.0947566],[121.2822681,29.0946202],[121.2825513,29.0944648],[121.2826266,29.0943663],[121.2827009,29.0941883],[121.2827469,29.0939739],[121.2827039,29.0938765],[121.2826817,29.0937605],[121.2827216,29.0936135],[121.2828043,29.0935516],[121.2829152,29.0935261],[121.2830964,29.0935549],[121.2833471,29.0935892],[121.2835003,29.0935999],[121.2835842,29.0936358],[121.2836838,29.0938121],[121.2838326,29.0945931],[121.2839028,29.0946474],[121.2840563,29.0946826],[121.2843134,29.0946741],[121.2845133,29.0945316],[121.2845817,29.0944331],[121.2845879,29.0943842],[121.2846157,29.0943778],[121.2847131,29.0943768],[121.2847972,29.0944249],[121.2849576,29.0944662],[121.2851452,29.0944521],[121.2852768,29.0944081],[121.2854213,29.0942845],[121.2854063,29.094199],[121.2853282,29.0940714],[121.2853392,29.0938329],[121.2853578,29.0936494],[121.2854328,29.0935325],[121.2855719,29.0935312],[121.2857261,29.0936275],[121.285927,29.0941269],[121.2859839,29.0942301],[121.2860747,29.0942599],[121.2861788,29.0942405],[121.2862675,29.0941052],[121.2864423,29.0936146],[121.2865585,29.0934545],[121.2867031,29.0933369],[121.2868208,29.0932992],[121.2868976,29.0933168],[121.2870187,29.093554],[121.2871416,29.0939257],[121.2873381,29.0940705],[121.2876036,29.0941718],[121.2877427,29.0941705],[121.2879433,29.0940891],[121.288061,29.0940391],[121.2881583,29.0940382],[121.2889632,29.0944523],[121.2891238,29.0945118],[121.2893324,29.0945037],[121.2905388,29.0942109],[121.2908376,29.0941897],[121.2909491,29.0942131],[121.2910334,29.0942734],[121.2910692,29.0943647],[121.2911003,29.0946212],[121.2911217,29.0946699],[121.2911378,29.0948408],[121.2910577,29.0951106],[121.2910728,29.0952021],[121.2911531,29.0955131],[121.2910794,29.0957338],[121.2910188,29.0958934],[121.2907793,29.0962075],[121.2905877,29.0964537],[121.2904613,29.0969195],[121.290409,29.0971829],[121.2904246,29.0973171],[121.290495,29.0973898],[121.2904036,29.0978675],[121.2903227,29.09807],[121.2902332,29.0981442],[121.2900677,29.0982619],[121.2898903,29.0985387],[121.2896675,29.0990726],[121.2896573,29.0993722],[121.2896128,29.0997027],[121.2893751,29.1001634],[121.2891776,29.1005076],[121.2891579,29.1005994],[121.2891795,29.1006604],[121.2892285,29.1006844],[121.2894505,29.1006333],[121.2901431,29.1004067],[121.2906203,29.1001881],[121.2910356,29.1000313],[121.2916176,29.0998545],[121.2918532,29.0997851],[121.2919503,29.0997658],[121.2919923,29.0997837],[121.2920224,29.0999607],[121.2921456,29.1009192],[121.2922818,29.1012541],[121.2923525,29.1013329],[121.2925207,29.1014412],[121.2930745,29.1017904],[121.2939515,29.1024054],[121.2940086,29.1025211],[121.2940167,29.1026066],[121.2936415,29.103197],[121.2935258,29.1033998],[121.2934103,29.1036149],[121.2931972,29.1038125],[121.2927634,29.1047214],[121.2927441,29.1048499],[121.292759,29.1049353],[121.2929131,29.1050195],[121.293151,29.1051333],[121.2932356,29.1052242],[121.2932721,29.1053583],[121.2932236,29.1059334],[121.2931534,29.1064414],[121.293015,29.107054],[121.293052,29.1072309],[121.2933939,29.1078755],[121.2934936,29.1080641],[121.2935228,29.1081738],[121.2935104,29.1082901],[121.2934973,29.1083574],[121.2935117,29.108394],[121.2935467,29.1084119],[121.2935954,29.1084115],[121.2936926,29.1083984],[121.2937756,29.1083608],[121.293831,29.108342],[121.2938866,29.1083415],[121.2939355,29.1083593],[121.2939917,29.1083955],[121.2940207,29.108493],[121.2940429,29.1085967],[121.2940853,29.1086512],[121.2941344,29.1086874],[121.2941832,29.1086931],[121.2942738,29.1087106],[121.2943914,29.1086605],[121.2944679,29.1086598],[121.2945098,29.1086717],[121.2948893,29.1089858],[121.2952051,29.1092028],[121.2953045,29.1093669],[121.2953411,29.1095194],[121.2952664,29.1096606],[121.2949638,29.1099326],[121.2948187,29.1100133],[121.294792,29.1101054],[121.2948079,29.110258],[121.2951044,29.1106036],[121.295176,29.1107801],[121.2951435,29.1109577],[121.2945975,29.1117943],[121.2943181,29.1116992],[121.293829,29.1115206],[121.2935571,29.1114682],[121.2934179,29.1114634],[121.2933692,29.1114639],[121.2933277,29.1114765],[121.2933378,29.1117332],[121.2933197,29.1119534],[121.2932517,29.1120701],[121.2931827,29.1121258],[121.2930787,29.1121451],[121.2928558,29.1121228],[121.2925701,29.1120767],[121.2924582,29.1120289],[121.2922412,29.1124772],[121.2921194,29.1127473],[121.2920439,29.1128275],[121.2919556,29.1130056],[121.291931,29.1132565],[121.2919637,29.1136534],[121.2918181,29.1142417],[121.2916964,29.114524],[121.2915108,29.1147031],[121.291111,29.1149942],[121.2909116,29.1151795],[121.2907461,29.1152911],[121.2905315,29.1153727],[121.2902473,29.115461],[121.2899971,29.1154756],[121.2898372,29.1154833],[121.2897401,29.1155086],[121.2896159,29.1155832],[121.2894859,29.1157617],[121.2893139,29.1159161],[121.2892174,29.1159843],[121.289102,29.1162115],[121.2890506,29.1165544],[121.2889838,29.1167812],[121.2889027,29.1169654],[121.2888977,29.1171243],[121.2889848,29.1174108],[121.2891214,29.1177701],[121.2894972,29.1177788],[121.2897128,29.1177767],[121.289817,29.1177696],[121.289914,29.1177381],[121.2899557,29.1177376],[121.290019,29.1177921],[121.290056,29.117969],[121.2901712,29.1182796],[121.2904181,29.1185585],[121.2904053,29.1186502],[121.2903378,29.1188098],[121.2904039,29.1190842],[121.2904896,29.1192668],[121.2905459,29.1193212],[121.2906227,29.1193449],[121.2907479,29.1193437],[121.2910182,29.1192678],[121.2913433,29.119118],[121.2915574,29.1189937],[121.291675,29.1189375],[121.2917444,29.1189246],[121.2918072,29.1189424],[121.2918356,29.118991],[121.2918578,29.1190947],[121.2918864,29.1191616],[121.2920821,29.1192331],[121.2921871,29.1192871],[121.2922576,29.1193536],[121.2922786,29.1193657],[121.2924104,29.1193461],[121.2925146,29.1193328],[121.2926259,29.1193318],[121.2928768,29.1193661],[121.2929254,29.1193656],[121.2928814,29.1191826],[121.2928381,29.1190608],[121.2927317,29.1188968],[121.2926746,29.1187751],[121.2926036,29.1186596],[121.2925334,29.1186176],[121.292422,29.1186064],[121.2923454,29.1186011],[121.2922688,29.1185957],[121.2922476,29.1185653],[121.2922461,29.1184492],[121.2922642,29.1182228],[121.2922473,29.1179846],[121.2921816,29.1177346],[121.2921171,29.1175824],[121.2921371,29.1175149],[121.2922118,29.1173675],[121.2923776,29.1172743],[121.2926133,29.117217],[121.2927583,29.11713],[121.2928752,29.1170189],[121.2929076,29.116823],[121.2928064,29.1165183],[121.2927917,29.1164512],[121.2927908,29.116384],[121.2928459,29.1163407],[121.2930125,29.1163207],[121.2931934,29.116319],[121.2932832,29.1162692],[121.2934477,29.1160781],[121.2935624,29.1157836],[121.2936926,29.1156296],[121.2938237,29.1155427],[121.2939899,29.11548],[121.2942746,29.1154466],[121.2943783,29.1153968],[121.2945025,29.1153161],[121.2945701,29.1151626],[121.2947144,29.1150207],[121.2949151,29.1149331],[121.2950746,29.1148949],[121.2951646,29.1148635],[121.2952337,29.1148323],[121.295254,29.114777],[121.2952598,29.1146914],[121.2952731,29.1146363],[121.2953423,29.1146111],[121.2955305,29.1146399],[121.295789,29.1147352],[121.2961022,29.1147506],[121.2962831,29.1147488],[121.2964726,29.1148875],[121.2965646,29.115015],[121.2965621,29.1153696],[121.2966128,29.1160843],[121.2965786,29.1161335],[121.2961937,29.1165039],[121.2959415,29.1169037],[121.2958274,29.1172471],[121.2957827,29.1175531],[121.2958002,29.1178463],[121.2958013,29.1179319],[121.2958087,29.1179624],[121.2959957,29.1179056],[121.2960861,29.1178986],[121.2962043,29.1178975],[121.296274,29.1179091],[121.2964365,29.1181031],[121.2965348,29.1181755],[121.2966258,29.1182235],[121.2966886,29.1182473],[121.2967235,29.118247],[121.2967926,29.1182157],[121.2968542,29.1181357],[121.2969156,29.1180373],[121.2969429,29.1180004],[121.2970121,29.1179691],[121.2971023,29.1179499],[121.2971935,29.1180101],[121.2973352,29.1182228],[121.2974692,29.118362],[121.2975531,29.118404],[121.2976298,29.1184154],[121.2978027,29.1183343],[121.29823,29.1180124],[121.2984979,29.1177469],[121.2986487,29.1175621],[121.298828,29.1174442],[121.2990289,29.1173751],[121.2992852,29.117287],[121.2994865,29.1172545],[121.2995216,29.1172847],[121.2995856,29.117388],[121.2998216,29.1173491],[121.3008477,29.1170824],[121.3011954,29.1170667],[121.3017084,29.1169395],[121.3020213,29.1169304],[121.3022845,29.1168423],[121.3024923,29.1167731],[121.302791,29.1167396],[121.3030199,29.1166885],[121.303186,29.1166257],[121.3032892,29.1165269],[121.3033498,29.1163613],[121.303374,29.1160859],[121.3034424,29.1159875],[121.303649,29.1158144],[121.3038275,29.1156292],[121.3038822,29.1155492],[121.304163,29.1157605],[121.3042054,29.1158028],[121.3040722,29.1162809],[121.3039798,29.1166791],[121.3039553,29.1169361],[121.3039757,29.1174554],[121.3040477,29.1176503],[121.3041253,29.117729],[121.3042516,29.1178134],[121.3047552,29.1180408],[121.3049386,29.1182408],[121.3050693,29.1186795],[121.3051018,29.1190582],[121.3050971,29.1192295],[121.3050088,29.1193953],[121.3047961,29.1196235],[121.3047553,29.1197034],[121.3047788,29.1199171],[121.3048084,29.1200574],[121.3046322,29.1204198],[121.3043929,29.1207582],[121.3044071,29.1207764],[121.3048789,29.1206863],[121.3051764,29.1205612],[121.3055917,29.120392],[121.3057304,29.1203663],[121.3058626,29.120365],[121.3060303,29.1204245],[121.3061286,29.1204969],[121.3062287,29.1207098],[121.306593,29.1209141],[121.3068387,29.1210889],[121.3069364,29.1211124],[121.3070198,29.1211116],[121.3070543,29.1210868],[121.3070943,29.1209459],[121.3070996,29.1208175],[121.3070567,29.1207262],[121.3068746,29.1206241],[121.3067899,29.1205332],[121.3067884,29.1204171],[121.3067867,29.1202826],[121.3067652,29.1202278],[121.3067301,29.1201976],[121.3066465,29.1201923],[121.306507,29.1201631],[121.3062692,29.1200554],[121.3060808,29.1200083],[121.30599,29.1199909],[121.3059343,29.1199792],[121.3059061,29.119949],[121.3058917,29.1199185],[121.30594,29.1198813],[121.3063001,29.1197556],[121.3064874,29.1197171],[121.306619,29.1196669],[121.3066465,29.1196361],[121.3066319,29.1195934],[121.3065481,29.1195576],[121.306339,29.1195229],[121.3062275,29.1195118],[121.3061296,29.1194761],[121.3059666,29.1192332],[121.3058118,29.119094],[121.3057257,29.118887],[121.3057157,29.1186427],[121.3057834,29.1185015],[121.3058239,29.1184032],[121.305969,29.1183224],[121.3061355,29.1182902],[121.3063018,29.1182397],[121.3064197,29.1182018],[121.3064465,29.1181282],[121.3064805,29.1180607],[121.3065215,29.1180053],[121.3067433,29.1179419],[121.306951,29.1178665],[121.3070616,29.1178044],[121.3071584,29.1177606],[121.3072133,29.117705],[121.3072407,29.1176681],[121.3072402,29.1176314],[121.3071132,29.1174921],[121.3068467,29.1173236],[121.3066652,29.1172642],[121.3065048,29.1172352],[121.3063934,29.1172241],[121.3062536,29.1171704],[121.3061057,29.1170313],[121.3060074,29.1169528],[121.306007,29.1169222],[121.306125,29.1169028],[121.3062994,29.1169438],[121.3063968,29.1169429],[121.3066049,29.1169041],[121.3067436,29.1168723],[121.3068761,29.1168954],[121.3070152,29.1168941],[121.3070427,29.1168632],[121.3070829,29.1167467],[121.3069894,29.1165031],[121.3068349,29.1163884],[121.3068268,29.1163029],[121.3068671,29.1161802],[121.3069208,29.116033],[121.3068926,29.1160027],[121.3067323,29.1159737],[121.3065654,29.1159754],[121.3064263,29.1159767],[121.3063504,29.1160264],[121.3062322,29.1160336],[121.3060641,29.1159375],[121.3059297,29.1157677],[121.3058794,29.1156398],[121.3058913,29.1154746],[121.3059314,29.1153458],[121.3058763,29.1151645],[121.3057397,29.115036],[121.3055435,29.1149217],[121.3054089,29.1147275],[121.3052884,29.1145514],[121.3052951,29.114533],[121.3053575,29.114514],[121.3054199,29.1145012],[121.3054537,29.1144275],[121.3054493,29.1143349],[121.3054904,29.1142856],[121.3055419,29.1142433],[121.3056601,29.1142421],[121.3057506,29.1142474],[121.3058479,29.1142403],[121.3059448,29.1142026],[121.3059893,29.1138722],[121.3061142,29.1136145],[121.3062386,29.1134175],[121.3063335,29.1133292],[121.3064117,29.1132773],[121.3065764,29.1132757],[121.3067514,29.113292],[121.3070221,29.1132683],[121.3071694,29.1132518],[121.3073022,29.1131722],[121.3073969,29.1130689],[121.3074395,29.1129059],[121.3074731,29.1128543],[121.3076299,29.1127775],[121.3077181,29.1126952],[121.307755,29.1126346],[121.30771,29.1123367],[121.3076886,29.1122676],[121.3075398,29.1121666],[121.3072741,29.1120305],[121.3070138,29.1117859],[121.3067436,29.1113033],[121.3066802,29.1111773],[121.3066657,29.1111111],[121.3066431,29.1109516],[121.3066077,29.1108645],[121.3065592,29.1108229],[121.3065178,29.1108112],[121.3064154,29.1108394],[121.3062347,29.1109345],[121.3061902,29.1109349],[121.3061111,29.1109176],[121.3059934,29.1108344],[121.3059581,29.1107564],[121.3059182,29.110579],[121.3058655,29.110486],[121.3056753,29.1103582],[121.3055681,29.110284],[121.3055329,29.110215],[121.3055277,29.1100733],[121.3054823,29.1099986],[121.3054471,29.1099236],[121.3054464,29.1098753],[121.3054456,29.109812],[121.3055428,29.1096332],[121.3056304,29.1095058],[121.3057625,29.109381],[121.30582,29.1093141],[121.3058293,29.1092326],[121.3058105,29.1091063],[121.3059012,29.1089487],[121.3059367,29.1087765],[121.305922,29.1086983],[121.3059033,29.1085779],[121.3058992,29.1085206],[121.3060074,29.108402],[121.306095,29.1082807],[121.3061478,29.1081114],[121.3061706,29.1080177],[121.3062739,29.1080408],[121.3065672,29.1081856],[121.3067404,29.1083166],[121.3068382,29.1084542],[121.3068811,29.1086015],[121.3068624,29.1087434],[121.3067655,29.1089522],[121.3072618,29.1088721],[121.3072715,29.1088268],[121.3072903,29.108688],[121.3073502,29.1085397],[121.3073768,29.1084731],[121.3073726,29.1084099],[121.307285,29.108266],[121.3072292,29.1081883],[121.3072012,29.1081433],[121.3072005,29.1080921],[121.3072645,29.107998],[121.3079256,29.1073948],[121.3080043,29.1073759],[121.3080967,29.1073659],[121.3081831,29.1074163],[121.3082769,29.1075119],[121.3084982,29.1076574],[121.3090878,29.1079018],[121.3095594,29.1080389],[121.3100613,29.1081394],[121.3104396,29.1082141],[121.3108347,29.1082736],[121.3111991,29.1083364],[121.3112539,29.1083358],[121.311312,29.1083172],[121.3113495,29.1082957],[121.3114035,29.1082319],[121.3114699,29.1080595],[121.31153,29.1079293],[121.3116252,29.107859],[121.3118337,29.1078087],[121.311929,29.1077505],[121.312082,29.1076406],[121.3121504,29.1076338],[121.312219,29.1076331],[121.3122948,29.1076535],[121.31251,29.1078624],[121.3128437,29.1082088],[121.3131276,29.10842],[121.3134091,29.1087126],[121.3134792,29.1088325],[121.3135281,29.1089542],[121.3135289,29.1090144],[121.3135259,29.109085],[121.3134831,29.1091623],[121.313385,29.109254],[121.3133299,29.1092964],[121.3132867,29.1093352],[121.3132638,29.1094053],[121.3132569,29.1094821],[121.3132501,29.1095695],[121.3132255,29.1098315],[121.3132022,29.1101809],[121.3132017,29.1104531],[121.3131406,29.1106492],[121.3130126,29.1108868],[121.3128813,29.1111812],[121.3128555,29.1113349],[121.3128815,29.1115022],[121.3129771,29.1118396],[121.3131424,29.1123473],[121.3132567,29.1126816],[121.3134981,29.112984],[121.3137776,29.1132409],[121.3139646,29.1133012],[121.3141702,29.1132992],[121.3144007,29.1132461],[121.3148423,29.1131176],[121.315117,29.1129964],[121.3153153,29.112938],[121.3155529,29.1129357],[121.3156439,29.1130138],[121.3157227,29.1131541],[121.3157844,29.1134584],[121.3158511,29.1136552],[121.3159491,29.1137841],[121.3160808,29.1140424],[121.3162425,29.1141311],[121.3166352,29.1142063],[121.3169323,29.1143219],[121.3170554,29.1144054],[121.3173013,29.1150633],[121.3174603,29.1154343],[121.3177942,29.1159277],[121.3181335,29.1163476],[121.3184075,29.1166837],[121.3185757,29.1172803],[121.3186233,29.1174887],[121.3186911,29.1177645],[121.3187453,29.1179842],[121.3188006,29.1182996],[121.318906,29.1184962],[121.3190949,29.1187031],[121.3194504,29.1188803],[121.3200962,29.1191562],[121.3201679,29.1192345],[121.3201557,29.1192854],[121.3199849,29.1194902],[121.3199803,29.1196258],[121.3200208,29.1197777],[121.3201641,29.11994],[121.3202246,29.1201482],[121.3202469,29.120385],[121.3202954,29.1206668],[121.3204198,29.1208518],[121.3208287,29.1211808],[121.3209982,29.121371],[121.3210274,29.1216473],[121.3210244,29.1219184],[121.3208856,29.1221059],[121.3207997,29.1221955],[121.3207078,29.1223114],[121.3206719,29.1224265],[121.320704,29.1225028],[121.3207703,29.122632],[121.3210197,29.1230472],[121.3213981,29.1235063],[121.3215921,29.123606],[121.3218173,29.1236433],[121.3219391,29.1236251],[121.3221376,29.1235781],[121.3223239,29.1235706],[121.3226197,29.1235959],[121.3229097,29.123672],[121.323387,29.123814],[121.3235864,29.1238403],[121.3238692,29.1238544],[121.3241009,29.123886],[121.3243199,29.1239346],[121.3244745,29.1239613],[121.3247516,29.1240376],[121.3249191,29.1240699],[121.3252398,29.1240385],[121.3255614,29.1240691],[121.3257222,29.1240845],[121.3263384,29.1240502],[121.3268205,29.1240736],[121.3270332,29.124128],[121.3271244,29.1242272],[121.3272791,29.1242765],[121.327356,29.1242532],[121.3274325,29.1242073],[121.3274447,29.1241564],[121.3274504,29.1241056],[121.3274308,29.1235812],[121.3274817,29.1230393],[121.3275315,29.1229203],[121.3276012,29.1228463],[121.3277104,29.1228452],[121.3278134,29.1228612],[121.327924,29.1229728],[121.3282609,29.1231895],[121.3285205,29.1233956],[121.3287087,29.123546],[121.3288335,29.1237591],[121.3289972,29.1240056],[121.3291976,29.1241052],[121.3295071,29.1241868],[121.32979,29.1242065],[121.3301384,29.1243328],[121.330506,29.1244419],[121.3308874,29.1246299],[121.3312501,29.1248632],[121.3314306,29.1249122],[121.3316686,29.1249324],[121.3318232,29.1249704],[121.3319722,29.1250648],[121.3322972,29.1253415],[121.3323288,29.1253617],[121.3324856,29.1253877],[121.3326259,29.1253382],[121.3327584,29.1253025],[121.3330711,29.1252788],[121.3332979,29.1252627],[121.3334609,29.125158],[121.3335469,29.1250722],[121.333633,29.1249217],[121.3338582,29.124772],[121.3341203,29.1246998],[121.334339,29.1246817],[121.3345445,29.1246702],[121.3346363,29.1246925],[121.3347866,29.1247651],[121.335099,29.1248741],[121.3352698,29.1249653],[121.335338,29.1250843],[121.335372,29.1252902],[121.3355021,29.1256671],[121.3355044,29.125839],[121.3354838,29.126073],[121.3354164,29.1263006],[121.3354337,29.1264311],[121.3355057,29.1265473],[121.3357358,29.1267994],[121.3358481,29.1269977],[121.3360266,29.1274978],[121.3362063,29.1280737],[121.33647,29.1284904],[121.3367742,29.1290238],[121.3369247,29.1291666],[121.3371854,29.1293634],[121.3377146,29.1297294],[121.3379748,29.1298919],[121.3380769,29.1298782],[121.3383807,29.1296316],[121.3387161,29.129399],[121.3389824,29.1292966],[121.3391156,29.1293024],[121.3392336,29.1293425],[121.3393763,29.1294855],[121.3395906,29.1297239],[121.3398438,29.1299277],[121.3402074,29.1302129],[121.3404218,29.1304445],[121.3405978,29.1307385],[121.340624,29.1309513],[121.340581,29.1312543],[121.3400895,29.1325795],[121.3400611,29.1328067],[121.3401177,29.1329437],[121.3401519,29.1331702],[121.3400915,29.1333358],[121.3400302,29.1334397],[121.3399928,29.1335707],[121.3401597,29.1337683],[121.340454,29.1341367],[121.3409568,29.1348812],[121.3411314,29.1350651],[121.3411942,29.1350714],[121.341445,29.1351033],[121.341649,29.1351425],[121.3420031,29.1352902],[121.3422471,29.1353909],[121.3425162,29.1356289],[121.342722,29.1357987],[121.3429582,29.1359133],[121.3433363,29.1360951],[121.3435189,29.1362995],[121.343947,29.1367147],[121.3443267,29.1370271],[121.3443787,29.1371037],[121.3445263,29.1373208],[121.3446467,29.1375464],[121.3446402,29.1376497],[121.344534,29.137912],[121.3443894,29.1382229],[121.3442739,29.1383685],[121.3439871,29.1385914],[121.3433214,29.1391551],[121.3430587,29.139419],[121.3429587,29.1395507],[121.3428676,29.1397716],[121.3428615,29.1399024],[121.3429032,29.1401013],[121.3428588,29.1402943],[121.3428297,29.1404665],[121.3428304,29.1405215],[121.3429416,29.140651],[121.3432274,29.1409576],[121.3433319,29.1411629],[121.3434619,29.1415329],[121.3434805,29.1417596],[121.3434209,29.141994],[121.3433298,29.142208],[121.343199,29.1423812],[121.3429135,29.1426935],[121.3425646,29.1429445],[121.3424877,29.1430554],[121.3423827,29.1434002],[121.3423089,29.1437448],[121.3422321,29.1438624],[121.3420997,29.1439188],[121.341756,29.1439635],[121.341678,29.1439918],[121.3416474,29.1440333],[121.3415171,29.1442478],[121.3413175,29.1445523],[121.3409395,29.1449756],[121.3403665,29.1454557],[121.3399022,29.1458661],[121.3398331,29.1459699],[121.3398032,29.1460803],[121.3398361,29.1461968],[121.3401629,29.1466542],[121.3403465,29.1469274],[121.3403472,29.1469824],[121.3403085,29.1470103],[121.3402384,29.1470454],[121.3401612,29.1471149],[121.340115,29.1471773],[121.3400765,29.1472258],[121.3400772,29.1472808],[121.3400857,29.1473357],[121.3401103,29.1474249],[121.3402537,29.1476159],[121.3404216,29.1478893],[121.3405201,29.1482391],[121.3405159,29.1485209],[121.340464,29.1487483],[121.3404973,29.1488993],[121.3405308,29.1490709],[121.3405027,29.1493118],[121.3404514,29.1495805],[121.3403919,29.1498217],[121.3402401,29.1501808],[121.340204,29.1504218],[121.3402677,29.1505037],[121.3404022,29.1506124],[121.3406225,29.1506996],[121.3409606,29.15082],[121.341298,29.1508784],[121.3416506,29.1509023],[121.3418164,29.1510039],[121.3420529,29.151139],[121.3424413,29.1515064],[121.3429959,29.1520166],[121.3435895,29.1525194],[121.3439542,29.1528802],[121.3440276,29.1530995],[121.3440629,29.1534017],[121.3440034,29.1536498],[121.3439109,29.154359],[121.343852,29.1546415],[121.3436558,29.1552074],[121.3435817,29.1555312],[121.3434536,29.1559106],[121.3433271,29.1564208],[121.343275,29.1566206],[121.3433073,29.156696],[121.3434184,29.1568118],[121.3435945,29.1571125],[121.3436655,29.1571531],[121.3437755,29.1571795],[121.3439003,29.1571508],[121.3440098,29.1571428],[121.3441588,29.1571618],[121.3443392,29.1571944],[121.3444964,29.157241],[121.3446384,29.157329],[121.3447959,29.1573961],[121.3450163,29.1574902],[121.345181,29.157516],[121.34526,29.1575634],[121.3452683,29.1576045],[121.3452694,29.1576871],[121.3452781,29.1577557],[121.3453101,29.1578035],[121.3454277,29.157823],[121.3455298,29.1578494],[121.3455225,29.1578907],[121.345492,29.1579461],[121.3454067,29.1580088],[121.3453053,29.1580442],[121.3452036,29.1580452],[121.3450546,29.1580262],[121.3445443,29.1579144],[121.3440812,29.1578159],[121.3439801,29.157865],[121.343981,29.1579338],[121.3441235,29.1580562],[121.3442035,29.1581929],[121.3441593,29.1583996],[121.3439898,29.1586145],[121.3439282,29.1586907],[121.3439293,29.1587733],[121.3439543,29.158883],[121.3439889,29.159144],[121.3439779,29.1594947],[121.3439029,29.1597499],[121.3438742,29.1599496],[121.3439302,29.1600384],[121.3439778,29.1600861],[121.3440806,29.1601676],[121.3442144,29.1602212],[121.3443396,29.16022],[121.3444805,29.1602117],[121.3446131,29.1601828],[121.3447917,29.160071],[121.3450715,29.1599169],[121.3453901,29.1597349],[121.3456374,29.1594849],[121.3457153,29.1594635],[121.3458488,29.1594966],[121.3460073,29.1596394],[121.3461988,29.1599194],[121.3464222,29.1602402],[121.3466523,29.1604786],[121.3469454,29.1607369],[121.3473795,29.1610145],[121.3479718,29.1614004],[121.3482801,29.161638],[121.3486295,29.1620126],[121.3487399,29.1620734],[121.3488488,29.1620174],[121.3489955,29.1618646],[121.3491179,29.1616434],[121.349179,29.1615258],[121.3493581,29.1614553],[121.3498576,29.1613402],[121.3500067,29.1613662],[121.3501091,29.1614202],[121.3502374,29.1616458],[121.3504212,29.1619327],[121.3506349,29.1621162],[121.3507625,29.1622937],[121.3509799,29.162759],[121.3510821,29.1629174],[121.3512917,29.1632422],[121.3513887,29.1634749],[121.3514317,29.163763],[121.3513808,29.164059],[121.3513761,29.1642995],[121.3514025,29.164526],[121.3515701,29.1647648],[121.3518957,29.1651188],[121.3520468,29.165296],[121.3520717,29.1654125],[121.3520422,29.1655434],[121.351958,29.1656885],[121.3519522,29.1658466],[121.352017,29.1660109],[121.3520891,29.1661407],[121.3521844,29.1662359],[121.3521931,29.1663046],[121.3521697,29.1663185],[121.3520994,29.1663261],[121.3519972,29.1662997],[121.3517692,29.1662195],[121.351628,29.1662003],[121.3515971,29.1662281],[121.3515984,29.1663243],[121.351624,29.1664958],[121.3516261,29.1666457],[121.3519074,29.1671941],[121.3520876,29.1677246],[121.3521662,29.1682182],[121.3520466,29.1684539],[121.3518917,29.1687469],[121.3517317,29.1692048],[121.351692,29.1694777],[121.3517835,29.1698444],[121.3517945,29.1701358],[121.351784,29.1704338],[121.3516998,29.1706184],[121.3515947,29.1708603],[121.3515129,29.171216],[121.3515142,29.1713174],[121.3516575,29.1717849],[121.3517616,29.1720309],[121.3518337,29.1720239],[121.3520347,29.1719458],[121.352164,29.1719002],[121.3522084,29.1719885],[121.3522102,29.1721278],[121.3522116,29.1722292],[121.352277,29.1722666],[121.3523856,29.1722909],[121.3525009,29.1722834],[121.3525725,29.1722446],[121.3526006,29.172181],[121.3525908,29.1719846],[121.3526357,29.1715595],[121.3527126,29.1713623],[121.3528609,29.1711263],[121.3528879,29.1709803],[121.3528939,29.1708915],[121.352914,29.1707709],[121.3529637,29.1707071],[121.3530996,29.1706233],[121.3532721,29.1705709],[121.3534382,29.1705755],[121.3537282,29.1706866],[121.3543989,29.1712121],[121.3548138,29.1714868],[121.3551035,29.1715663],[121.3553275,29.1715957],[121.3556529,29.1716431],[121.3558776,29.1717231],[121.3560656,29.1717593],[121.356217,29.1717515],[121.3564914,29.1717613],[121.3567805,29.1717964],[121.3570204,29.171927],[121.3572534,29.1720895],[121.3574351,29.1721954],[121.3575527,29.1723589],[121.3576652,29.172681],[121.3581168,29.1730059],[121.3587418,29.1733418],[121.3588881,29.1734924],[121.3590551,29.1735731],[121.3593086,29.1736403],[121.3593815,29.1737028],[121.3593611,29.1737981],[121.3592421,29.1740719],[121.3590513,29.1743716],[121.3590104,29.1745622],[121.3591353,29.1747256],[121.3592747,29.1748953],[121.3593846,29.1750273],[121.3594295,29.1751473],[121.3594548,29.1754195],[121.3595378,29.1756975],[121.3595031,29.1757993],[121.3593814,29.1758829],[121.359195,29.1759735],[121.3590955,29.1760886],[121.3590919,29.1763547],[121.3590717,29.177014],[121.3591408,29.1773238],[121.3592658,29.1775001],[121.3595129,29.1776369],[121.3598533,29.1777349],[121.3598831,29.177798],[121.359353,29.1780948],[121.3589805,29.1783014],[121.3589461,29.1784285],[121.3589408,29.1785743],[121.3589992,29.1786308],[121.3590788,29.178649],[121.359129,29.1786168],[121.3591931,29.1785527],[121.3593068,29.1784185],[121.3593713,29.1783861],[121.359422,29.1784046],[121.3595308,29.1784479],[121.3596623,29.1785607],[121.3597273,29.1785726],[121.359799,29.1785403],[121.3599063,29.1784694],[121.359971,29.1784497],[121.3600504,29.1784553],[121.3600582,29.1784995],[121.3600454,29.1786201],[121.3600211,29.1789626],[121.3600664,29.1791205],[121.3601607,29.1791513],[121.3602832,29.1791374],[121.3604492,29.1791421],[121.3606088,29.1792101],[121.3610542,29.1796048],[121.3613901,29.1799056],[121.3614775,29.1799617],[121.3613916,29.1800196],[121.3611496,29.1802629],[121.3607429,29.1806156],[121.3603363,29.1809747],[121.3602232,29.1811469],[121.360197,29.1813563],[121.3601705,29.181534],[121.3600855,29.1816552],[121.3598857,29.1818284],[121.3597721,29.181969],[121.3595934,29.1820913],[121.3594424,29.1821371],[121.3593047,29.1820942],[121.3590649,29.1819635],[121.3588392,29.1818137],[121.3586783,29.1816506],[121.3585445,29.1813604],[121.3584749,29.1809999],[121.3584224,29.1808547],[121.3584338,29.1806201],[121.3584105,29.1804936],[121.3583449,29.1804499],[121.3582512,29.1804508],[121.358136,29.1804774],[121.3579997,29.1805294],[121.3578423,29.1806388],[121.3575711,29.1808633],[121.3574204,29.1809283],[121.3570189,29.1811287],[121.3569339,29.18125],[121.3569135,29.1813453],[121.356937,29.1814846],[121.3569776,29.1818263],[121.3569799,29.1820037],[121.3570457,29.1820665],[121.3573589,29.1822914],[121.3575202,29.1824799],[121.3576313,29.1826942],[121.3576403,29.1828335],[121.3575847,29.1829925],[121.3575512,29.1831893],[121.3574652,29.1832346],[121.3574073,29.1832225],[121.3573418,29.1831851],[121.3572025,29.1830091],[121.3568597,29.1827401],[121.3566631,29.1826027],[121.3564314,29.182548],[121.3561709,29.1824936],[121.3560545,29.1824187],[121.3559805,29.1822801],[121.3557374,29.1819023],[121.3555996,29.1818467],[121.3553607,29.181792],[121.3551226,29.1817881],[121.3548349,29.1818608],[121.3545196,29.1820351],[121.3542259,29.1821965],[121.354024,29.1822112],[121.3538071,29.1821817],[121.3535605,29.1820828],[121.3532049,29.181928],[121.3529577,29.1817847],[121.3527758,29.1816724],[121.3526238,29.1816423],[121.3523072,29.1817026],[121.3519971,29.1817247],[121.3513486,29.1817947],[121.350901,29.1817802],[121.3506696,29.1817445],[121.350381,29.1817411],[121.3501437,29.1818069],[121.3499716,29.1818973],[121.3497996,29.1819878],[121.3496362,29.1821795],[121.3495237,29.1824025],[121.349395,29.1824989],[121.3493319,29.1826389],[121.349355,29.1827464],[121.3494517,29.1829735],[121.3496358,29.1832506],[121.3498183,29.1834135],[121.3497978,29.183496],[121.3496758,29.1835544],[121.3494463,29.1836581],[121.3493608,29.1837349],[121.3493331,29.1838303],[121.3493724,29.1840707],[121.3494916,29.184361],[121.3494784,29.1844498],[121.349325,29.1848632],[121.3493553,29.184977],[121.3494575,29.1850584],[121.3495532,29.1852095],[121.3495913,29.1853675],[121.3496525,29.1856204],[121.3496704,29.1858928],[121.3496939,29.186032],[121.3497385,29.1861329],[121.3499644,29.1862954],[121.3500451,29.1863959],[121.3500675,29.1864591],[121.3500761,29.1865604],[121.3500419,29.1867066],[121.3500084,29.1869033],[121.3500123,29.1872011],[121.3501305,29.1874091],[121.3502492,29.1876487],[121.3504902,29.1878744],[121.3506157,29.1880822],[121.3507186,29.1882333],[121.3509384,29.1884846],[121.3511932,29.1886468],[121.3513028,29.1887534],[121.3513113,29.1888547],[121.3512497,29.1891025],[121.351251,29.1891977],[121.3512515,29.1892419],[121.3513329,29.1893931],[121.3516536,29.1896307],[121.3519456,29.1898813],[121.3524508,29.1904402],[121.3526476,29.190584],[121.352807,29.190633],[121.3531831,29.1906989],[121.3535164,29.1908033],[121.353974,29.1910205],[121.3543075,29.1911437],[121.3545465,29.1911984],[121.3549584,29.191245],[121.3553552,29.1912345],[121.3556648,29.1911807],[121.3558236,29.1911791],[121.3561042,29.1911192],[121.3564281,29.1910526],[121.3567299,29.1909544],[121.3570739,29.1907671],[121.3573606,29.1906185],[121.3575689,29.1905467],[121.3577057,29.1905262],[121.3579299,29.190562],[121.3582788,29.1907485],[121.3586058,29.1909164],[121.3589756,29.1910584],[121.3596281,29.1912799],[121.3600711,29.1914908],[121.3604346,29.1916963],[121.3605356,29.1916888],[121.3605857,29.1916503],[121.3606275,29.1915422],[121.360704,29.1913259],[121.3608314,29.1911281],[121.3610804,29.1908595],[121.3611224,29.190764],[121.3611144,29.1907134],[121.3610827,29.190492],[121.3610199,29.1901123],[121.3610449,29.1898206],[121.361106,29.1895348],[121.3612402,29.1893116],[121.361376,29.1892088],[121.3616837,29.1890155],[121.361992,29.1888603],[121.3622645,29.1887308],[121.3625434,29.1885378],[121.3626943,29.1884919],[121.3628824,29.1885154],[121.3631361,29.1886015],[121.3632886,29.1886759],[121.363362,29.1887702],[121.3633921,29.188865],[121.3634016,29.1890361],[121.3634055,29.1893275],[121.3635232,29.1894974],[121.3638156,29.1897796],[121.3640565,29.1899863],[121.3643985,29.1901982],[121.3647637,29.1905241],[121.3651155,29.1909388],[121.3654381,29.1913157],[121.365644,29.1916051],[121.3658486,29.1917993],[121.3660814,29.1919301],[121.3662989,29.1920166],[121.3663872,29.1921424],[121.3664538,29.1922622],[121.3665222,29.1925277],[121.3666194,29.1927802],[121.3668189,29.193133],[121.366872,29.1933162],[121.3668901,29.1936012],[121.3669216,29.1937973],[121.3670393,29.1939672],[121.3672573,29.1940791],[121.3673453,29.1941796],[121.3673537,29.1942682],[121.3672856,29.1945731],[121.3672894,29.1948582],[121.3673432,29.1951112],[121.3674336,29.1954018],[121.3674363,29.1955982],[121.3675336,29.1958571],[121.3677693,29.1962115],[121.3678324,29.1963407],[121.3680084,29.1965542],[121.3683881,29.1968891],[121.3684803,29.1970306],[121.3685191,29.1972329],[121.3685114,29.1974768],[121.3685504,29.1976949],[121.3685727,29.1977389],[121.3685874,29.197761],[121.3686415,29.1977573],[121.3687026,29.1977439],[121.3688102,29.1976954],[121.3690184,29.1976109],[121.3691433,29.1975019],[121.3692408,29.1973592],[121.3693752,29.1972039],[121.3694636,29.1970148],[121.3695917,29.1968823],[121.3697718,29.1967493],[121.3699528,29.1966847],[121.3700893,29.1967004],[121.3702384,29.1966761],[121.3702705,29.1966473],[121.3703598,29.1965266],[121.3703987,29.1965205],[121.3704514,29.1965655],[121.3704731,29.1967363],[121.3705246,29.1971864],[121.3706203,29.1975503],[121.37075,29.198011],[121.3708719,29.1983861],[121.3709783,29.198573],[121.3711434,29.1987824],[121.3712364,29.1989354],[121.3712573,29.1990378],[121.3712648,29.1991176],[121.3712407,29.1992604],[121.3712569,29.1994997],[121.3712525,29.1996537],[121.3712231,29.1998821],[121.3712313,29.2000132],[121.3712578,29.2000529],[121.3713101,29.2000808],[121.371401,29.2000799],[121.3715502,29.2000669],[121.3717063,29.2000825],[121.3718823,29.2001262],[121.3720325,29.2001874],[121.3720779,29.200187],[121.3720841,29.2001641],[121.3720769,29.2001128],[121.3720498,29.2000333],[121.3720361,29.1999764],[121.3720809,29.1999246],[121.3721329,29.1999355],[121.3722508,29.2000084],[121.3725922,29.2002843],[121.3728099,29.200533],[121.3728634,29.2006464],[121.3730202,29.200719],[121.3732874,29.2007847],[121.3733914,29.2007893],[121.37343,29.2007661],[121.3735845,29.2006619],[121.3736621,29.2006382],[121.3737535,29.2006716],[121.3738257,29.2007279],[121.3738414,29.200937],[121.3738661,29.2013242],[121.3738547,29.2019282],[121.3738257,29.2021907],[121.3738333,29.2022761],[121.3739053,29.2023209],[121.3739708,29.2023601],[121.3741402,29.202404],[121.3743685,29.2024758],[121.3746037,29.2025759],[121.3748654,29.2027213],[121.3750627,29.2029016],[121.3752089,29.2031451],[121.3753404,29.2032692],[121.3754447,29.2032966],[121.3756593,29.2033229],[121.3758606,29.2033208],[121.3760562,29.2032732],[121.3763925,29.2032698],[121.3765243,29.2032626],[121.3766751,29.2031975],[121.3768723,29.2031491],[121.3770106,29.2031361],[121.3770957,29.2030832],[121.3771409,29.2030133],[121.3771932,29.202978],[121.3772589,29.2029542],[121.3773177,29.2029189],[121.3773302,29.2028725],[121.3772686,29.2026995],[121.3770733,29.2024006],[121.3769728,29.2022744],[121.3769308,29.2021012],[121.3769232,29.2020202],[121.3769356,29.201968],[121.3770205,29.2018977],[121.3772442,29.2018607],[121.3774427,29.2019108],[121.3777999,29.2019939],[121.3780773,29.20202],[121.3782889,29.2020698],[121.378342,29.2020866],[121.3783561,29.2021559],[121.3783238,29.2022083],[121.3782716,29.2022494],[121.3782527,29.2023132],[121.3782663,29.2023478],[121.3783457,29.2023643],[121.3785103,29.2023914],[121.3787092,29.2024242],[121.3788016,29.2024348],[121.3788342,29.2023998],[121.3790107,29.2022822],[121.3791416,29.2022115],[121.3791937,29.2021588],[121.379219,29.2020775],[121.3792112,29.2019966],[121.3790636,29.2018073],[121.3790028,29.2016979],[121.3790148,29.201611],[121.3790729,29.201512],[121.3791184,29.2014595],[121.379124,29.2013899],[121.3791228,29.2012974],[121.3789547,29.2010619],[121.378741,29.2008574],[121.3786138,29.200714],[121.3785994,29.2006272],[121.378618,29.2005402],[121.3787937,29.2003647],[121.3788842,29.2002248],[121.3789093,29.2001376],[121.3789416,29.2000852],[121.3790137,29.2000497],[121.3791658,29.2000771],[121.3793903,29.2001037],[121.3795354,29.2001022],[121.3796273,29.2000723],[121.3797056,29.200002],[121.379771,29.1999666],[121.3798698,29.1999598],[121.3800156,29.2000104],[121.3802479,29.200118],[121.3803605,29.2001575],[121.3805252,29.2001384],[121.3807875,29.2000372],[121.3809244,29.19992],[121.3810789,29.1996289],[121.3811742,29.1993615],[121.3811835,29.1990777],[121.3811324,29.1986961],[121.3810261,29.1981586],[121.3809954,29.1978288],[121.3810071,29.1977245],[121.3810729,29.1977064],[121.381191,29.1976647],[121.3813149,29.1975592],[121.3813911,29.1973383],[121.3814943,29.1971694],[121.3818014,29.196952],[121.3819713,29.1968401],[121.3821157,29.1967865],[121.3822605,29.1967677],[121.3824654,29.1968061],[121.3826634,29.1968214],[121.3827625,29.1968262],[121.3828743,29.1968076],[121.3829854,29.196737],[121.3830564,29.1966204],[121.383113,29.1964173],[121.3832104,29.1962946],[121.3834571,29.1960155],[121.3836447,29.1958641],[121.3838286,29.1958024],[121.3840474,29.1957959],[121.3842914,29.1958488],[121.3846185,29.1959394],[121.3849513,29.1960897],[121.3853145,29.1963379],[121.3854711,29.1964131],[121.3856225,29.19645],[121.3857735,29.1964655],[121.3860452,29.19642],[121.3862919,29.1963149],[121.3864263,29.1961811],[121.3865536,29.1958894],[121.386778,29.1955711],[121.3870035,29.1953424],[121.3871384,29.195247],[121.3872985,29.1952155],[121.3874931,29.1952262],[121.3877909,29.1953043],[121.3879175,29.1953157],[121.3880486,29.1953016],[121.3881498,29.1952365],[121.3881825,29.1951294],[121.3882438,29.1949836],[121.3882866,29.1949191],[121.3883929,29.194871],[121.3884896,29.1948273],[121.3885277,29.1947628],[121.3885318,29.1947072],[121.3884926,29.194682],[121.3884193,29.1946614],[121.3883415,29.1946622],[121.3883163,29.1946027],[121.3883099,29.1944874],[121.388256,29.1944496],[121.3881825,29.1944119],[121.3880949,29.1944042],[121.3880365,29.1944048],[121.3879063,29.1944874],[121.3878483,29.1945136],[121.3877854,29.1945399],[121.3877366,29.1945233],[121.3876626,29.1944515],[121.3876125,29.194341],[121.3875858,29.1941704],[121.3876039,29.1940635],[121.3876415,29.1939691],[121.3876359,29.1939137],[121.3875515,29.1937821],[121.3874432,29.1936894],[121.3873309,29.1936563],[121.3872384,29.193653],[121.3870887,29.1937357],[121.3869728,29.1937881],[121.3868706,29.1937892],[121.3867196,29.1937694],[121.3866017,29.1936853],[121.3864826,29.1935071],[121.386378,29.1933245],[121.3863415,29.193137],[121.3863455,29.1930771],[121.3864273,29.1930122],[121.3866826,29.1928259],[121.386991,29.1926135],[121.3873488,29.1924603],[121.3877604,29.1923194],[121.387881,29.192254],[121.3880158,29.1921501],[121.3881403,29.1920036],[121.388408,29.1916549],[121.3886678,29.1914472],[121.3890627,29.1911613],[121.3893328,29.1909962],[121.3894825,29.1909134],[121.3894817,29.1908536],[121.3894556,29.1907172],[121.389521,29.1905202],[121.3895391,29.1904174],[121.3895328,29.1903108],[121.3894918,29.1901574],[121.3895147,29.1900548],[121.3895859,29.1899258],[121.3896964,29.1898308],[121.3898076,29.1897698],[121.3898994,29.1897304],[121.3899965,29.1897166],[121.3902403,29.1897611],[121.390436,29.1898487],[121.3906557,29.1899105],[121.3909235,29.1899375],[121.3910452,29.1899406],[121.3911619,29.189935],[121.3912493,29.1899299],[121.3913172,29.1899206],[121.3913363,29.1898906],[121.3913821,29.1896766],[121.391483,29.1892271],[121.391647,29.1887726],[121.3917304,29.18846],[121.3917526,29.1883103],[121.3916874,29.1881615],[121.3914946,29.1879286],[121.3910097,29.1873144],[121.3906918,29.1868308],[121.3906314,29.1866777],[121.3906159,29.1866096],[121.3906925,29.186519],[121.3908934,29.1862735],[121.3909553,29.1861747],[121.3910646,29.1859855],[121.3912219,29.1857491],[121.3916906,29.1851633],[121.3920302,29.1847412],[121.3921741,29.1845903],[121.3922947,29.1845207],[121.3924885,29.1844717],[121.3927552,29.1844091],[121.3929208,29.1844245],[121.3931599,29.1844861],[121.3935034,29.1847131],[121.3937287,29.1848304],[121.3938849,29.1848715],[121.3942892,29.1849185],[121.3946492,29.1849275],[121.3949561,29.1849628],[121.3951068,29.1849612],[121.3953058,29.1849335],[121.3955815,29.1848153],[121.3959002,29.184654],[121.3962037,29.1844373],[121.396448,29.1841656],[121.3965717,29.1839679],[121.3966813,29.1838003],[121.3968594,29.1836617],[121.3970805,29.1834672],[121.3972,29.1833165],[121.3973282,29.1830888],[121.3974526,29.1829338],[121.3977415,29.18273],[121.3978959,29.1826344],[121.398254,29.1825068],[121.3985538,29.1823842],[121.3989197,29.1821028],[121.3993622,29.1817436],[121.3996701,29.181497],[121.3999389,29.1812379],[121.4001013,29.1810227],[121.4001717,29.180834],[121.4001846,29.18071],[121.4001641,29.1806291],[121.40009,29.1805445],[121.3999811,29.1804046],[121.3999304,29.1802515],[121.3998848,29.1801239],[121.3998829,29.1799829],[121.3998665,29.1798507],[121.3998214,29.1797529],[121.3997233,29.1796856],[121.3995708,29.1795591],[121.3994672,29.1794491],[121.3993389,29.1793138],[121.3992921,29.1790965],[121.399231,29.1788964],[121.3990289,29.1786893],[121.3989448,29.1785877],[121.3988351,29.178388],[121.3988197,29.1783327],[121.3988142,29.1782815],[121.3988133,29.1782175],[121.3989141,29.1781224],[121.3990236,29.177942],[121.3990792,29.1777491],[121.3991297,29.1775223],[121.3991437,29.1771249],[121.3991017,29.1768947],[121.3991202,29.176822],[121.3991488,29.1767789],[121.399197,29.1767442],[121.3993464,29.176653],[121.3994622,29.1765835],[121.3995433,29.1764673],[121.3996227,29.1762273],[121.3996535,29.1759921],[121.3996124,29.175826],[121.3994741,29.1756737],[121.3992781,29.1755562],[121.3991603,29.1754848],[121.3991103,29.1753828],[121.3990551,29.175251],[121.3990382,29.1750846],[121.3990554,29.1749179],[121.3991254,29.1746993],[121.3991566,29.174494],[121.3991847,29.1744126],[121.399218,29.1743567],[121.3993002,29.1743259],[121.3996534,29.1741899],[121.3999388,29.1740844],[121.4000159,29.174028],[121.4000589,29.1739721],[121.4000857,29.1737967],[121.4000907,29.1734549],[121.4001297,29.1731043],[121.400154,29.1727453],[121.400224,29.1725225],[121.400639,29.1715743],[121.4009278,29.1709948],[121.4009601,29.1708706],[121.4009561,29.1705802],[121.4011454,29.1698437],[121.4012142,29.1695354],[121.4012552,29.16933],[121.4012341,29.1692064],[121.4012086,29.1691255],[121.4011785,29.1690575],[121.4010411,29.1689607],[121.4006934,29.1687764],[121.3998122,29.1683416],[121.3997584,29.1683165],[121.3997336,29.1682868],[121.3997134,29.1682272],[121.3996878,29.1681378],[121.3996797,29.1678988],[121.3996596,29.1678478],[121.3996296,29.1677925],[121.3995521,29.1678105],[121.3993534,29.1678595],[121.3990522,29.1678797],[121.3988333,29.1678734],[121.3986724,29.167841],[121.3985649,29.1678036],[121.3984091,29.1677925],[121.3981174,29.167787],[121.3978693,29.167781],[121.3977765,29.1677564],[121.3976787,29.1677147],[121.3974424,29.1674951],[121.3971403,29.1672356],[121.3971034,29.16711],[121.3970406,29.1669889],[121.3969923,29.1668945],[121.3969797,29.1668307],[121.3969999,29.1667603],[121.3970664,29.1666914],[121.3970817,29.1666636],[121.3970761,29.1666361],[121.3969943,29.1665955],[121.396826,29.1665559],[121.3967601,29.1665267],[121.3967072,29.1664905],[121.3966672,29.1664357],[121.3966533,29.1663783],[121.3966658,29.1663299],[121.3966914,29.1662905],[121.3967255,29.1662947],[121.3968177,29.1663306],[121.3969335,29.1663661],[121.3970648,29.1663878],[121.3971986,29.166391],[121.3973321,29.166385],[121.3974835,29.166342],[121.3975641,29.1662951],[121.3975959,29.1662265],[121.3975564,29.1660198],[121.3975013,29.1658271],[121.3975005,29.1657626],[121.397526,29.1657163],[121.3976301,29.16566],[121.3979493,29.165629],[121.3980175,29.1656283],[121.3980433,29.1656004],[121.3980845,29.1655494],[121.3981201,29.1654661],[121.398103,29.1653697],[121.3981128,29.1653189],[121.398165,29.1652999],[121.3983328,29.1653074],[121.3984899,29.1652965],[121.3986308,29.1652444],[121.3987029,29.1651562],[121.3987063,29.165018],[121.3986308,29.1648577],[121.3985554,29.1647113],[121.3985275,29.1645873],[121.3986403,29.164402],[121.3987956,29.1642576],[121.398726,29.1641478],[121.3982603,29.1638167],[121.3980978,29.1638138],[121.397988,29.1638379],[121.3979049,29.163894],[121.3978431,29.163973],[121.3977929,29.1641392],[121.3976444,29.1643986],[121.3975053,29.1645749],[121.3972716,29.1647385],[121.3971363,29.1647997],[121.3970165,29.1648563],[121.3969538,29.1648707],[121.3969613,29.1646542],[121.3969328,29.1644796],[121.3968368,29.1643609],[121.3967309,29.1642838],[121.3966191,29.1641561],[121.3965861,29.1640367],[121.3966106,29.1639168],[121.3967185,29.1637499],[121.3969718,29.1634986],[121.3971882,29.1632248],[121.397281,29.1631042],[121.3974632,29.1630148],[121.3977135,29.1629201],[121.3977965,29.1628594],[121.3980123,29.1625487],[121.3981394,29.1622527],[121.398201,29.1621555],[121.3982896,29.1621223],[121.3984317,29.1621669],[121.3985269,29.1622303],[121.3986056,29.1622294],[121.3986472,29.1622106],[121.3987343,29.1620578],[121.3987835,29.1618225],[121.3987984,29.1617579],[121.3988556,29.1617251],[121.3989971,29.1617236],[121.3992437,29.1617532],[121.3993486,29.1617567],[121.3993956,29.161747],[121.3994109,29.1617147],[121.3994138,29.1615443],[121.399475,29.1614148],[121.3996861,29.161141],[121.3998462,29.1609598],[121.399882,29.1608995],[121.3999226,29.1604157],[121.3999728,29.1602587],[121.4000449,29.1601613],[121.4001906,29.1600861],[121.4004994,29.1600506],[121.4007449,29.1599883],[121.4009785,29.1598293],[121.4011968,29.1596935],[121.4013903,29.1596639],[121.4016469,29.1596473],[121.4017984,29.1596089],[121.4019547,29.1595428],[121.4021068,29.1595505],[121.4024012,29.1596164],[121.4026387,29.1597428],[121.4027449,29.1598384],[121.4029016,29.1601912],[121.4030239,29.1603234],[121.4031878,29.160423],[121.4033502,29.1604213],[121.403673,29.1602568],[121.4039266,29.1600331],[121.4041737,29.1596991],[121.4044004,29.1594159],[121.4046337,29.1592339],[121.4049315,29.1591617],[121.4050827,29.1591883],[121.4051784,29.1592052],[121.405352,29.1592494],[121.4056058,29.1594216],[121.4061211,29.1599271],[121.4065721,29.1603229],[121.4068329,29.1606148],[121.4069287,29.1607196],[121.4069765,29.1607652],[121.4070498,29.1607644],[121.4073105,29.1606696],[121.4075386,29.1604877],[121.407746,29.1603198],[121.4080944,29.1601135],[121.4082183,29.159988],[121.4086036,29.1594131],[121.4086914,29.15932],[121.4089094,29.1591704],[121.4091076,29.1590947],[121.4093171,29.1590879],[121.4095334,29.1591868],[121.4096556,29.1593053],[121.409856,29.1593999],[121.41014,29.1594797],[121.410356,29.1595557],[121.410473,29.1596788],[121.4106752,29.1599022],[121.4108752,29.1599646],[121.4112124,29.1600991],[121.4112866,29.1601581],[121.4116827,29.1607616],[121.4116994,29.1608305],[121.4116802,29.1609596],[121.4116602,29.1610289],[121.4115877,29.1610941],[121.4114577,29.1611691],[121.4113116,29.1612167],[121.4112284,29.1612636],[121.4111361,29.1614165],[121.4111111,29.161495],[121.4111458,29.1617386],[121.4113232,29.1624503],[121.4114095,29.1626243],[121.4114941,29.1626786],[121.411683,29.1626951],[121.4122184,29.1627539],[121.4124804,29.1627511],[121.412653,29.1627217],[121.4127724,29.1626421],[121.4129568,29.1623272],[121.4131207,29.1620492],[121.4132725,29.1616564],[121.4133144,29.1615692],[121.4135565,29.1614373],[121.41431,29.1611706],[121.4144256,29.1610802],[121.4144484,29.1608927],[121.4144885,29.1608476],[121.414798,29.1608131],[121.4150068,29.1608466],[121.4153488,29.1609589],[121.4156703,29.161067],[121.4161396,29.1611914],[121.4164503,29.1612461],[121.4166789,29.1612437],[121.4167546,29.1612027],[121.4170208,29.1609769],[121.4171711,29.1608192],[121.4172153,29.1607028],[121.4172085,29.1605824],[121.4171508,29.1604537],[121.4170512,29.1602317],[121.4170288,29.1600818],[121.417066,29.1598359],[121.4170948,29.1597107],[121.4171502,29.1596699],[121.4172664,29.1596196],[121.417434,29.1596178],[121.4176215,29.1595801],[121.4185125,29.1597046],[121.4195718,29.1598763],[121.4205493,29.1600221],[121.420636,29.1600391],[121.4205927,29.1602181],[121.4204571,29.1606971],[121.42039,29.1610013],[121.4228282,29.1616627],[121.4234403,29.1618302],[121.4256897,29.1624445],[121.4270362,29.1628007],[121.4278065,29.1630156],[121.4280607,29.1630308],[121.429153,29.16312],[121.4294679,29.1631447],[121.4299327,29.1631147],[121.4310049,29.1630423],[121.432171,29.1629654],[121.4335858,29.1628786],[121.4341322,29.1628476],[121.4369185,29.1625558],[121.4370921,29.1625185],[121.4471854,29.1603527],[121.4672134,29.1506577],[121.4900971,29.1426293],[121.5260396,29.1403591],[121.5414566,29.14382],[121.5412372,29.14472],[121.5415504,29.1448464],[121.5415248,29.1448982],[121.5414991,29.1449501],[121.5410105,29.1460321],[121.5406657,29.1468124],[121.5404688,29.1474185],[121.5402825,29.1480533],[121.5401602,29.1488289],[121.5400734,29.1495902],[121.5400731,29.1501546],[121.5400725,29.1506055],[121.5401565,29.1513458],[121.5401909,29.1516485],[121.5404346,29.15285],[121.5408863,29.1543665],[121.5410036,29.154756],[121.5324403,29.1612908],[121.5347,29.1635506],[121.534191,29.163944],[121.5437342,29.1734862],[121.5437628,29.1739289],[121.5438917,29.1740476],[121.5438924,29.1740483],[121.5445045,29.1746123],[121.5674517,29.1735079],[121.5751663,29.1731366],[121.584811,29.1710033],[121.6027974,29.1670248],[121.6484107,29.1435979],[121.6744428,29.1302254],[121.6929237,29.1272305],[121.7331826,29.1119349],[121.7393505,29.1070901],[121.7501196,29.1168806],[121.7580995,29.1283549],[121.7619715,29.1372021],[121.7658442,29.1490939],[121.7686572,29.1639307],[121.7709785,29.1723056],[121.7716199,29.1755621],[121.7721913,29.179612],[121.7723756,29.1823171],[121.7729335,29.1881426],[121.7729859,29.1906875],[121.7733818,29.1933219],[121.7779134,29.2155229],[121.7797521,29.2213061],[121.7800955,29.226175],[121.7809538,29.2297329],[121.7818121,29.2315305],[121.7827133,29.2325042],[121.7846875,29.2335715],[121.7865543,29.2344141],[121.7877773,29.235238],[121.7888073,29.2360993],[121.7897085,29.2371104],[121.7900947,29.2378313],[121.7904917,29.2389079],[121.7906312,29.240022],[121.790717,29.2412671],[121.7908028,29.242559],[121.7910603,29.2443564],[121.791468,29.2455734],[121.7920928,29.2463987],[121.7945779,29.2482419],[121.7974475,29.2500857],[121.7975548,29.2501467],[121.8016705,29.2524912],[121.8019392,29.2526702],[121.8030315,29.253239],[121.8037558,29.2535443],[121.8042898,29.2537161],[121.8047337,29.2538748],[121.8054486,29.2541158],[121.8060539,29.254394],[121.8069924,29.2548038],[121.8075414,29.2551293],[121.8080574,29.255441],[121.8087555,29.255879],[121.8092768,29.2562586],[121.8098905,29.2567802],[121.8107286,29.2575171],[121.8113925,29.2581024],[121.8116623,29.2583458],[121.8118371,29.2585296],[121.8119749,29.2587032],[121.8124042,29.2591878],[121.8126454,29.259428],[121.8132159,29.2598177],[121.8136884,29.2599688],[121.8139612,29.2601548],[121.814053,29.2602646],[121.8141359,29.2605642],[121.8143083,29.2613029],[121.8144396,29.2617988],[121.814509,29.262027],[121.8148798,29.2629027],[121.8151368,29.2635723],[121.8153109,29.2639458],[121.8158496,29.265077],[121.8161467,29.2657031],[121.8163963,29.2664229],[121.8165908,29.2670253],[121.8168059,29.2678708],[121.816871,29.2682393],[121.8169183,29.2689875],[121.8168757,29.2694684],[121.8167072,29.270142],[121.8165687,29.2705855],[121.8163617,29.2710534],[121.8163276,29.271139],[121.8161995,29.2714118],[121.8159829,29.2717878],[121.8157543,29.2721254],[121.8155074,29.2724245],[121.8153872,29.2725604],[121.8153246,29.2725653],[121.8152997,29.2725556],[121.8151196,29.2724854],[121.8145673,29.2722013],[121.8142197,29.272034],[121.8136775,29.2719361],[121.8133216,29.2718659],[121.8130342,29.2718994],[121.8128625,29.2719757],[121.8127185,29.2720166],[121.8125141,29.2719787],[121.8120581,29.2718248],[121.8111455,29.2715708],[121.8104168,29.2713666],[121.8101853,29.2712926],[121.8101237,29.2713041],[121.8099999,29.2713689],[121.8098207,29.2715051],[121.8095805,29.271599],[121.8092439,29.2717578],[121.8086268,29.2719501],[121.8084275,29.2720444],[121.8082976,29.2720552],[121.8081067,29.2720175],[121.8079909,29.2719984],[121.8078468,29.2720512],[121.807497,29.2721619],[121.8073813,29.272113],[121.8071833,29.2721172],[121.806937,29.2721449],[121.806526,29.2722311],[121.8064773,29.2722967],[121.8064758,29.2724226],[121.8065948,29.2727772],[121.8065995,29.2729572],[121.8065156,29.2731303],[121.806398,29.2732552],[121.806247,29.2733137],[121.806117,29.2733306],[121.8059724,29.2734132],[121.8055587,29.2737392],[121.805096,29.2741548],[121.8049852,29.2742976],[121.8048192,29.27447],[121.8047909,29.2745477],[121.804804,29.2745898],[121.8048359,29.2747879],[121.8048202,29.2749735],[121.8047703,29.2751469],[121.8046659,29.2753018],[121.8044719,29.2755399],[121.8043476,29.2756528],[121.8041208,29.2757645],[121.8040045,29.2757696],[121.8037245,29.2757611],[121.8035876,29.2757778],[121.8033951,29.27589],[121.8031272,29.2760135],[121.8030039,29.2760363],[121.8028945,29.2760354],[121.8027516,29.2759862],[121.8025408,29.2759063],[121.8020584,29.2756682],[121.801861,29.2756005],[121.8017871,29.2755039],[121.8017881,29.275414],[121.8018031,29.2752943],[121.8018108,29.2752224],[121.8017435,29.2751378],[121.8014382,29.2749492],[121.8013027,29.2748521],[121.7997771,29.2738433],[121.7987052,29.2731862],[121.7978581,29.2725911],[121.796943,29.2719655],[121.7969155,29.2719519],[121.7967791,29.271844],[121.7967385,29.2718277],[121.7966961,29.2718122],[121.7966957,29.2718121],[121.7965628,29.2717634],[121.7962802,29.2716891],[121.7957924,29.2716058],[121.7953225,29.2715999],[121.7948832,29.2716328],[121.7948373,29.2716874],[121.7948342,29.2717447],[121.7948401,29.2718449],[121.7948458,29.2719414],[121.7948678,29.2720306],[121.7948979,29.2721197],[121.7949112,29.2721804],[121.7949457,29.2722802],[121.7949718,29.2723765],[121.7950142,29.2724618],[121.7950706,29.2726544],[121.7952488,29.2732748],[121.7955217,29.2741661],[121.795816,29.2751215],[121.796089,29.2760234],[121.796203,29.2764694],[121.7962892,29.2767295],[121.7963832,29.2769681],[121.7964351,29.277132],[121.7964825,29.2772746],[121.7965627,29.2774239],[121.7967319,29.2777617],[121.7968423,29.2780036],[121.7968937,29.2781425],[121.7969154,29.2782138],[121.797103,29.2786695],[121.7973201,29.2791749],[121.7977397,29.2800534],[121.7979899,29.2805834],[121.7983244,29.2812626],[121.7984541,29.2814398],[121.7985547,29.2815924],[121.7981884,29.2816582],[121.7973053,29.281824],[121.7967068,29.2819216],[121.7960797,29.2820195],[121.7955955,29.2821191],[121.7951234,29.2822033],[121.7948705,29.2822568],[121.794713,29.2822891],[121.7942673,29.2823103],[121.7937664,29.2823273],[121.793049,29.2823443],[121.7926797,29.2823273],[121.7924166,29.2822339],[121.7920897,29.2820132],[121.7917586,29.2817585],[121.7912492,29.2814826],[121.7906167,29.2810921],[121.7901456,29.2807355],[121.7897211,29.280345],[121.7894239,29.2800097],[121.7891056,29.2794748],[121.7888424,29.2790758],[121.7884943,29.2786811],[121.7881929,29.2783415],[121.7878745,29.277968],[121.787675,29.2777685],[121.7874628,29.2775605],[121.7870765,29.277085],[121.7863421,29.2763125],[121.7860068,29.2759559],[121.7857903,29.2757819],[121.785438,29.2755612],[121.7850262,29.2753489],[121.7846994,29.2751452],[121.7841815,29.274882],[121.7838292,29.2747377],[121.7836594,29.2747037],[121.7835957,29.2747122],[121.7834089,29.2748523],[121.7831288,29.2750688],[121.7828147,29.2752683],[121.7824326,29.2754933],[121.7820379,29.2757437],[121.7818935,29.2758519],[121.781893,29.2758523],[121.7818532,29.2758821],[121.7818054,29.2759276],[121.7816676,29.2759938],[121.7815044,29.2760032],[121.7813596,29.2759732],[121.7809741,29.2758797],[121.7807935,29.2758136],[121.780856,29.2755087],[121.7808727,29.2753367],[121.7808974,29.2749025],[121.7809104,29.2746359],[121.7808601,29.2743255],[121.7807505,29.2740578],[121.780669,29.2739022],[121.7805288,29.2737287],[121.7802908,29.2735373],[121.7798521,29.2733096],[121.7796959,29.2732565],[121.7793918,29.2732538],[121.7791124,29.2732469],[121.7789991,29.2732932],[121.778944,29.2733916],[121.7789189,29.2734516],[121.7789133,29.273499],[121.7788922,29.2736279],[121.7787733,29.2741559],[121.7787041,29.2741854],[121.7786551,29.274185],[121.7782685,29.2741083],[121.7780049,29.2740156],[121.7776874,29.2739137],[121.7769818,29.2738643],[121.7765208,29.2738773],[121.7763295,29.2738798],[121.7758142,29.2739095],[121.7752194,29.2740331],[121.774615,29.2741353],[121.7741924,29.2742131],[121.7740103,29.2742674],[121.7737787,29.2743599],[121.7732313,29.2746217],[121.7726249,29.2748873],[121.7720732,29.2750888],[121.7716547,29.2752312],[121.7713004,29.2753312],[121.7709956,29.2753929],[121.770681,29.2754589],[121.7703612,29.2755463],[121.7699632,29.2756158],[121.7696932,29.2756348],[121.7696002,29.2756168],[121.7694779,29.2755984],[121.7693846,29.2756061],[121.7693402,29.2756272],[121.7693002,29.2756957],[121.7693036,29.2758118],[121.7693008,29.2760528],[121.7692558,29.2765299],[121.7692142,29.2767318],[121.7691433,29.2769118],[121.7689633,29.2772071],[121.7686951,29.27748],[121.7684177,29.2777141],[121.768018,29.2779169],[121.7675103,29.2781317],[121.7672548,29.2781766],[121.7670978,29.2781838],[121.7669945,29.2782002],[121.7666535,29.2784207],[121.7661927,29.2788209],[121.7661036,29.2788889],[121.7660098,29.2789354],[121.7658432,29.2789338],[121.7655295,29.2789051],[121.7648643,29.2787656],[121.7645413,29.278711],[121.7644625,29.2787404],[121.7644182,29.2787529],[121.764403,29.2787914],[121.7643724,29.2788901],[121.7642698,29.279272],[121.7641939,29.2794563],[121.7641591,29.2795077],[121.7639384,29.2794971],[121.7635614,29.2794592],[121.7627479,29.2793999],[121.7621161,29.2793296],[121.7613527,29.2792065],[121.7610098,29.2791689],[121.7605546,29.2791001],[121.760119,29.2790229],[121.75939,29.278887],[121.7592038,29.2788811],[121.7591398,29.2789019],[121.7590663,29.2789013],[121.7590027,29.2788792],[121.7588663,29.2787961],[121.7586388,29.2785532],[121.7582845,29.2782443],[121.7581336,29.2781613],[121.7581042,29.2781524],[121.7580649,29.2781606],[121.7580156,29.2781859],[121.7579806,29.2782287],[121.7579602,29.2782973],[121.7579497,29.2783618],[121.7579916,29.278543],[121.7580619,29.2788189],[121.7583227,29.2795442],[121.7584977,29.2800922],[121.7585163,29.2801698],[121.7584808,29.2802684],[121.7584363,29.2802938],[121.7583379,29.2803273],[121.7583036,29.2803271],[121.7582546,29.2803267],[121.7582055,29.2803219],[121.7581322,29.2803039],[121.7580158,29.2801953],[121.757551,29.2796962],[121.7571871,29.2793831],[121.7571034,29.2793909],[121.7569658,29.2794241],[121.7565921,29.2794937],[121.7560862,29.2795621],[121.7559095,29.2795777],[121.7557776,29.2795463],[121.7557145,29.2794898],[121.7555784,29.2793766],[121.755492,29.2792253],[121.7552419,29.2784226],[121.7547277,29.2767485],[121.7546584,29.276395],[121.7546739,29.2763436],[121.7547134,29.2763182],[121.7548071,29.276276],[121.754876,29.2762465],[121.7549993,29.2762046],[121.7550882,29.2761323],[121.7551779,29.2760127],[121.7552932,29.2758115],[121.7553392,29.2756615],[121.7553846,29.2751499],[121.7553382,29.2749428],[121.7552206,29.2745203],[121.7550896,29.2739984],[121.754914,29.2731104],[121.7548232,29.272916],[121.7547459,29.2728158],[121.7543865,29.2725372],[121.7538953,29.272193],[121.7536318,29.271988],[121.7532128,29.2716044],[121.7528653,29.2713912],[121.7527456,29.271382],[121.7525982,29.2713968],[121.7523302,29.2714589],[121.7520172,29.2714479],[121.7517968,29.2713893],[121.7513841,29.2712401],[121.7508621,29.2709978],[121.7502218,29.2706187],[121.749779,29.2703648],[121.7495813,29.2702695],[121.7495366,29.2702691],[121.7494812,29.2703108],[121.7494291,29.2703674],[121.7493379,29.2705321],[121.7492738,29.2707392],[121.7491682,29.2709519],[121.7490694,29.2711737],[121.7489825,29.2712752],[121.7488961,29.2713346],[121.7487582,29.2713904],[121.7484005,29.2714654],[121.7477405,29.2715885],[121.7472799,29.2716745],[121.746936,29.2717465],[121.7464989,29.2718598],[121.7460275,29.2719847],[121.7457074,29.272081],[121.7453941,29.2721714],[121.7451436,29.2721811],[121.7448522,29.2721664],[121.7447355,29.2721742],[121.7446838,29.2721949],[121.7446487,29.2722607],[121.7446408,29.2723479],[121.7446778,29.2724114],[121.7448753,29.2725217],[121.7451211,29.2726143],[121.7453061,29.2726431],[121.7455426,29.2726513],[121.745666,29.2726555],[121.7458024,29.27272],[121.7458976,29.2727901],[121.7460365,29.2729448],[121.7462595,29.2732087],[121.7464179,29.2734419],[121.7465029,29.2734969],[121.7467211,29.2736133],[121.7468866,29.2738165],[121.7470311,29.2740706],[121.7470881,29.2741795],[121.7471862,29.2742857],[121.7473212,29.2744735],[121.7472997,29.2745486],[121.7472439,29.2746293],[121.7470159,29.2747505],[121.7463531,29.2750935],[121.7462119,29.2751372],[121.7461091,29.2751333],[121.745959,29.2750657],[121.7457625,29.2748773],[121.7456056,29.2747975],[121.7454245,29.2747417],[121.7450409,29.274687],[121.7446706,29.2746805],[121.7444304,29.2746872],[121.7441864,29.2747301],[121.7439872,29.2747523],[121.7438535,29.2747389],[121.7436119,29.2745802],[121.7434104,29.2745091],[121.7432426,29.2744925],[121.7430914,29.2745121],[121.7428749,29.2745522],[121.7426894,29.2745595],[121.7424938,29.2745667],[121.7423366,29.2745291],[121.7422952,29.2745528],[121.7422916,29.2745708],[121.7423212,29.2749504],[121.7423828,29.2752339],[121.7426723,29.2756848],[121.7429434,29.2762321],[121.7431262,29.2764414],[121.7436854,29.2770004],[121.7438483,29.2771284],[121.7442562,29.2774391],[121.7447647,29.2779254],[121.7449448,29.2780625],[121.7450914,29.2781482],[121.7453851,29.2782533],[121.7454939,29.2783265],[121.7455687,29.2783844],[121.7455785,29.2784266],[121.745598,29.2785141],[121.7455838,29.2788329],[121.7455351,29.2791605],[121.745489,29.2792954],[121.7454082,29.2794422],[121.7453248,29.2795288],[121.7451867,29.2796086],[121.7447082,29.2797426],[121.7442609,29.2798557],[121.7440085,29.2800219],[121.7437896,29.2802486],[121.7436984,29.2804192],[121.7436561,29.2805122],[121.7436764,29.2805334],[121.743925,29.2803973],[121.7443079,29.2802263],[121.7447238,29.2801581],[121.7449876,29.2801756],[121.7456376,29.2803171],[121.7467658,29.2806316],[121.7471344,29.2807855],[121.7473834,29.2809052],[121.7477991,29.2811288],[121.7479802,29.2811906],[121.7480691,29.2812095],[121.7481413,29.2812011],[121.7481688,29.2811894],[121.7482072,29.2811386],[121.7482248,29.2810997],[121.7482426,29.2810336],[121.7482787,29.2806096],[121.7483097,29.280321],[121.7483657,29.2802282],[121.7484716,29.2799825],[121.7484764,29.2798742],[121.7484945,29.279793],[121.7485471,29.2797062],[121.7486239,29.2795896],[121.7487966,29.279492],[121.7489104,29.2794448],[121.7490202,29.2794399],[121.7491433,29.2794711],[121.7492601,29.2794661],[121.7493873,29.2794342],[121.749634,29.2791748],[121.7497449,29.2790916],[121.749831,29.2790592],[121.7499099,29.279051],[121.7500302,29.2790399],[121.750102,29.2790527],[121.7501327,29.279068],[121.7501529,29.2790953],[121.7501804,29.2796674],[121.7502044,29.2802233],[121.7502061,29.2803677],[121.7502023,29.2809571],[121.7502519,29.2813877],[121.7502855,29.2814601],[121.750347,29.2814818],[121.7504634,29.2814919],[121.7507233,29.2815216],[121.7508783,29.2815765],[121.7512258,29.2819597],[121.7514058,29.2821929],[121.7514846,29.2823955],[121.7515622,29.282693],[121.7515383,29.2829897],[121.7514819,29.2831731],[121.7514056,29.283315],[121.7513441,29.2833678],[121.7512282,29.2834321],[121.7510717,29.2835019],[121.7509094,29.2835362],[121.7507705,29.283535],[121.7504775,29.2835097],[121.7502509,29.2835255],[121.7499573,29.2835589],[121.7498848,29.2835899],[121.7498481,29.2836527],[121.7498415,29.2837745],[121.749858,29.2841087],[121.7498278,29.284474],[121.7497627,29.2847487],[121.7496672,29.284996],[121.7495679,29.2851169],[121.749417,29.28526],[121.7486655,29.2857211],[121.7480389,29.2860535],[121.7476966,29.2862804],[121.7476085,29.2863291],[121.7475611,29.2864189],[121.7476319,29.2865143],[121.747838,29.2869086],[121.7480912,29.2872447],[121.7483202,29.2875797],[121.7485817,29.2878785],[121.7489175,29.288074],[121.749073,29.2880594],[121.7493198,29.2880617],[121.7497302,29.2881297],[121.7500767,29.288197],[121.7504773,29.288321],[121.7505584,29.2884098],[121.7506023,29.2885624],[121.7507354,29.2888922],[121.7508434,29.2890294],[121.7512888,29.2893509],[121.7514626,29.289424],[121.7516247,29.2894682],[121.7517828,29.2894911],[121.7519577,29.2894855],[121.7521813,29.2894805],[121.7523968,29.2894718],[121.7528683,29.2894691],[121.75312,29.2894893],[121.7532467,29.2894298],[121.7535819,29.2892689],[121.7539941,29.2891196],[121.7545887,29.2890111],[121.7549063,29.2889677],[121.7557125,29.2888361],[121.7559487,29.2887991],[121.7560006,29.2888709],[121.7561906,29.2892898],[121.7563039,29.2896617],[121.756444,29.2901691],[121.7565291,29.2905336],[121.7564924,29.2905439],[121.7564314,29.2905434],[121.7562852,29.2905348],[121.7560623,29.29049],[121.7557306,29.2903551],[121.755532,29.2903139],[121.7553855,29.2903268],[121.7552181,29.2903894],[121.7549079,29.2905078],[121.7545776,29.2905938],[121.7544191,29.2905995],[121.7542363,29.2905971],[121.7539926,29.2905805],[121.7538135,29.290611],[121.7536787,29.2906667],[121.7534786,29.2907397],[121.7531856,29.2907797],[121.7529201,29.2908912],[121.7526619,29.2910669],[121.752518,29.2911974],[121.7524065,29.2913424],[121.752352,29.2914915],[121.7523426,29.2915983],[121.7524025,29.2916701],[121.7525502,29.2917556],[121.7526577,29.2918305],[121.7527341,29.2918875],[121.7527436,29.2919307],[121.752712,29.2919785],[121.7526422,29.2920444],[121.7525058,29.2921614],[121.7524017,29.2922562],[121.7522147,29.2923109],[121.7520537,29.2923263],[121.7518729,29.2923979],[121.7515619,29.2925923],[121.7513479,29.2927425],[121.7511152,29.2928586],[121.7508909,29.2929313],[121.750455,29.2930773],[121.7500532,29.2931369],[121.7496311,29.2932368],[121.7494467,29.2932467],[121.7491968,29.2932502],[121.7488875,29.2932704],[121.7485762,29.293452],[121.7483583,29.2935192],[121.7477786,29.2935945],[121.7473302,29.2936999],[121.7467034,29.2938614],[121.7463802,29.2939449],[121.7461288,29.2940752],[121.7460029,29.2941374],[121.7459465,29.2944543],[121.7458044,29.2947818],[121.7457169,29.2949424],[121.7454651,29.2950959],[121.7451326,29.2953926],[121.7448323,29.2957475],[121.7446185,29.296034],[121.7444307,29.2963264],[121.7443161,29.2965676],[121.7442087,29.296734],[121.7440619,29.2969114],[121.7439286,29.2970544],[121.7437679,29.2973008],[121.7436408,29.2974611],[121.7434279,29.2976611],[121.7434191,29.2978456],[121.7433812,29.2982606],[121.7433322,29.2985024],[121.7432965,29.298727],[121.7433078,29.2988829],[121.7433583,29.2990507],[121.7434094,29.2991781],[121.7434141,29.2993338],[121.7433865,29.2994375],[121.7433261,29.2995408],[121.743265,29.2996959],[121.7432501,29.2998284],[121.7431342,29.3001735],[121.7425995,29.3013971],[121.7422481,29.3021728],[121.7420994,29.3024944],[121.7421249,29.3025695],[121.7423647,29.3028546],[121.7424812,29.3030056],[121.7427729,29.3033487],[121.7428499,29.3035109],[121.7429581,29.3038062],[121.742989,29.3039679],[121.7429748,29.3040486],[121.7428229,29.3041048],[121.7426183,29.3041664],[121.7424987,29.3042576],[121.7424314,29.3043897],[121.7424302,29.3044877],[121.7424547,29.3046379],[121.7425512,29.3053483],[121.7425795,29.3057236],[121.7426183,29.3063066],[121.742707,29.3065901],[121.7426912,29.3068091],[121.7425908,29.3069524],[121.74251,29.3071017],[121.7424886,29.3072342],[121.7425066,29.3073843],[121.7425295,29.3076557],[121.7425075,29.3078515],[121.7424384,29.3081163],[121.7424025,29.3083583],[121.7423937,29.308537],[121.7424576,29.3086991],[121.7425877,29.3088157],[121.7427562,29.3090134],[121.7428074,29.3091408],[121.7427936,29.3097233],[121.7427599,29.310323],[121.7427698,29.3105942],[121.7428081,29.3106811],[121.7429684,29.3110229],[121.7431011,29.3114684],[121.7431297,29.3118264],[121.7430475,29.3120851],[121.7429523,29.3123439],[121.7428654,29.3124527],[121.7427459,29.3125439],[121.7424881,29.312651],[121.7422293,29.3128332],[121.741792,29.3130829],[121.7413762,29.3132116],[121.7409742,29.313277],[121.7404808,29.3132782],[121.7396125,29.3132873],[121.7393229,29.3133077],[121.7390912,29.3134266],[121.7388788,29.3135804],[121.7386786,29.313815],[121.7385375,29.3140559],[121.7383854,29.3141181],[121.7382061,29.3141556],[121.7381217,29.3141732],[121.7380683,29.3142305],[121.7380801,29.3143344],[121.7381444,29.3144618],[121.7382281,29.3146068],[121.7384175,29.3147182],[121.7385224,29.3147538],[121.7385875,29.3148064],[121.7385935,29.3148468],[121.7385855,29.3149678],[121.7385654,29.3149965],[121.7384991,29.3150363],[121.7384132,29.3150643],[121.7381886,29.3151372],[121.7378975,29.3152844],[121.7375718,29.3155583],[121.7372329,29.3158434],[121.7371791,29.315941],[121.7371844,29.3160392],[121.737236,29.3161205],[121.7373142,29.3161788],[121.7374127,29.3161855],[121.7375115,29.3161922],[121.7376759,29.316188],[121.7377414,29.3162175],[121.7377671,29.3162581],[121.737766,29.3163504],[121.737664,29.3166206],[121.7375734,29.3170351],[121.7375497,29.3173579],[121.7375523,29.317681],[121.7375501,29.3178656],[121.7374551,29.3181013],[121.7369773,29.3189736],[121.7368232,29.3192029],[121.7368489,29.3192551],[121.7370248,29.3193952],[121.7373626,29.3197446],[121.7373809,29.3198543],[121.7373466,29.319979],[121.737312,29.320117],[121.7371727,29.3207498],[121.7371286,29.3211241],[121.7372779,29.3212811],[121.737323,29.3213623],[121.7373392,29.3216392],[121.7373805,29.3220373],[121.7374387,29.3221129],[121.7375759,29.3221833],[121.7377985,29.3222776],[121.7380076,29.3223892],[121.7381248,29.3224825],[121.7382278,29.3226737],[121.7383233,29.322934],[121.7383902,29.3231187],[121.7385136,29.3233734],[121.7388976,29.3237415],[121.7391222,29.3238466],[121.739401,29.3239523],[121.7395083,29.3240405],[121.7395301,29.3244765],[121.7394294,29.3245786],[121.7393021,29.3246407],[121.7389581,29.3247008],[121.7388583,29.3247317],[121.7388487,29.3247791],[121.7389359,29.3250335],[121.7391626,29.3257092],[121.7391774,29.3259708],[121.7391845,29.3261294],[121.7390371,29.3263577],[121.7389531,29.3265709],[121.7389599,29.3267532],[121.7390393,29.3269124],[121.739191,29.3270722],[121.7396934,29.3273703],[121.7401064,29.3275801],[121.7403769,29.3276303],[121.7406922,29.3277045],[121.7410625,29.3277239],[121.7411797,29.3277487],[121.7412408,29.3279236],[121.7412744,29.32813],[121.7413367,29.3282178],[121.7414345,29.3283375],[121.7416126,29.3285531],[121.7417098,29.3287284],[121.7417535,29.3288476],[121.7418254,29.3288879],[121.7418704,29.3288884],[121.7419608,29.3288892],[121.7421959,29.3288915],[121.7425924,29.3289824],[121.7428627,29.3290404],[121.7432415,29.3291073],[121.7434937,29.3291651],[121.7436552,29.3292697],[121.7438786,29.3294699],[121.7439395,29.3296606],[121.7438748,29.3297868],[121.7436911,29.3300209],[121.7433877,29.3304536],[121.7431214,29.3307916],[121.7431206,29.3308629],[121.7431554,29.330974],[121.7433053,29.3312763],[121.7433287,29.3315774],[121.7433598,29.3319974],[121.7433279,29.3323851],[121.7432877,29.3327094],[121.7433301,29.3329394],[121.7433107,29.3332767],[121.7433104,29.3334695],[121.7432838,29.3336721],[121.7432294,29.3338256],[121.7431755,29.3339136],[121.7430814,29.3340706],[121.7430761,29.3341322],[121.7430751,29.3342169],[121.7431287,29.3345062],[121.7431793,29.3346799],[121.7433533,29.3351706],[121.7433519,29.3352784],[121.7433244,29.3353783],[121.7432883,29.3354472],[121.7432395,29.3354891],[121.7431822,29.3355117],[121.7430411,29.3355566],[121.7429307,29.3356056],[121.7428069,29.3356776],[121.742581,29.3358371],[121.7424345,29.3359705],[121.7422656,29.3361307],[121.7421496,29.3362798],[121.7420466,29.3364406],[121.7419209,29.3366665],[121.7418173,29.3368735],[121.7417377,29.3369229],[121.741689,29.3369456],[121.7416098,29.3369679],[121.7414646,29.3369857],[121.7413592,29.3369962],[121.7412666,29.3370223],[121.7411514,29.3371022],[121.7410489,29.3372205],[121.7409501,29.3374045],[121.7408955,29.3375657],[121.7408705,29.3378081],[121.740866,29.3381699],[121.7408254,29.3382543],[121.7407767,29.3382846],[121.740463,29.3384434],[121.7400519,29.3386667],[121.7398702,29.3387921],[121.7397548,29.338895],[121.7396205,29.3391093],[121.7394803,29.3394391],[121.7393412,29.3396804],[121.7392461,29.3399067],[121.739183,29.3400447],[121.7391821,29.3401179],[121.7391987,29.3401989],[121.7392417,29.3402647],[121.739324,29.3403656],[121.7399412,29.3408874],[121.740189,29.3410861],[121.7405019,29.3413548],[121.7407006,29.3416262],[121.74073,29.3417382],[121.7407505,29.34185],[121.7407852,29.3418889],[121.740855,29.341928],[121.7410211,29.3419911],[121.7412529,29.3420704],[121.7413749,29.3421447],[121.7414404,29.3421761],[121.7414706,29.3422188],[121.74147,29.3422688],[121.7414424,29.3423725],[121.7413877,29.3425338],[121.7412883,29.3427522],[121.7412565,29.3428405],[121.7411892,29.3429593],[121.7411269,29.3430241],[121.7410648,29.3430774],[121.7408349,29.3432024],[121.7406663,29.3433432],[121.7403723,29.3436717],[121.7399734,29.3443378],[121.739829,29.34466],[121.7398016,29.3447406],[121.7397914,29.3448483],[121.739785,29.3450216],[121.7398306,29.3452338],[121.7398936,29.3454654],[121.7399265,29.3456544],[121.7399115,29.3458006],[121.7398839,29.3459043],[121.7398782,29.346016],[121.7399035,29.3461009],[121.7399891,29.3462788],[121.7400876,29.3464876],[121.740128,29.3467614],[121.7401387,29.3469656],[121.7401154,29.3470808],[121.740043,29.3472534],[121.7399484,29.3474451],[121.7398495,29.3476289],[121.7398127,29.3477595],[121.739812,29.3478211],[121.7398324,29.3479523],[121.7398997,29.3481801],[121.7399967,29.3485121],[121.7400365,29.3488476],[121.7400802,29.3492254],[121.7400866,29.3494179],[121.7400879,29.3496682],[121.7400332,29.3498294],[121.7397837,29.350112],[121.7396417,29.3502339],[121.7394917,29.3502865],[121.7393598,29.3503006],[121.7391975,29.3502836],[121.7388691,29.3502035],[121.7381591,29.3500889],[121.7379702,29.3500871],[121.737786,29.3500701],[121.7375318,29.3500176],[121.737247,29.3499688],[121.737124,29.3499676],[121.7369041,29.3500001],[121.7366309,29.3500668],[121.736344,29.3501835],[121.7360306,29.3503153],[121.7356903,29.3504777],[121.7355224,29.3505646],[121.7354381,29.350637],[121.7353846,29.3506942],[121.7353398,29.3507746],[121.7353039,29.3508398],[121.7351969,29.350962],[121.7349888,29.3510986],[121.7346435,29.3513225],[121.734285,29.3515502],[121.7341122,29.3516679],[121.7339266,29.3517624],[121.7337415,29.3518146],[121.733618,29.351848],[121.7334857,29.3518968],[121.7332915,29.3519759],[121.733093,29.3520433],[121.73282,29.3520945],[121.7323185,29.3521553],[121.7320596,29.352149],[121.7318537,29.3520969],[121.7316747,29.3520106],[121.7315786,29.351975],[121.7315389,29.3519862],[121.7314727,29.3520086],[121.7313661,29.3521078],[121.731206,29.3522717],[121.7311609,29.3523599],[121.7311428,29.352406],[121.7311277,29.3525714],[121.7311223,29.3526484],[121.7311073,29.3527869],[121.7310438,29.3529557],[121.7309626,29.3531204],[121.7308554,29.3532657],[121.7307444,29.3533648],[121.7306075,29.3534367],[121.7304796,29.353474],[121.7303517,29.3535113],[121.7302896,29.353553],[121.7302321,29.3535949],[121.730157,29.3536365],[121.7300953,29.3536475],[121.7300513,29.3536471],[121.729977,29.3536233],[121.729767,29.3535558],[121.7295611,29.3535153],[121.729425,29.3535141],[121.7293413,29.3535325],[121.729253,29.3535701],[121.7292219,29.3536007],[121.7291946,29.3536697],[121.7291804,29.3537582],[121.7291871,29.3539315],[121.7292374,29.3541129],[121.7292578,29.3542441],[121.7292482,29.3543056],[121.7292258,29.3543401],[121.7291948,29.3543667],[121.7291462,29.3543817],[121.7291111,29.3543813],[121.7290279,29.3543613],[121.7289143,29.354314],[121.728718,29.3542043],[121.7286085,29.3541725],[121.7285426,29.3541718],[121.7284765,29.3541982],[121.7283746,29.3542627],[121.7282855,29.3543696],[121.7281826,29.3545226],[121.7280629,29.3546139],[121.7279082,29.3546894],[121.727762,29.354792],[121.7275978,29.3549329],[121.7274812,29.3551244],[121.7274263,29.3553048],[121.7274111,29.3554626],[121.7273872,29.3556279],[121.7274138,29.3559439],[121.7274206,29.3561134],[121.7273791,29.3562709],[121.7273384,29.3564449],[121.7273303,29.3565469],[121.7272771,29.3566982],[121.7271208,29.3568878],[121.7269846,29.3570102],[121.726887,29.3571218],[121.7268263,29.3573572],[121.7267256,29.3577218],[121.7266848,29.3579068],[121.7266635,29.3580697],[121.7266496,29.3581596],[121.726577,29.3583219],[121.726479,29.3584728],[121.7263882,29.3585562],[121.7262004,29.358695],[121.7259104,29.3588046],[121.7252536,29.3590177],[121.7245901,29.3592306],[121.7238688,29.3594767],[121.7233662,29.3596574],[121.7231534,29.3597397],[121.7229789,29.359845],[121.7227716,29.360006],[121.722512,29.3602453],[121.722234,29.3604225],[121.722065,29.3606008],[121.7219281,29.3607738],[121.7218493,29.3609248],[121.7217943,29.3612167],[121.7216686,29.3615303],[121.7215901,29.3616419],[121.7214545,29.3617194],[121.7213384,29.3617745],[121.7210685,29.3618112],[121.7208689,29.3618768],[121.7207463,29.3619374],[121.7205646,29.3621099],[121.7203237,29.3623888],[121.7201873,29.3625281],[121.7200959,29.3626508],[121.7200367,29.3627683],[121.7199954,29.3629871],[121.7199613,29.3631612],[121.7198889,29.3633066],[121.7197572,29.3635808],[121.7195685,29.3637984],[121.7193732,29.3640269],[121.7192689,29.3641552],[121.7191312,29.36439],[121.7189158,29.3646859],[121.7186371,29.3649194],[121.7183582,29.3651585],[121.7182541,29.3652756],[121.7182081,29.3653707],[121.7182768,29.3655118],[121.7184599,29.3657497],[121.7186421,29.3660495],[121.7188252,29.3662931],[121.7189709,29.366435],[121.7190338,29.3665368],[121.7190649,29.3666214],[121.7190632,29.3667507],[121.7189964,29.3669637],[121.7189942,29.367138],[121.7190431,29.3673297],[121.7191882,29.3675278],[121.7193591,29.3677093],[121.7194538,29.367834],[121.7194902,29.3680029],[121.7195064,29.3682448],[121.7195013,29.3686497],[121.7195166,29.3689758],[121.7195143,29.3691613],[121.7195639,29.3692967],[121.7196715,29.3694102],[121.7197727,29.3695349],[121.71979,29.3696925],[121.7197554,29.3698833],[121.7197136,29.3701527],[121.7197114,29.370327],[121.7198241,29.3705473],[121.7200327,29.3707911],[121.7201581,29.3710228],[121.7201632,29.3711409],[121.7201783,29.3714672],[121.7202273,29.3716475],[121.7203214,29.3718172],[121.7203521,29.3719355],[121.7203313,29.3720645],[121.7203099,29.372233],[121.7203018,29.3723679],[121.7203361,29.3726999],[121.7203577,29.3730262],[121.7203306,29.3731384],[121.7202651,29.3732389],[121.7200001,29.3733995],[121.7198387,29.3734935],[121.7196892,29.3736439],[121.7195718,29.3738058],[121.7194669,29.3739903],[121.7193939,29.3741864],[121.7193394,29.3744333],[121.7192324,29.3747864],[121.7191716,29.3749884],[121.7190586,29.3753022],[121.7190573,29.3754089],[121.7191073,29.3755162],[121.7192405,29.3756411],[121.7195196,29.37588],[121.7197675,29.3760791],[121.720008,29.3763345],[121.7202738,29.3766237],[121.720464,29.3768111],[121.7205372,29.3769723],[121.7205686,29.3770372],[121.7206491,29.3772098],[121.7206677,29.3773636],[121.7206758,29.3775446],[121.7206793,29.3776848],[121.7206671,29.3778339],[121.7206019,29.3780198],[121.7205296,29.3781814],[121.7204605,29.3783625],[121.7204177,29.3785374],[121.7204084,29.3786866],[121.7204355,29.3788979],[121.7204756,29.3792424],[121.7204823,29.3792944],[121.7205105,29.379418],[121.7206218,29.3796885],[121.7206465,29.3797894],[121.7206456,29.3798608],[121.7206414,29.3798965],[121.7205918,29.3800162],[121.7205532,29.3801391],[121.7205517,29.3802592],[121.7205612,29.3803956],[121.7205563,29.380493],[121.7205408,29.3805512],[121.7205329,29.3805901],[121.7204686,29.3807032],[121.720419,29.3808097],[121.7204219,29.3808747],[121.7204359,29.3809366],[121.720468,29.3810309],[121.7205185,29.3811451],[121.7205437,29.3812037],[121.7205431,29.3812524],[121.7205389,29.3812946],[121.7205123,29.381343],[121.720478,29.3814174],[121.720399,29.3815237],[121.7202639,29.3816653],[121.7201845,29.3817846],[121.7201235,29.3819236],[121.7200749,29.3819751],[121.7200111,29.3820296],[121.7199587,29.3820778],[121.7199058,29.3821553],[121.7198714,29.382249],[121.7197964,29.3826119],[121.7197406,29.3829327],[121.7196903,29.3831011],[121.7196594,29.383195],[121.7196462,29.3833637],[121.7196363,29.3835615],[121.7196637,29.3837468],[121.7196695,29.3838768],[121.7196636,29.384052],[121.719673,29.3841851],[121.7196931,29.3843509],[121.719739,29.3845428],[121.7197821,29.3846439],[121.7198029,29.3847641],[121.7198269,29.3849202],[121.7198369,29.3850014],[121.7198401,29.3850372],[121.7198213,29.3850695],[121.7197949,29.3851082],[121.7196785,29.3852273],[121.7195392,29.3854173],[121.7194146,29.3856012],[121.7193575,29.385724],[121.7193378,29.3858212],[121.7193106,29.3859216],[121.7193096,29.386006],[121.7193233,29.3860905],[121.7193737,29.3862078],[121.7194279,29.3863155],[121.7194631,29.3864651],[121.7194579,29.3865884],[121.7194414,29.3867214],[121.7194141,29.3868217],[121.7193307,29.3869832],[121.7192879,29.3871452],[121.7192513,29.387411],[121.7192177,29.387732],[121.7191833,29.3881146],[121.7191784,29.3882088],[121.7191618,29.3883417],[121.7191233,29.3884582],[121.7190657,29.3886297],[121.7190423,29.3887171],[121.7190453,29.3887724],[121.7190592,29.3888471],[121.719121,29.3889386],[121.7191977,29.3890334],[121.7193664,29.3891584],[121.7194617,29.3892438],[121.7196153,29.3893946],[121.7196919,29.3894928],[121.719735,29.3896035],[121.7198624,29.3900786],[121.719955,29.3903685],[121.7200033,29.3906643],[121.7200043,29.3908819],[121.7199979,29.3910928],[121.7200069,29.3912649],[121.7199701,29.3915502],[121.7199681,29.3917027],[121.7199748,29.3917677],[121.7199925,29.3918198],[121.7200106,29.3918589],[121.7200725,29.3919342],[121.7201787,29.3920326],[121.7203808,29.3921774],[121.7205426,29.3922697],[121.7209217,29.3924681],[121.7210689,29.3925345],[121.7211312,29.3925936],[121.7211745,29.3926817],[121.7213172,29.3931343],[121.7214615,29.3937296],[121.7214878,29.393996],[121.7214901,29.3941065],[121.7214402,29.3942392],[121.7212355,29.3946202],[121.7212121,29.3947141],[121.72123,29.394763],[121.7212739,29.3948024],[121.7213255,29.3948321],[121.7214105,29.3948459],[121.7215547,29.3948603],[121.7216319,29.3949097],[121.7216905,29.3949655],[121.721704,29.3950662],[121.7216952,29.395183],[121.7216206,29.3955198],[121.7215882,29.3957435],[121.7215742,29.3959673],[121.7215661,29.3963244],[121.7215018,29.3967327],[121.721486,29.3968105],[121.7213434,29.3972571],[121.7212481,29.3974704],[121.7211091,29.3976281],[121.7209028,29.3978241],[121.7201993,29.3983888],[121.7200455,29.3985464],[121.7199811,29.3986626],[121.719976,29.3987697],[121.720008,29.3988771],[121.7200031,29.3989615],[121.7199952,29.3990133],[121.7199536,29.3990778],[121.7199122,29.3991326],[121.7198632,29.3992004],[121.7198136,29.3993201],[121.7197377,29.3994686],[121.7196695,29.3995848],[121.7195531,29.3997168],[121.7194109,29.3998225],[121.7192433,29.3998923],[121.7190649,29.3999459],[121.7189382,29.4000063],[121.718852,29.4000899],[121.7187618,29.4001896],[121.7187119,29.4003255],[121.7186646,29.4005652],[121.7186325,29.40075],[121.7186052,29.4008632],[121.7185069,29.4010246],[121.71836,29.4012115],[121.7181914,29.4013657],[121.7180533,29.4014553],[121.7177663,29.4015856],[121.7175948,29.4016814],[121.7173814,29.4018545],[121.7172947,29.4019836],[121.717238,29.4020773],[121.7172109,29.4021711],[121.71721,29.4022393],[121.7172039,29.4024307],[121.7171647,29.4025991],[121.7170925,29.4027445],[121.7169909,29.4028799],[121.7168033,29.4030599],[121.7167171,29.4031434],[121.7166977,29.4032147],[121.7166969,29.4032698],[121.7167074,29.4033186],[121.7167569,29.4035138],[121.7167799,29.4037445],[121.7167732,29.4039782],[121.7167682,29.4043839],[121.7166946,29.4049449],[121.7166519,29.4051002],[121.7166508,29.4051976],[121.7166782,29.4053634],[121.7167037,29.4056948],[121.7167376,29.4059548],[121.7168222,29.4062932],[121.7169243,29.4067194],[121.7170197,29.4070872],[121.7171012,29.4073866],[121.7172021,29.4076017],[121.7172418,29.407693],[121.7173215,29.4078366],[121.7175219,29.4081048],[121.7177476,29.4084153],[121.7178309,29.4085719],[121.7178737,29.4087021],[121.7178722,29.408819],[121.7178742,29.4089521],[121.7178497,29.4091369],[121.7177846,29.4093116],[121.7177463,29.4094021],[121.7177446,29.4095385],[121.7177798,29.4096881],[121.717815,29.4098377],[121.7179534,29.4100273],[121.717993,29.4101154],[121.7179921,29.4101933],[121.7179714,29.4103651],[121.7179251,29.4105075],[121.7178793,29.4106175],[121.7178148,29.4107272],[121.7176686,29.4108718],[121.7174588,29.4110516],[121.7172903,29.411196],[121.7171775,29.4113281],[121.7170794,29.4114732],[121.7168982,29.4117409],[121.7168559,29.4118638],[121.7168028,29.411964],[121.7167163,29.4120638],[121.7166111,29.4121828],[121.7164987,29.4122889],[121.7164275,29.4123466],[121.7163379,29.4124042],[121.7162559,29.4124392],[121.7161966,29.4124451],[121.7161522,29.4124414],[121.7161042,29.4124215],[121.7160413,29.4123753],[121.7159427,29.4123029],[121.7157305,29.4120803],[121.7154511,29.4116134],[121.7152904,29.4114333],[121.714979,29.4111543],[121.7147254,29.4109896],[121.7145278,29.4107962],[121.7141582,29.410429],[121.7139275,29.4102126],[121.7134168,29.40987],[121.7131597,29.4096954],[121.7130791,29.4096232],[121.7130283,29.4095319],[121.7129781,29.4094015],[121.7129343,29.4093493],[121.7128833,29.4092838],[121.7127624,29.4091691],[121.7126596,29.4090966],[121.7125307,29.4090467],[121.7124464,29.4089745],[121.7123989,29.4089221],[121.7123957,29.4088799],[121.7124236,29.4087146],[121.7124068,29.4085781],[121.7123503,29.4083601],[121.7122557,29.4082195],[121.7121602,29.4081537],[121.7119829,29.4081131],[121.7117943,29.4080918],[121.7117169,29.4080585],[121.7116579,29.4080223],[121.7115098,29.4077287],[121.7114551,29.4076666],[121.7113702,29.4076397],[121.7112668,29.407616],[121.7111377,29.4075693],[121.7110752,29.407533],[121.7109322,29.4074148],[121.7107997,29.4073388],[121.7106047,29.4072331],[121.7105018,29.4071736],[121.7103954,29.4070914],[121.710318,29.4070549],[121.7102331,29.4070315],[121.7101591,29.407021],[121.7100261,29.406997],[121.7099263,29.4069765],[121.7098416,29.4069368],[121.7097496,29.4068904],[121.7096538,29.4068571],[121.7095317,29.4068462],[121.7093463,29.4068541],[121.7091568,29.4068944],[121.7090234,29.4068997],[121.7089605,29.4068958],[121.7087977,29.4068812],[121.7084577,29.4068098],[121.7082098,29.406788],[121.7080651,29.406806],[121.7079573,29.4068342],[121.7078459,29.4068526],[121.7075788,29.406876],[121.7073007,29.4068928],[121.7072044,29.4069015],[121.7070595,29.4069261],[121.7069258,29.406954],[121.7068289,29.4070018],[121.706695,29.4070492],[121.7065838,29.4070579],[121.7062946,29.4070713],[121.7060981,29.4070889],[121.7059086,29.4071358],[121.7058341,29.407161],[121.7057595,29.4071992],[121.7057072,29.4072344],[121.7054157,29.4074393],[121.7052587,29.4075547],[121.7051725,29.4076318],[121.7051091,29.407657],[121.7049793,29.4076753],[121.7048419,29.4076967],[121.70479,29.4077027],[121.7047304,29.4077183],[121.7046559,29.4077533],[121.7045961,29.407795],[121.7043267,29.408013],[121.704076,29.4082054],[121.7037052,29.4085199],[121.7035707,29.4086224],[121.7034685,29.4087837],[121.7033662,29.4089645],[121.703325,29.4089999],[121.7032545,29.4090057],[121.7031619,29.409008],[121.7030911,29.409043],[121.7030533,29.4091011],[121.7030188,29.4091916],[121.7029492,29.4094084],[121.702881,29.4095311],[121.7027868,29.4096568],[121.7026932,29.4097371],[121.7024995,29.4098163],[121.702184,29.4098652],[121.7018801,29.4098753],[121.7015838,29.4098659],[121.7013989,29.4098414],[121.7011881,29.40981],[121.701081,29.4097798],[121.7009925,29.4097497],[121.7008927,29.4097357],[121.7008001,29.4097348],[121.7006369,29.4097429],[121.7005295,29.4097451],[121.7004297,29.4097216],[121.7002235,29.4096254],[121.7000609,29.4095945],[121.699935,29.4095901],[121.699805,29.4096148],[121.6995145,29.409732],[121.6990937,29.4099033],[121.6988851,29.4099921],[121.6982986,29.4103597],[121.6981004,29.4105039],[121.6978348,29.410709],[121.6977447,29.4108023],[121.6976729,29.4109184],[121.6975733,29.4111771],[121.6975224,29.4113908],[121.697318,29.4120219],[121.697287,29.4121254],[121.697257,29.4121511],[121.6971939,29.4121602],[121.6971569,29.4121599],[121.6971239,29.4121401],[121.6971019,29.4121106],[121.6970992,29.4120425],[121.6970744,29.4119448],[121.6969755,29.4118594],[121.6969054,29.4118328],[121.696798,29.4118252],[121.6966721,29.4118306],[121.696568,29.4118523],[121.6964045,29.4118961],[121.6963266,29.4119018],[121.6961896,29.4118973],[121.695692,29.4117074],[121.6953635,29.4116036],[121.6947683,29.4115036],[121.6945395,29.4114364],[121.6942298,29.4113133],[121.6940232,29.4112432],[121.6937941,29.4111922],[121.693235,29.4111738],[121.6928383,29.4111861],[121.6926193,29.4112229],[121.692497,29.4112315],[121.6924452,29.4112213],[121.692379,29.4111849],[121.6922728,29.4110832],[121.6920194,29.4106262],[121.6917026,29.4101849],[121.6914263,29.4097699],[121.6912339,29.4094694],[121.6911192,29.4091664],[121.6910437,29.4087046],[121.6910049,29.408555],[121.691041,29.4083411],[121.6911666,29.4080923],[121.6912128,29.4079468],[121.6911996,29.4078135],[121.6911238,29.4076635],[121.6910032,29.4075259],[121.690669,29.4073019],[121.6904749,29.4071215],[121.6904238,29.4070658],[121.6904061,29.4069975],[121.6904037,29.4068968],[121.69035,29.4067535],[121.6902154,29.4065573],[121.6901393,29.40643],[121.69005,29.4061662],[121.6899392,29.4058502],[121.6897312,29.4053191],[121.6895551,29.4048889],[121.6895141,29.4046223],[121.6895047,29.4044892],[121.6896022,29.4041104],[121.68969,29.4036243],[121.6897223,29.4034136],[121.6897462,29.4032775],[121.6898809,29.4028893],[121.6899887,29.402568],[121.6899827,29.402461],[121.6899503,29.4023828],[121.6898402,29.4022974],[121.6896048,29.4021718],[121.6888044,29.4019044],[121.688502,29.4017911],[121.6883549,29.4017081],[121.6882507,29.4016418],[121.6881335,29.4015601],[121.6880068,29.401532],[121.68774,29.4015063],[121.687351,29.4014526],[121.6869197,29.4012911],[121.6866674,29.4011504],[121.6864663,29.4009284],[121.6863706,29.4008003],[121.6862177,29.4007012],[121.6861137,29.4006643],[121.6859972,29.4006399],[121.6858484,29.4006431],[121.6856772,29.4007344],[121.6854399,29.400857],[121.6853256,29.4008942],[121.6851489,29.4009154],[121.6848571,29.4008753],[121.6842942,29.4008698],[121.6839913,29.4008668],[121.6838254,29.4008759],[121.6837357,29.4009203],[121.6836601,29.4010219],[121.6836313,29.4011845],[121.6835659,29.401319],[121.6834269,29.401378],[121.6832196,29.4013899],[121.6828475,29.4014095],[121.6825396,29.4013971],[121.6822054,29.4013566],[121.6819609,29.4013682],[121.6817264,29.4014171],[121.681504,29.4015332],[121.6812339,29.4017607],[121.6807025,29.4022199],[121.6801089,29.4027473],[121.6798383,29.4030171],[121.6795987,29.4032527],[121.6791048,29.4038617],[121.6788736,29.4041318],[121.6787514,29.4042863],[121.678643,29.4044526],[121.6785556,29.4045462],[121.6784602,29.4046183],[121.6782944,29.4047096],[121.6781505,29.4047455],[121.678038,29.4048095],[121.6778613,29.4049194],[121.6776787,29.405071],[121.6775453,29.4051715],[121.6775452,29.4051716],[121.6775343,29.4051798],[121.6773379,29.4053431],[121.6770615,29.4054955],[121.6768491,29.4055685],[121.6766827,29.4056169],[121.6764418,29.4056847],[121.676189,29.4057772],[121.6760339,29.4058359],[121.6758898,29.4059346],[121.675705,29.406078],[121.6754867,29.4061609],[121.6752392,29.4062937],[121.6749395,29.406486],[121.6746749,29.4066086],[121.6744682,29.4066817],[121.6741742,29.4068689],[121.674019,29.4069376],[121.6738304,29.4069358],[121.6735684,29.406873],[121.6731526,29.4067486],[121.6729705,29.4066918],[121.6728502,29.4067007],[121.6727585,29.4067298],[121.6725799,29.406833],[121.6722861,29.4070105],[121.6719239,29.4071771],[121.6717335,29.4073055],[121.6716408,29.4074046],[121.671536,29.4075488],[121.6714435,29.4076331],[121.671323,29.4076719],[121.6710597,29.4076994],[121.6707452,29.4077012],[121.6705618,29.4077444],[121.6702862,29.4078369],[121.6699416,29.4079636],[121.6696718,29.4080511],[121.669431,29.4081037],[121.6691737,29.4081162],[121.6687968,29.4080925],[121.6684939,29.4080845],[121.6681446,29.408141],[121.6678068,29.4081728],[121.6674982,29.4081697],[121.6671613,29.4081463],[121.6668985,29.4081386],[121.6666868,29.4081466],[121.6664518,29.4081943],[121.6662049,29.4082819],[121.666061,29.4083556],[121.6658363,29.4084936],[121.6655318,29.4086108],[121.6653195,29.4086688],[121.6650675,29.4087113],[121.6646556,29.4087322],[121.6642037,29.4087528],[121.6639803,29.4087905],[121.6638136,29.408864],[121.6635365,29.4090666],[121.6632013,29.4093436],[121.663034,29.4094622],[121.6628848,29.4095157],[121.6625693,29.4095977],[121.6622028,29.4096491],[121.6619677,29.4097069],[121.6614976,29.4098172],[121.6609868,29.4099724],[121.6605801,29.4100434],[121.6602995,29.4100807],[121.6598587,29.4101164],[121.659641,29.4101642],[121.6594858,29.4102328],[121.6593932,29.410317],[121.6593579,29.4103917],[121.6593387,29.4105517],[121.6593365,29.410717],[121.659301,29.4108067],[121.6590409,29.4110194],[121.6586473,29.411391],[121.6585027,29.4115247],[121.6583758,29.4116187],[121.6582147,29.411692],[121.6578186,29.4118184],[121.6573074,29.4120034],[121.6570085,29.4121357],[121.6568469,29.4122441],[121.6566738,29.4123676],[121.6564944,29.4125362],[121.6563899,29.4126703],[121.6562904,29.4128395],[121.6561628,29.4129834],[121.6559658,29.4131867],[121.6558267,29.4133306],[121.6555881,29.4136537],[121.655378,29.4139821],[121.6552608,29.4141963],[121.6551614,29.4143705],[121.6549873,29.4145641],[121.6547493,29.4148259],[121.6546041,29.4149996],[121.6544706,29.4151535],[121.6543377,29.4152672],[121.6539856,29.4155239],[121.6536512,29.4157407],[121.6534089,29.4159135],[121.6532237,29.4160818],[121.6530323,29.41629],[121.6529446,29.4164394],[121.6529318,29.4165343],[121.6529328,29.4165637],[121.6529362,29.4166726],[121.6529611,29.4167381],[121.6530255,29.4169325],[121.6532127,29.4175471],[121.6532378,29.4175902],[121.6532544,29.4176985],[121.6532483,29.417766],[121.6532008,29.4178692],[121.6531554,29.4179993],[121.6531041,29.4181791],[121.6530765,29.4183207],[121.653078,29.4184017],[121.6531077,29.4184899],[121.6531497,29.4186186],[121.6533406,29.4189629],[121.6535614,29.4193818],[121.6537227,29.4196223],[121.6537958,29.4197311],[121.6540963,29.4201509],[121.6543572,29.4204463],[121.6544562,29.4205442],[121.6546718,29.4207716],[121.654737,29.4208872],[121.6547563,29.4209887],[121.6547468,29.4211283],[121.6547243,29.4214728],[121.6546881,29.4216796],[121.6546521,29.4218798],[121.6546717,29.4219543],[121.6546942,29.421995],[121.6547423,29.4220519],[121.6551115,29.4223213],[121.6552542,29.4224332],[121.6553476,29.422558],[121.6554026,29.4226734],[121.6554618,29.4228722],[121.6555696,29.4232743],[121.655615,29.4235337],[121.6556205,29.4239033],[121.6556433,29.4241152],[121.6556905,29.4244355],[121.6556874,29.4244783],[121.655669,29.4245006],[121.6556407,29.424507],[121.6555583,29.4245198],[121.6553752,29.4245607],[121.6552125,29.4246176],[121.6550596,29.4247039],[121.6549249,29.4247769],[121.6547616,29.4248767],[121.6543604,29.4250821],[121.6541432,29.425179],[121.6537523,29.4253687],[121.6532034,29.4256583],[121.6529416,29.4258065],[121.6528199,29.4258706],[121.6525702,29.4260843],[121.6523437,29.4262983],[121.6520161,29.4265631],[121.6518266,29.4267053],[121.651593,29.4268696],[121.6512737,29.4271007],[121.6509751,29.4273206],[121.6507743,29.4275303],[121.6506512,29.4276981],[121.6503535,29.4282402],[121.6502636,29.4284262],[121.6501657,29.4286324],[121.6500822,29.4287284],[121.6500044,29.4287794],[121.6499293,29.4288147],[121.6498518,29.4288455],[121.6498206,29.4288654],[121.6497477,29.428939],[121.6496794,29.4290487],[121.6495905,29.4291559],[121.6493641,29.4293631],[121.6491637,29.4295526],[121.6488988,29.429739],[121.6485854,29.4299161],[121.6482817,29.4301316],[121.6478978,29.4303709],[121.6476826,29.4305129],[121.6475913,29.4306134],[121.6472645,29.4310154],[121.6470139,29.43129],[121.6467321,29.4316048],[121.6465158,29.4318233],[121.6463776,29.4319593],[121.6461441,29.432119],[121.6460113,29.4322484],[121.6458966,29.4323644],[121.6457995,29.4325099],[121.6456997,29.4326688],[121.6456289,29.4327672],[121.6454549,29.4329006],[121.6451983,29.4330556],[121.6449058,29.4332013],[121.64481,29.4332498],[121.6444063,29.4334417],[121.6442614,29.4335191],[121.6442093,29.4335636],[121.6441046,29.4337023],[121.6439999,29.4338363],[121.6438802,29.4339432],[121.6436155,29.4341342],[121.6427049,29.4347308],[121.6422975,29.4350106],[121.6420896,29.4351752],[121.6419543,29.4352886],[121.6418117,29.4353796],[121.6415662,29.4354762],[121.6414114,29.4355106],[121.6412159,29.4355199],[121.6410588,29.4355296],[121.640912,29.435555],[121.6407595,29.4356098],[121.6403969,29.4358044],[121.6401201,29.4359277],[121.6400474,29.4359765],[121.6400189,29.4360054],[121.6399704,29.4361604],[121.6399303,29.4362839],[121.6397796,29.4365842],[121.6395078,29.4371221],[121.6394072,29.437335],[121.639323,29.4374783],[121.639247,29.4375789],[121.6391585,29.4376704],[121.6390024,29.4377926],[121.6387972,29.4379482],[121.6387449,29.4380154],[121.6387231,29.4381119],[121.6387271,29.4381953],[121.6387384,29.4383148],[121.6387685,29.4385584],[121.6388246,29.4387865],[121.6388289,29.4388586],[121.6388126,29.4389124],[121.6387864,29.4389482],[121.6387109,29.4390218],[121.6384717,29.4392197],[121.638341,29.4393761],[121.638264,29.4395488],[121.6382311,29.4397152],[121.6382233,29.4399155],[121.6382206,29.4401136],[121.6382231,29.4403052],[121.6381804,29.4404173],[121.6381341,29.4406174],[121.6381064,29.4407657],[121.6380125,29.4410508],[121.637927,29.4412932],[121.6378955,29.4415407],[121.6378992,29.4416601],[121.6379061,29.4417142],[121.6379071,29.4418381],[121.6378931,29.4419191],[121.6378663,29.4419931],[121.6378139,29.4420692],[121.6377715,29.4421656],[121.6377202,29.4423521],[121.6376226,29.4427273],[121.637591,29.4427832],[121.6375676,29.4428032],[121.637529,29.4428096],[121.6374107,29.4428017],[121.6369506,29.4427879],[121.6365545,29.4427951],[121.6364127,29.442823],[121.6361081,29.4429145],[121.6358988,29.4429866],[121.6357544,29.4430211],[121.6354251,29.443029],[121.6351112,29.4430349],[121.6349901,29.4430584],[121.6349434,29.4430828],[121.6347844,29.4432388],[121.6347269,29.4433058],[121.6346672,29.4433457],[121.6345871,29.4433787],[121.6342355,29.4435147],[121.6340673,29.4435895],[121.633863,29.4436821],[121.6336848,29.4437434],[121.6336128,29.4437449],[121.6335435,29.4437306],[121.6334157,29.4436708],[121.6331401,29.443508],[121.6327695,29.4433398],[121.6325929,29.4432795],[121.6324798,29.4432738],[121.6323279,29.4432857],[121.6321551,29.443329],[121.6320648,29.4433416],[121.6318153,29.4433369],[121.6316018,29.4433436],[121.6314627,29.4433647],[121.6313081,29.4433903],[121.6311512,29.4433931],[121.6309687,29.4433777],[121.6307685,29.4433509],[121.6307043,29.4433412],[121.6306503,29.4433496],[121.6306243,29.4433583],[121.6305828,29.4433895],[121.6305385,29.443434],[121.630471,29.443483],[121.6303907,29.4435249],[121.630321,29.4435444],[121.6302257,29.4435547],[121.6300456,29.4435573],[121.6298246,29.4435506],[121.6296982,29.4435787],[121.6296181,29.4436048],[121.6295456,29.4436401],[121.6294526,29.4436796],[121.6293801,29.4437104],[121.6293001,29.4437232],[121.6291919,29.4437468],[121.6290887,29.4437593],[121.6289572,29.443794],[121.6288795,29.4438292],[121.6288329,29.4438536],[121.6287808,29.4439048],[121.6287415,29.443963],[121.6286943,29.4440255],[121.6286269,29.4440676],[121.6285494,29.4440939],[121.6284177,29.4441353],[121.6282755,29.4441901],[121.6281769,29.44425],[121.628125,29.4442922],[121.6281038,29.4443303],[121.6280957,29.4443595],[121.62809,29.4444134],[121.6280887,29.4445058],[121.6280701,29.444553],[121.6280386,29.4445954],[121.6279915,29.4446534],[121.6279474,29.4446846],[121.6279008,29.4447111],[121.6278544,29.4447219],[121.6277693,29.4447346],[121.6277074,29.4447496],[121.6276712,29.4447673],[121.6276137,29.4448321],[121.6275845,29.444897],[121.6275126,29.4450832],[121.627441,29.4452447],[121.6273757,29.4453183],[121.6272847,29.445394],[121.6271187,29.4454936],[121.6270228,29.4455512],[121.6269966,29.4455915],[121.6269726,29.4456498],[121.6269534,29.4457374],[121.6269356,29.4459174],[121.6268736,29.44632],[121.6268088,29.4465468],[121.626764,29.4466342],[121.6267007,29.4467416],[121.6265598,29.4468926],[121.6264842,29.4469728],[121.6263857,29.4470326],[121.6262718,29.4470877],[121.6261222,29.4471154],[121.6259809,29.4471117],[121.6257676,29.4470983],[121.6255764,29.4470795],[121.6253695,29.447046],[121.6252462,29.4470238],[121.6250357,29.4469621],[121.6249798,29.4469721],[121.6249235,29.4470029],[121.6248592,29.4470442],[121.6247349,29.4470953],[121.6246672,29.4470945],[121.6245913,29.4471008],[121.6245154,29.447114],[121.6244431,29.4471482],[121.6244189,29.4471653],[121.6243378,29.4472624],[121.6242485,29.4473871],[121.6241434,29.4474803],[121.6240748,29.447539],[121.624002,29.447622],[121.6238765,29.4477675],[121.6237595,29.4478641],[121.623631,29.4479257],[121.6234871,29.4479591],[121.6232317,29.4479704],[121.6229608,29.4479466],[121.6223639,29.4478671],[121.6220535,29.4478115],[121.6219102,29.4477961],[121.6218782,29.4477992],[121.6217462,29.4478363],[121.6214326,29.4480286],[121.621227,29.4481975],[121.6211293,29.4483363],[121.6209998,29.4484887],[121.6208099,29.4486647],[121.620684,29.4488416],[121.6205485,29.4491301],[121.6205151,29.4492345],[121.6203994,29.4495441],[121.6203119,29.4498157],[121.6202826,29.4499166],[121.6202778,29.4502763],[121.6202495,29.4506008],[121.6202288,29.4506494],[121.6201846,29.4506804],[121.6200841,29.4507387],[121.619787,29.4508894],[121.6196383,29.4509821],[121.6195856,29.4510409],[121.6195519,29.4511664],[121.6195092,29.4513859],[121.6194628,29.4515741],[121.6194176,29.4516644],[121.6193602,29.451772],[121.6193393,29.4518452],[121.6193422,29.4519395],[121.6194195,29.4521184],[121.6194222,29.4522092],[121.6194095,29.452265],[121.6193848,29.4523172],[121.6193321,29.4523794],[121.6191792,29.4524861],[121.6190337,29.4526313],[121.61894,29.4527701],[121.6188239,29.4531041],[121.6187414,29.4533023],[121.6186847,29.4533715],[121.6186244,29.4534093],[121.6185004,29.453436],[121.6183325,29.4534656],[121.6180771,29.4534874],[121.6178095,29.4535161],[121.6174979,29.4535513],[121.617302,29.4535947],[121.6171336,29.4536593],[121.617057,29.4537283],[121.6169883,29.4537905],[121.6169433,29.4538773],[121.6169063,29.4539537],[121.6168623,29.4539707],[121.6168304,29.4539669],[121.6167827,29.453956],[121.6167511,29.4539416],[121.6165173,29.453831],[121.6161804,29.4536739],[121.6159657,29.4536297],[121.615727,29.4535958],[121.6154525,29.4535406],[121.6148795,29.4534507],[121.61435,29.4533894],[121.6140556,29.4533411],[121.6136661,29.4532496],[121.613261,29.4531232],[121.6126765,29.4530019],[121.6122191,29.4529097],[121.6119207,29.4528613],[121.6116703,29.4527923],[121.6114168,29.4526744],[121.611152,29.452497],[121.610851,29.4523402],[121.6106693,29.4522196],[121.6105984,29.4521525],[121.6105913,29.4520895],[121.6106084,29.4520059],[121.610645,29.4519575],[121.6107132,29.4519267],[121.6109173,29.4518659],[121.6110176,29.4518216],[121.6111226,29.4517318],[121.6111871,29.4516696],[121.6112077,29.451628],[121.6112087,29.4515581],[121.6111851,29.4515229],[121.6111378,29.4514875],[121.6110585,29.4514518],[121.6108795,29.4514255],[121.610764,29.4514138],[121.6106687,29.4513778],[121.6106212,29.4513529],[121.6105979,29.4513037],[121.6106191,29.4512098],[121.6106755,29.4511719],[121.6108165,29.4510651],[121.6109015,29.4509716],[121.61097,29.4509269],[121.611034,29.4509136],[121.6110937,29.4509143],[121.6111573,29.4509324],[121.6111848,29.4509676],[121.6112041,29.4510098],[121.6112157,29.4510378],[121.6112434,29.4510486],[121.6112634,29.4510523],[121.6112913,29.4510456],[121.6113234,29.451032],[121.6113637,29.4510009],[121.6115363,29.450926],[121.6116241,29.4509198],[121.6117516,29.4509211],[121.6119388,29.450937],[121.6120547,29.4509208],[121.6120986,29.4509073],[121.6121188,29.4508865],[121.6121274,29.4508482],[121.6121083,29.4507852],[121.6120532,29.4507357],[121.6119343,29.4506821],[121.6118078,29.4506004],[121.6116932,29.4505224],[121.6116297,29.4505008],[121.6114904,29.4504889],[121.6112313,29.4504757],[121.6111078,29.4504499],[121.6109531,29.4504029],[121.6107113,29.4502921],[121.6105367,29.4502345],[121.6104291,29.4502229],[121.6103533,29.4502291],[121.6102212,29.4502696],[121.6101372,29.4502897],[121.6100575,29.4502853],[121.6099779,29.450267],[121.6099145,29.4502385],[121.6098231,29.45022],[121.6097552,29.4502368],[121.609731,29.4502505],[121.6096909,29.450271],[121.6096506,29.450302],[121.6096185,29.4503087],[121.6095826,29.4503083],[121.609543,29.4502904],[121.6094756,29.4502548],[121.6094049,29.4501877],[121.6092982,29.4501168],[121.6091912,29.4500667],[121.6090917,29.4500482],[121.6088571,29.4500039],[121.6086783,29.4499567],[121.6085865,29.4499662],[121.6085544,29.4499763],[121.6084901,29.4500175],[121.6083738,29.4500617],[121.6082099,29.4500949],[121.6081224,29.45008],[121.6080312,29.4500406],[121.6079124,29.4499801],[121.607822,29.4498813],[121.6077592,29.4498073],[121.6076919,29.4497786],[121.6076124,29.4497639],[121.6074411,29.4497447],[121.607274,29.4497115],[121.6071829,29.4496756],[121.607044,29.4496252],[121.606821,29.4495984],[121.6066504,29.4495408],[121.6064881,29.4494518],[121.6064086,29.44943],[121.6062096,29.4494069],[121.6060063,29.4494013],[121.6057473,29.4493881],[121.6055803,29.449348],[121.6054814,29.4493015],[121.6053549,29.4492128],[121.6049743,29.4490588],[121.604704,29.4489896],[121.6045327,29.4489773],[121.6043813,29.4489687],[121.6042618,29.4489535],[121.6039401,29.4488803],[121.6034584,29.4488158],[121.603064,29.4487908],[121.6028611,29.4487572],[121.6027146,29.4486823],[121.6025044,29.4486034],[121.6024058,29.4485255],[121.6023263,29.4485036],[121.6018998,29.4484887],[121.6015882,29.4485308],[121.601329,29.4485281],[121.6009696,29.4485697],[121.6006944,29.4485774],[121.600627,29.4485487],[121.6005835,29.4485168],[121.6005562,29.4484746],[121.6005423,29.4483312],[121.6005232,29.4482647],[121.6005041,29.4482052],[121.6004606,29.4481732],[121.6003615,29.4481442],[121.6002739,29.4481363],[121.600123,29.4480754],[121.6000046,29.4479903],[121.5999222,29.4478882],[121.5998434,29.4478245],[121.59974,29.4478024],[121.5995209,29.4477862],[121.5994097,29.4477571],[121.5993151,29.4476757],[121.5992571,29.4475459],[121.5992276,29.4473745],[121.599173,29.4472866],[121.5989205,29.4470883],[121.5987465,29.4469817],[121.5986312,29.4469525],[121.5984401,29.4469331],[121.5982207,29.4469414],[121.5980485,29.4469884],[121.5978153,29.4471291],[121.5975699,29.4472837],[121.5973454,29.4473791],[121.5970372,29.4474702],[121.5965879,29.4476541],[121.5963202,29.4477001],[121.5961484,29.4477158],[121.5960608,29.4477009],[121.5958543,29.4476499],[121.5955481,29.4475768],[121.5954047,29.4475753],[121.5952765,29.4476158],[121.5951482,29.4476738],[121.595008,29.4477142],[121.5948884,29.447713],[121.5948448,29.4476917],[121.594698,29.4476412],[121.5945741,29.4476643],[121.5944255,29.4477431],[121.5942612,29.4478007],[121.594129,29.4478412],[121.5940366,29.4478961],[121.5939317,29.4479858],[121.5938744,29.4480934],[121.5938493,29.4481735],[121.5938361,29.4482607],[121.5937746,29.4483823],[121.5937136,29.4484689],[121.5935969,29.4485446],[121.593433,29.4485847],[121.5932684,29.4486529],[121.593148,29.4487179],[121.5931032,29.4487873],[121.5930664,29.4488533],[121.5930055,29.448926],[121.5929331,29.4489672],[121.5928249,29.4490149],[121.5926402,29.4491071],[121.5924868,29.4492417],[121.5923608,29.4494186],[121.5922,29.4498046],[121.5920845,29.4500898],[121.5919834,29.450183],[121.5919029,29.450238],[121.5913778,29.450442],[121.5911732,29.4505306],[121.5911125,29.4505962],[121.5909866,29.4507556],[121.5908819,29.4508313],[121.5908221,29.4508307],[121.5907387,29.4508089],[121.5906324,29.4507065],[121.5904018,29.4503723],[121.5903184,29.4503365],[121.5902509,29.4503218],[121.5900118,29.4503087],[121.5897766,29.4503098],[121.5897051,29.4502881],[121.5896575,29.4502631],[121.5896263,29.4502209],[121.5895911,29.4501681],[121.5895766,29.4500597],[121.5895311,29.4498986],[121.5894344,29.4496845],[121.5893908,29.4496596],[121.5893671,29.4496454],[121.5893432,29.4496451],[121.5892673,29.4496618],[121.5890191,29.4497221],[121.5888434,29.4497447],[121.5887956,29.4497441],[121.588756,29.4497262],[121.5886371,29.4496692],[121.5884196,29.4495376],[121.5881537,29.4494475],[121.5879316,29.4493613],[121.587657,29.4493235],[121.5872986,29.4492882],[121.5870363,29.4492295],[121.5869053,29.4491793],[121.5866923,29.4490094],[121.5864439,29.4488112],[121.5861987,29.4486654],[121.5859806,29.4485758],[121.585619,29.4484846],[121.5853527,29.4484259],[121.5850898,29.4484057],[121.5848827,29.4483826],[121.5847079,29.4483422],[121.5845729,29.4482954],[121.5843434,29.4481673],[121.5839392,29.4479883],[121.5837803,29.4479447],[121.5836329,29.4479362],[121.583437,29.447976],[121.5832248,29.4480331],[121.5830523,29.4481082],[121.5828517,29.4481968],[121.5826756,29.4482438],[121.5824874,29.4483011],[121.5823551,29.4483557],[121.5822099,29.4484659],[121.5821415,29.4485211],[121.5818967,29.4486302],[121.5815165,29.4487274],[121.5811728,29.4487797],[121.5809319,29.4489029],[121.5807265,29.4490508],[121.5805805,29.4492204],[121.5804424,29.449397],[121.5803485,29.4495637],[121.5803425,29.4496998],[121.5803886,29.4498295],[121.5804387,29.4499522],[121.5805362,29.4501105],[121.5805903,29.4502368],[121.5805932,29.4503136],[121.5805803,29.4503799],[121.5805439,29.4504284],[121.5804996,29.4504559],[121.5804396,29.4504727],[121.5803676,29.4504824],[121.580252,29.4504742],[121.5801441,29.450494],[121.5800396,29.4505592],[121.5799102,29.4506836],[121.579808,29.4508745],[121.5796555,29.4512291],[121.579507,29.4515803],[121.5793682,29.4518198],[121.5792945,29.4519518],[121.5790786,29.4522847],[121.578962,29.4526397],[121.5789319,29.4528036],[121.5788903,29.4529254],[121.5788191,29.453176],[121.5787359,29.4534196],[121.578737,29.4536292],[121.5787352,29.4537583],[121.5786935,29.4538837],[121.5786686,29.4539637],[121.5786016,29.4544624],[121.5785595,29.4546192],[121.5784401,29.4548937],[121.5783885,29.4551621],[121.57834,29.4555039],[121.578377,29.4556998],[121.5783583,29.4559057],[121.5783001,29.4560727],[121.5782983,29.4561984],[121.5783474,29.456398],[121.5784438,29.4566331],[121.5785769,29.4568161],[121.5787421,29.456982],[121.5789316,29.4571132],[121.579216,29.4573119],[121.5795073,29.4575839],[121.5796995,29.4578199],[121.5798114,29.4580865],[121.5798995,29.4583293],[121.5799112,29.4584215],[121.5800132,29.4586414],[121.5801192,29.4590625],[121.5802511,29.4595014],[121.5803718,29.459802],[121.5804885,29.4599068],[121.5805142,29.4599646],[121.5804609,29.4600102],[121.5804018,29.4600095],[121.5803167,29.4599855],[121.5799435,29.4598838],[121.5794911,29.4598099],[121.5789792,29.4597469],[121.5785327,29.4597191],[121.5781911,29.4597155],[121.5780462,29.4597369],[121.5778738,29.4598501],[121.5776605,29.4600608],[121.5772456,29.4605916],[121.5766743,29.4615065],[121.5764924,29.4618268],[121.5764638,29.461982],[121.5765396,29.4622072],[121.5765307,29.462374],[121.576548,29.4625469],[121.5766252,29.4626684],[121.5766693,29.4628014],[121.5766417,29.4628932],[121.5765344,29.4630474],[121.5764938,29.4631276],[121.5765369,29.4633468],[121.5765355,29.4634445],[121.576483,29.4634439],[121.5764176,29.4634145],[121.5763071,29.463327],[121.5761449,29.4631756],[121.5759387,29.4628856],[121.5755492,29.4625361],[121.5752238,29.4623024],[121.5751652,29.4622672],[121.5751257,29.4622669],[121.5750991,29.4622896],[121.5750327,29.4623406],[121.574838,29.4626321],[121.5747146,29.4630049],[121.5747087,29.463425],[121.5747516,29.4636441],[121.5747243,29.4637129],[121.5745463,29.463757],[121.5742815,29.4638923],[121.5741685,29.4639832],[121.5741213,29.4640633],[121.5738307,29.4646416],[121.5736147,29.4650478],[121.5735411,29.4651392],[121.5734883,29.4651558],[121.5734098,29.465132],[121.573338,29.4650909],[121.5732531,29.4650498],[121.5731808,29.4650548],[121.5730808,29.4651515],[121.5730796,29.4652377],[121.5731246,29.4653074],[121.573248,29.4654179],[121.5735017,29.4656107],[121.5735974,29.4658131],[121.5736731,29.4660442],[121.5737378,29.4661197],[121.5739667,29.4661969],[121.5740573,29.4663015],[121.5741405,29.4664636],[121.574112,29.4666186],[121.5740051,29.4667441],[121.573879,29.4668292],[121.5736341,29.4669475],[121.5735338,29.4670672],[121.5734252,29.4673192],[121.5732972,29.4675424],[121.5729704,29.4678842],[121.5727906,29.4680491],[121.5726453,29.4680937],[121.5725269,29.4681096],[121.5723293,29.4681363],[121.5721972,29.468181],[121.5720244,29.468323],[121.57193,29.4684946],[121.5717958,29.4686946],[121.5716698,29.4687681],[121.5714059,29.46884],[121.5711357,29.468889],[121.5709453,29.4688697],[121.5707354,29.4688445],[121.5705701,29.4689174],[121.5704103,29.4690654],[121.5702558,29.4692997],[121.5701461,29.4696266],[121.5700565,29.4699191],[121.5698656,29.4704121],[121.5695424,29.4709611],[121.5691941,29.4714235],[121.5688634,29.4718175],[121.5688673,29.4721185],[121.5689469,29.4784119],[121.5701656,29.4794769],[121.575708,29.4843201],[121.5872025,29.4880227],[121.6006414,29.4984113],[121.6139498,29.5040444],[121.616375,29.5062658],[121.6180323,29.5088855],[121.6188778,29.511093],[121.6192498,29.5133004],[121.6186305,29.5168693],[121.6127925,29.5200766],[121.605354,29.5175645],[121.5655722,29.497573],[121.518703,29.4988459],[121.5060002,29.4985917],[121.5002531,29.4984767],[121.4748839,29.5013909],[121.4695146,29.5081104],[121.4551843,29.513569],[121.4551481,29.5135828],[121.4550748,29.5133827],[121.4550176,29.5133833],[121.4547944,29.5135141],[121.4544968,29.5136955],[121.4542849,29.513873],[121.4540375,29.5140571],[121.4537013,29.5142886],[121.4533759,29.5145265],[121.4530255,29.5147554],[121.4527189,29.515016],[121.4526811,29.515033],[121.4524993,29.5151698],[121.4520604,29.5154094],[121.4509872,29.5161258],[121.4503478,29.5165895],[121.4496294,29.5170426],[121.4491522,29.5174289],[121.4490589,29.517503],[121.4489152,29.5176058],[121.4487901,29.5176426],[121.4487659,29.5176428],[121.448733,29.5176371],[121.4486631,29.5176386],[121.448395,29.5176538],[121.4481524,29.5177217],[121.4479592,29.5177629],[121.4477607,29.5177868],[121.4476264,29.5177795],[121.4475258,29.5176938],[121.447519,29.5175677],[121.4476118,29.517445],[121.447695,29.5173572],[121.4477309,29.5172854],[121.4477501,29.5172358],[121.4478008,29.5170785],[121.4478065,29.5170059],[121.447827,29.5165849],[121.447813,29.516077],[121.4477614,29.5159442],[121.4476604,29.5158321],[121.4474763,29.5157151],[121.4472356,29.5155755],[121.4471056,29.5155276],[121.4470262,29.5155458],[121.4469838,29.5155928],[121.4469415,29.5156483],[121.4468691,29.5156956],[121.4467963,29.5156993],[121.4466499,29.515666],[121.4464545,29.5156798],[121.4463919,29.5157124],[121.4462519,29.515942],[121.4460113,29.5164047],[121.4459584,29.5164745],[121.4459198,29.5165591],[121.4458923,29.5167248],[121.4455608,29.5167343],[121.4452527,29.5167609],[121.4449386,29.5168223],[121.4447331,29.5168303],[121.4444816,29.516865],[121.4439017,29.5169003],[121.4435071,29.5168958],[121.4433043,29.5168661],[121.4429824,29.5167679],[121.442855,29.5167549],[121.4427922,29.5167701],[121.44269,29.5168359],[121.4424442,29.5170205],[121.4422683,29.5171334],[121.4418765,29.5174388],[121.4411939,29.5179454],[121.4411772,29.517934],[121.4407982,29.5176362],[121.4407551,29.5176336],[121.4405648,29.5177748],[121.4403894,29.5178508],[121.4403208,29.5178761],[121.4402578,29.5178826],[121.4401353,29.5178984],[121.4398799,29.5178925],[121.4396443,29.5178806],[121.4394276,29.5178537],[121.4392521,29.5178152],[121.4391251,29.517747],[121.4390451,29.5177188],[121.438969,29.5177312],[121.4389033,29.5177784],[121.4387756,29.51789],[121.4386154,29.5180512],[121.4385493,29.5180665],[121.4384795,29.5180586],[121.438363,29.5179193],[121.438296,29.5177394],[121.4382074,29.5176416],[121.4381322,29.5175635],[121.4379986,29.517469],[121.4379237,29.5174247],[121.4378976,29.5174023],[121.4378748,29.5173829],[121.4378809,29.5173574],[121.4379469,29.5172298],[121.4381142,29.5169768],[121.4381777,29.5169028],[121.4382225,29.5168741],[121.4383061,29.5168596],[121.4384197,29.516878],[121.4385244,29.5168959],[121.4386594,29.516904],[121.4387937,29.5168682],[121.4388518,29.516818],[121.4389239,29.5166897],[121.4389929,29.5164929],[121.4390197,29.5163823],[121.4390182,29.5162776],[121.4390047,29.516213],[121.4389262,29.5160805],[121.4388903,29.5160083],[121.4388766,29.5159145],[121.4388706,29.5158374],[121.4388737,29.5157517],[121.4389049,29.5156466],[121.4389908,29.5154172],[121.4389975,29.5152743],[121.4390025,29.5151832],[121.4389866,29.5151203],[121.43895,29.5149707],[121.4388429,29.5146975],[121.4387743,29.5145177],[121.4387126,29.5144154],[121.4386557,29.5143376],[121.4385941,29.5142964],[121.4384649,29.514235],[121.4382921,29.5141664],[121.4381229,29.514113],[121.4379717,29.5140958],[121.4377562,29.514117],[121.437622,29.5141609],[121.4373704,29.514291],[121.4371714,29.5143404],[121.4368965,29.5143481],[121.4365785,29.5143657],[121.4363031,29.5143404],[121.4360976,29.5143048],[121.4359237,29.5142171],[121.435766,29.5141254],[121.4355917,29.5140045],[121.4354656,29.5138549],[121.4353766,29.5136717],[121.4352442,29.5134607],[121.4351293,29.5133487],[121.4349553,29.5132514],[121.4347982,29.5131965],[121.4345979,29.5131514],[121.4344843,29.5131243],[121.4344033,29.513111],[121.4343063,29.5131262],[121.4341348,29.5132036],[121.433925,29.513239],[121.4336718,29.5132605],[121.4333964,29.5132352],[121.43299,29.5131074],[121.4327464,29.5130439],[121.4325299,29.5129944],[121.4323728,29.5129441],[121.4321662,29.5128236],[121.4320361,29.5127778],[121.4318848,29.5127606],[121.4317988,29.5127851],[121.431649,29.5128717],[121.4315098,29.5129393],[121.4313267,29.5129601],[121.4310197,29.5129965],[121.4308202,29.5129987],[121.4307504,29.5130183],[121.4307076,29.5130424],[121.4303859,29.5135651],[121.4301807,29.5139261],[121.4301013,29.5140402],[121.4300319,29.5140882],[121.4299302,29.5141412],[121.4298386,29.5141563],[121.4297361,29.5141433],[121.4295786,29.5140695],[121.4294474,29.5139434],[121.4293166,29.5138504],[121.4291919,29.5138093],[121.4288999,29.5137511],[121.4286781,29.5137063],[121.4286293,29.5136879],[121.428602,29.5136693],[121.4285694,29.5136413],[121.4285258,29.5136135],[121.4284825,29.5136045],[121.4283911,29.5136196],[121.428305,29.5136395],[121.4282241,29.5136403],[121.4281048,29.5135944],[121.4279044,29.5135352],[121.4277362,29.5134662],[121.4275402,29.5133361],[121.427295,29.5131594],[121.4271588,29.5130569],[121.4270829,29.5130294],[121.4269638,29.5130024],[121.4268072,29.5129947],[121.4265967,29.512978],[121.4264397,29.5129325],[121.4261783,29.5127607],[121.4258679,29.5125516],[121.4257379,29.5125057],[121.4256299,29.5125069],[121.4254849,29.5125462],[121.4252491,29.5126526],[121.4250297,29.5127777],[121.4247899,29.512988],[121.4246666,29.5130365],[121.4245748,29.5130327],[121.4245313,29.5130049],[121.4244769,29.5129678],[121.424422,29.5129069],[121.4243672,29.5128462],[121.4242805,29.5128141],[121.4241615,29.5127917],[121.4238804,29.5127476],[121.4236805,29.5127261],[121.4235399,29.5126946],[121.4234093,29.512611],[121.4233059,29.5125507],[121.4232733,29.5125322],[121.4232032,29.5125329],[121.4230584,29.5125958],[121.4229076,29.5126069],[121.4227722,29.5125706],[121.4226418,29.5125012],[121.4223912,29.5123197],[121.4220756,29.5121295],[121.4217658,29.5119535],[121.4215366,29.5117719],[121.4215037,29.5117298],[121.4214813,29.5116734],[121.4214568,29.5114612],[121.4214108,29.5112633],[121.4213333,29.5111132],[121.4212133,29.5110248],[121.421099,29.5109457],[121.4209689,29.5108952],[121.4207417,29.5108504],[121.4205466,29.5107864],[121.4203342,29.5106424],[121.4199455,29.5102358],[121.4195396,29.5097445],[121.4193584,29.5095152],[121.4192703,29.5093839],[121.4192463,29.5092095],[121.4192336,29.5090727],[121.419275,29.5089495],[121.4193434,29.5088261],[121.419401,29.5087027],[121.4193946,29.5086273],[121.4193179,29.5085431],[121.4190496,29.508258],[121.418891,29.5080992],[121.4187918,29.5079445],[121.4187463,29.507775],[121.4187221,29.5075912],[121.4187195,29.5074071],[121.4186914,29.5073224],[121.4186529,29.5072662],[121.4185711,29.5072057],[121.4185279,29.5071967],[121.4183398,29.5072459],[121.4180078,29.5074194],[121.4178046,29.5075444],[121.417559,29.5077264],[121.4173401,29.5078892],[121.4169874,29.5081195],[121.4168173,29.5082961],[121.4166852,29.5084958],[121.4165854,29.5086904],[121.4164758,29.5089512],[121.4164534,29.5092724],[121.4164131,29.5094853],[121.4163832,29.5096508],[121.416421,29.510047],[121.4164704,29.5104948],[121.4164797,29.5107733],[121.4164685,29.5111322],[121.4164459,29.511444],[121.4163304,29.5120542],[121.4162795,29.512272],[121.4161968,29.5125324],[121.4161496,29.5126274],[121.4160119,29.5128082],[121.4158104,29.5130605],[121.4156732,29.5132792],[121.4155048,29.5135736],[121.4153803,29.5139337],[121.4153567,29.51417],[121.4153924,29.5144152],[121.4155864,29.5147907],[121.4156588,29.5149552],[121.4157462,29.5154169],[121.4157336,29.5156766],[121.4156322,29.5161356],[121.4155782,29.5165186],[121.4155059,29.5167554],[121.4154001,29.5169075],[121.4152613,29.5170035],[121.4150574,29.5170764],[121.4149121,29.5171016],[121.4146473,29.5170666],[121.4138912,29.5170039],[121.4136646,29.5170016],[121.4134924,29.517027],[121.4133959,29.5170753],[121.4132743,29.5172512],[121.413138,29.5175359],[121.4130907,29.5176167],[121.4129359,29.5177363],[121.4125397,29.5179576],[121.4121744,29.5180607],[121.4119377,29.518101],[121.411695,29.5181082],[121.4114304,29.5180875],[121.4112735,29.5180514],[121.4111593,29.5179818],[121.4109849,29.5178562],[121.4109025,29.5177485],[121.4108634,29.5176497],[121.410862,29.5175506],[121.4108445,29.5174564],[121.4107786,29.5173721],[121.4107619,29.5173346],[121.4107559,29.5172921],[121.410749,29.5171883],[121.4107156,29.5171085],[121.4106446,29.5170384],[121.4106066,29.5170247],[121.4105582,29.5170393],[121.4105266,29.5170915],[121.4104968,29.517276],[121.4104883,29.5174461],[121.4105237,29.5176676],[121.4105954,29.5177801],[121.4106509,29.5178928],[121.4106515,29.5179305],[121.410609,29.5179782],[121.4105448,29.5180214],[121.4104643,29.5180506],[121.4104,29.5180796],[121.4103789,29.5181128],[121.4103742,29.5181648],[121.4103749,29.5182167],[121.4104952,29.5183287],[121.4105339,29.5183991],[121.4105345,29.5184416],[121.4104981,29.5185364],[121.4103435,29.5186702],[121.4102534,29.5187845],[121.4101587,29.5189555],[121.4101008,29.5190599],[121.4100316,29.5191268],[121.4099299,29.5191798],[121.4097909,29.519271],[121.4096894,29.5193475],[121.4095337,29.5194011],[121.4093778,29.5194311],[121.4091463,29.5194666],[121.4088608,29.5195027],[121.4086129,29.5195147],[121.4083432,29.5195176],[121.407944,29.5195124],[121.4076903,29.5195009],[121.4075882,29.5195256],[121.4075292,29.5195546],[121.4075026,29.5195785],[121.4074817,29.5196259],[121.4074447,29.5196876],[121.4074077,29.5197353],[121.4073166,29.5197787],[121.4069447,29.5198015],[121.4065785,29.5198384],[121.4062552,29.5198702],[121.4057384,29.5199418],[121.4053833,29.5200068],[121.4052597,29.5200365],[121.4051954,29.520075],[121.4051049,29.5201609],[121.405046,29.5201898],[121.4049277,29.5202194],[121.4044529,29.5202103],[121.4038749,29.5201503],[121.4038267,29.5201744],[121.4036494,29.5206153],[121.4034286,29.521033],[121.403351,29.5212699],[121.4032842,29.5215113],[121.403243,29.5216534],[121.4031955,29.5217247],[121.4030784,29.5218392],[121.4026711,29.522037],[121.4021032,29.5223122],[121.4018251,29.5224945],[121.4016594,29.5226001],[121.4015589,29.5227428],[121.4014957,29.5228614],[121.4014325,29.522966],[121.4012999,29.5231326],[121.4011998,29.5233037],[121.4011794,29.5233935],[121.401171,29.523559],[121.4011596,29.5235726],[121.4011551,29.523578],[121.4010958,29.5235881],[121.4009389,29.5235519],[121.4006035,29.52348],[121.400425,29.5234441],[121.4002574,29.5234222],[121.4001819,29.523423],[121.4000522,29.5234007],[121.3998783,29.5233129],[121.3994652,29.523086],[121.399177,29.5229191],[121.3988607,29.5226627],[121.3983799,29.5222241],[121.3982762,29.5221354],[121.3982271,29.5220935],[121.3981889,29.5220655],[121.3981673,29.5220611],[121.3981353,29.5220897],[121.3980303,29.5223033],[121.3978976,29.522451],[121.3977647,29.5225988],[121.397331,29.5228394],[121.3970849,29.5229883],[121.3967738,29.5231096],[121.3964627,29.5232451],[121.3961887,29.5233188],[121.395898,29.523369],[121.3957149,29.5233851],[121.395381,29.5234263],[121.3950629,29.5234438],[121.3947662,29.5234422],[121.3944962,29.5234214],[121.3943178,29.5233903],[121.3941554,29.5233542],[121.3940852,29.5233456],[121.3939882,29.5233513],[121.3938265,29.5233577],[121.3937077,29.5233542],[121.3935072,29.5232855],[121.3934423,29.5232767],[121.3932808,29.5232974],[121.3930285,29.523385],[121.3924645,29.5235655],[121.392244,29.5236151],[121.3920717,29.5236405],[121.3918824,29.5236047],[121.3917523,29.5235588],[121.3916283,29.5235554],[121.3915364,29.5235517],[121.391413,29.5236002],[121.3912581,29.5237056],[121.3911413,29.5238438],[121.3908754,29.5241204],[121.3904909,29.5244077],[121.3902184,29.5245947],[121.3900953,29.5246621],[121.3899769,29.5246868],[121.3898581,29.5246833],[121.3897223,29.5246092],[121.3894328,29.5243432],[121.3891103,29.5240397],[121.3888971,29.5238295],[121.3886832,29.5235721],[121.3883527,29.5230751],[121.3882373,29.5229112],[121.3881657,29.5228128],[121.3881437,29.52278],[121.3881376,29.5227282],[121.3881675,29.5225484],[121.388449,29.5218279],[121.3887425,29.5212017],[121.3891553,29.5206168],[121.3894254,29.5202552],[121.3895199,29.5200606],[121.3895913,29.5197625],[121.3896156,29.5195687],[121.3896234,29.5193468],[121.3896038,29.5190968],[121.3895801,29.5189412],[121.3895793,29.5188799],[121.389605,29.51879],[121.3896364,29.5187188],[121.3897324,29.5186376],[121.3898287,29.5185846],[121.3898716,29.5185606],[121.3898926,29.5185179],[121.389908,29.5184658],[121.3898913,29.5184235],[121.3897992,29.5183961],[121.389334,29.5183018],[121.3890473,29.5182387],[121.3889931,29.5182299],[121.3889386,29.5181832],[121.3888834,29.5180941],[121.3886646,29.5178698],[121.3884782,29.5176499],[121.3883037,29.5175101],[121.3881732,29.5174312],[121.3879563,29.5173485],[121.3878205,29.5172839],[121.3877331,29.5172045],[121.3876071,29.5170594],[121.3875033,29.5169708],[121.3873675,29.516892],[121.3872101,29.5168228],[121.3870364,29.5167444],[121.3869438,29.5166793],[121.386774,29.5164875],[121.3866039,29.5162768],[121.3865215,29.5161644],[121.3864548,29.5160235],[121.3864144,29.5158303],[121.3863945,29.5155568],[121.3863929,29.5154435],[121.3864116,29.5152261],[121.3863945,29.5151602],[121.3862314,29.5150628],[121.3861003,29.5149509],[121.385974,29.5147823],[121.3858808,29.5146746],[121.3857972,29.5144678],[121.3857182,29.5142184],[121.3856388,29.513936],[121.3853583,29.5131411],[121.3851573,29.5126382],[121.3849479,29.5123194],[121.3848288,29.5122781],[121.3846507,29.5122752],[121.3843918,29.5122779],[121.3840025,29.5122111],[121.383667,29.512125],[121.3832069,29.5120117],[121.3830229,29.5119664],[121.3827692,29.5119502],[121.3820676,29.5119197],[121.3819431,29.511888],[121.3817858,29.5118282],[121.3816771,29.511768],[121.3815898,29.5116934],[121.3815454,29.5115995],[121.38151,29.5113732],[121.3814319,29.5111853],[121.3813059,29.5110402],[121.3811797,29.510881],[121.3811033,29.5108157],[121.3809891,29.5107555],[121.3809403,29.5107277],[121.3809071,29.5106667],[121.3808947,29.5105535],[121.3809042,29.5104542],[121.3809458,29.5103405],[121.3809661,29.5102506],[121.3809536,29.5101186],[121.3809197,29.5100057],[121.3808753,29.5099117],[121.380765,29.5097382],[121.3807092,29.5095972],[121.3806702,29.5095031],[121.3806315,29.5094374],[121.3805448,29.5094053],[121.380442,29.5093827],[121.380334,29.5093745],[121.3802371,29.5093849],[121.3800923,29.5094525],[121.380012,29.5094911],[121.3799419,29.5094919],[121.3798933,29.5094876],[121.379817,29.5094317],[121.3796744,29.5092586],[121.3795151,29.5090431],[121.3794437,29.5089541],[121.3793826,29.5088179],[121.3793634,29.5085962],[121.379374,29.5081901],[121.3793678,29.5077275],[121.3793431,29.5074965],[121.3792702,29.5072943],[121.3791926,29.5071345],[121.3791097,29.5069891],[121.3790652,29.5068904],[121.3790191,29.5066737],[121.3789764,29.5063107],[121.3789207,29.5061838],[121.378827,29.506029],[121.3785699,29.5057625],[121.3780846,29.505371],[121.377643,29.505031],[121.3773816,29.5048355],[121.3772942,29.5047608],[121.3771735,29.504611],[121.3771015,29.5044702],[121.3768862,29.5041042],[121.3765412,29.5037207],[121.376256,29.5033601],[121.3761842,29.5032381],[121.3761548,29.5030638],[121.3761436,29.5026343],[121.376125,29.5024504],[121.3760253,29.5022626],[121.3759368,29.502103],[121.375823,29.5020022],[121.3757562,29.5019407],[121.3756317,29.5018578],[121.3754719,29.5017192],[121.3754197,29.5016716],[121.3753908,29.5016408],[121.3752784,29.5014091],[121.3751924,29.5012273],[121.3751341,29.5011595],[121.3750815,29.501128],[121.3749084,29.5010704],[121.3748402,29.5010437],[121.3748033,29.5010122],[121.3747393,29.5009169],[121.3746447,29.5007711],[121.374603,29.5007029],[121.3745683,29.5006395],[121.3745295,29.5005257],[121.3744773,29.5004539],[121.3744243,29.5003905],[121.3743872,29.5003544],[121.3743003,29.5002797],[121.3742175,29.5002074],[121.3741436,29.5001288],[121.3740245,29.4999825],[121.373943,29.4998603],[121.3738973,29.4997508],[121.3738602,29.4996734],[121.3738376,29.4995699],[121.3738168,29.4994404],[121.3737893,29.4992835],[121.373763,29.4992208],[121.3737262,29.4991637],[121.3736812,29.4991252],[121.3736025,29.4991001],[121.3734307,29.4990777],[121.3733372,29.499062],[121.3730127,29.4990302],[121.3728006,29.4990045],[121.3724818,29.4989243],[121.3723753,29.4988773],[121.3720851,29.4987152],[121.3719569,29.4986368],[121.3718304,29.4985214],[121.3717079,29.4983909],[121.3715571,29.4981978],[121.3714686,29.4980745],[121.3713058,29.4977851],[121.3711377,29.4975663],[121.3710517,29.4974708],[121.3709897,29.4974325],[121.3709088,29.4973981],[121.3707538,29.4973719],[121.3705038,29.497367],[121.3702706,29.497349],[121.3700652,29.4973512],[121.3698045,29.4973354],[121.3695058,29.4973329],[121.369273,29.4973483],[121.3690976,29.4973778],[121.3689689,29.4974107],[121.3688908,29.4974337],[121.3688484,29.4974342],[121.3687868,29.4974162],[121.3686864,29.4973524],[121.368499,29.4971189],[121.3684452,29.4970638],[121.3682329,29.4968621],[121.3681684,29.4967942],[121.368123,29.4967261],[121.3680747,29.4966005],[121.3680262,29.4964619],[121.367952,29.4962921],[121.3679214,29.4962294],[121.367867,29.4961243],[121.3678173,29.4960487],[121.3677379,29.4959699],[121.3676009,29.4958619],[121.3674282,29.4957765],[121.367211,29.4956916],[121.3670772,29.4956615],[121.3669005,29.4955984],[121.3668024,29.4955438],[121.366597,29.4953958],[121.3664169,29.495229],[121.3662819,29.4951079],[121.3661097,29.4949058],[121.3660019,29.4947698],[121.365942,29.4947222],[121.3658698,29.4947081],[121.3657679,29.4946961],[121.3655163,29.4947229],[121.3651885,29.4947558],[121.364766,29.4948418],[121.3645846,29.4948881],[121.3645084,29.4948982],[121.3644513,29.4948969],[121.364413,29.4948862],[121.3643233,29.4948278],[121.3642248,29.4947471],[121.364132,29.4946221],[121.3640651,29.4945244],[121.364004,29.4944009],[121.363952,29.4943106],[121.3638606,29.4941354],[121.3637834,29.4938989],[121.3637093,29.4935845],[121.3636227,29.4932906],[121.3635727,29.4931947],[121.3635166,29.4931155],[121.3634033,29.4930407],[121.363299,29.4929917],[121.3630036,29.4929243],[121.3627466,29.4928694],[121.3626848,29.4928441],[121.3626505,29.4928148],[121.3626331,29.4927742],[121.3626145,29.4926575],[121.3625938,29.4925298],[121.3625633,29.492469],[121.3625265,29.49241],[121.3624419,29.4923404],[121.3624286,29.4922961],[121.3624314,29.4922279],[121.3624312,29.4922145],[121.3624485,29.4922049],[121.3625162,29.4922175],[121.3626212,29.4922431],[121.3627769,29.4923121],[121.3629285,29.4924059],[121.363028,29.4925078],[121.3630696,29.4925284],[121.3631199,29.4925392],[121.3632159,29.4925383],[121.3633339,29.4925676],[121.3634653,29.4926196],[121.363503,29.4926573],[121.3635959,29.4927632],[121.3636816,29.4928179],[121.363789,29.4928627],[121.3638306,29.4928699],[121.3638568,29.4928677],[121.3638675,29.49286],[121.3638826,29.4928484],[121.363921,29.492785],[121.3639783,29.4926775],[121.364122,29.4924986],[121.3641625,29.4924219],[121.3642322,29.4922629],[121.3643027,29.4921534],[121.3643413,29.4921129],[121.3643803,29.4920896],[121.3644147,29.492053],[121.364438,29.4920127],[121.3644459,29.4919497],[121.3644398,29.4918181],[121.3644348,29.4917628],[121.36446,29.4917015],[121.3645692,29.4915458],[121.3647218,29.4913935],[121.364754,29.491355],[121.3647975,29.491345],[121.3648303,29.491358],[121.3648505,29.4913941],[121.3648697,29.4915294],[121.3648765,29.4915483],[121.3648937,29.4915348],[121.3649565,29.4915056],[121.3650997,29.4914469],[121.3652081,29.4914038],[121.3652514,29.4913785],[121.365275,29.4913478],[121.3652852,29.4913057],[121.3652749,29.4911837],[121.3652743,29.491136],[121.3652891,29.4911015],[121.3653173,29.4910974],[121.3653825,29.4910757],[121.3654409,29.4910542],[121.3654647,29.4910329],[121.3654816,29.4909984],[121.36547,29.4909432],[121.3654476,29.4908938],[121.3652555,29.4905581],[121.3651486,29.4903913],[121.3650514,29.4902931],[121.3649679,29.4902405],[121.3648847,29.4902051],[121.3646832,29.4901385],[121.3644514,29.4900856],[121.3643594,29.490054],[121.3643001,29.4900146],[121.364223,29.4899562],[121.3640989,29.4898067],[121.3639552,29.4896499],[121.3638377,29.4895023],[121.3637315,29.4893889],[121.3636893,29.4893339],[121.363528,29.4891754],[121.3634093,29.4890945],[121.3631891,29.4889308],[121.3630304,29.4887913],[121.362975,29.4887327],[121.3629389,29.4886358],[121.3629246,29.4885501],[121.3629128,29.4884719],[121.362922,29.4883421],[121.362928,29.4883039],[121.3629449,29.4882656],[121.362964,29.488231],[121.3629787,29.488187],[121.3629843,29.4881144],[121.3629334,29.4878917],[121.3628583,29.4876598],[121.3626149,29.4872158],[121.3625996,29.4871952],[121.3625771,29.4872029],[121.3625491,29.487213],[121.3624618,29.4872189],[121.3623376,29.4872004],[121.3621678,29.4871405],[121.3619183,29.4870297],[121.3616546,29.4869092],[121.3615216,29.4868587],[121.3614256,29.4868449],[121.3612677,29.4868366],[121.3611436,29.486826],[121.3610702,29.4868119],[121.3609881,29.4867856],[121.360906,29.4867519],[121.3607902,29.4867383],[121.3606721,29.4867469],[121.3605934,29.4867699],[121.3605293,29.4868199],[121.3604074,29.4869741],[121.3602321,29.4871337],[121.3600506,29.4872614],[121.3598048,29.4874268],[121.3597237,29.4874646],[121.3596421,29.4874752],[121.359552,29.4874762],[121.3594502,29.4874476],[121.3593196,29.4873799],[121.3591035,29.4872317],[121.3590012,29.4871686],[121.3588649,29.4870911],[121.3587885,29.4870622],[121.3587823,29.4870609],[121.3586981,29.4870434],[121.3585291,29.48705],[121.358363,29.4870543],[121.3582446,29.4870505],[121.3581377,29.487064],[121.357919,29.4871426],[121.3578269,29.4872126],[121.3577239,29.4873074],[121.3576331,29.4874686],[121.3575053,29.4876032],[121.3574299,29.4876459],[121.3573623,29.487654],[121.3572918,29.4876423],[121.3572378,29.4876158],[121.3570896,29.4874866],[121.3569866,29.4873619],[121.3568692,29.4872249],[121.3568203,29.4871464],[121.3566876,29.4869283],[121.3566264,29.486776],[121.3565632,29.486678],[121.3565066,29.4866637],[121.3562899,29.4866808],[121.3560531,29.4866709],[121.3554102,29.4866281],[121.3551559,29.4865813],[121.3548479,29.4865081],[121.3547714,29.4864792],[121.3545988,29.4864317],[121.3545198,29.4864201],[121.3544411,29.4864357],[121.3543629,29.4864834],[121.3542145,29.4865613],[121.3537898,29.4868296],[121.3536919,29.48688],[121.353571,29.486896],[121.3534553,29.4868873],[121.3533108,29.4868197],[121.3531829,29.4867347],[121.3530226,29.4865538],[121.3528456,29.486378],[121.3526892,29.4862637],[121.3525528,29.4861788],[121.3525162,29.4861791],[121.3524213,29.4862467],[121.3522675,29.4863371],[121.3521581,29.4863752],[121.3519611,29.486392],[121.3517555,29.4863965],[121.3514788,29.4863549],[121.351363,29.4863241],[121.3512215,29.486286],[121.351168,29.486284],[121.3510923,29.4863169],[121.3510228,29.4863867],[121.3508949,29.4867284],[121.3507684,29.486964],[121.3506745,29.4871007],[121.3505587,29.4872942],[121.3504583,29.4873717],[121.3503631,29.4874146],[121.3501661,29.4874339],[121.3498705,29.4874591],[121.3496368,29.4874639],[121.3495014,29.4874529],[121.3493289,29.4874103],[121.3491989,29.487382],[121.3491313,29.4873777],[121.3490472,29.4874082],[121.3489115,29.4875872],[121.3488346,29.4877408],[121.3487523,29.4879045],[121.3487026,29.4879814],[121.3486134,29.4880514],[121.3485154,29.4881017],[121.3483777,29.4881253],[121.3482458,29.4881587],[121.3481621,29.4882286],[121.3480421,29.4883112],[121.3479439,29.4883493],[121.3479165,29.4884038],[121.3478983,29.4885149],[121.347849,29.4886265],[121.3477497,29.4887853],[121.3475833,29.4889917],[121.3474474,29.4891509],[121.3472522,29.4893059],[121.347199,29.4893261],[121.347185,29.4893386],[121.3471825,29.4893583],[121.3471885,29.4893829],[121.3472512,29.489439],[121.3475364,29.4897001],[121.3477456,29.4899668],[121.3478945,29.4901453],[121.3480297,29.4903561],[121.3480902,29.4904566],[121.3481283,29.4905598],[121.348147,29.4906952],[121.3481454,29.4907915],[121.348107,29.4908659],[121.3480005,29.4911357],[121.3479804,29.491311],[121.3479854,29.4914763],[121.3480739,29.4917788],[121.3482495,29.4920557],[121.3483847,29.4922689],[121.3484662,29.4924703],[121.3484934,29.4926033],[121.3486494,29.4928977],[121.3487247,29.4930474],[121.3487199,29.4931066],[121.3487005,29.4931339],[121.3486614,29.4931615],[121.3486253,29.4931988],[121.3485979,29.4932484],[121.3485885,29.4933989],[121.3485923,29.4934606],[121.3487357,29.4936565],[121.3487625,29.4937622],[121.3487441,29.4938611],[121.34867,29.4940098],[121.3485815,29.4941389],[121.3484539,29.4942907],[121.3482621,29.4944826],[121.3481533,29.49457],[121.3479833,29.4947074],[121.3479302,29.494745],[121.3477816,29.4948032],[121.3476043,29.4948198],[121.3474606,29.4948212],[121.3473477,29.4948076],[121.3472686,29.4947911],[121.3472261,29.4947767],[121.3470107,29.4946827],[121.3468293,29.4946031],[121.3466735,29.4945406],[121.3465205,29.4944804],[121.3463141,29.4944258],[121.3459745,29.4943109],[121.3457734,29.4942364],[121.3456515,29.4941785],[121.3456287,29.4941541],[121.345611,29.494095],[121.3456041,29.4939989],[121.3456094,29.4939717],[121.3456231,29.4939518],[121.3457467,29.4939161],[121.346064,29.4938314],[121.3463447,29.4937522],[121.3465354,29.493691],[121.3466587,29.4936355],[121.3467508,29.4935705],[121.3468623,29.4934756],[121.3469512,29.4933785],[121.3469924,29.4933016],[121.3470306,29.4932026],[121.3470406,29.4931063],[121.3470284,29.4930349],[121.3470137,29.4929906],[121.3469647,29.4929122],[121.3468932,29.492834],[121.3467736,29.4927366],[121.3466202,29.4926369],[121.3463646,29.492489],[121.346115,29.4923683],[121.3459164,29.4922692],[121.3454146,29.492035],[121.3450687,29.4918707],[121.3448165,29.4917648],[121.3446634,29.4916874],[121.3442897,29.4915655],[121.3441908,29.4915344],[121.3441739,29.4915346],[121.3441463,29.4915817],[121.3440886,29.4916908],[121.344042,29.49179],[121.3440466,29.4919206],[121.3440395,29.4920268],[121.3439887,29.4922369],[121.3439402,29.4924001],[121.3439129,29.4924645],[121.3438431,29.492522],[121.3437816,29.4925547],[121.3437314,29.4925946],[121.34369,29.4926592],[121.3436908,29.4927209],[121.343726,29.492829],[121.3437467,29.4928954],[121.3437477,29.4929695],[121.3437482,29.4930064],[121.3436015,29.4934222],[121.3435745,29.4935162],[121.343556,29.4936077],[121.3435572,29.493699],[121.3435534,29.4938371],[121.3435344,29.4938915],[121.3435209,29.4939385],[121.3434791,29.493976],[121.3433339,29.4940736],[121.343152,29.4941691],[121.3427771,29.4943679],[121.3426905,29.4944279],[121.3425822,29.494545],[121.3424125,29.494712],[121.3421868,29.4949091],[121.3420141,29.4950588],[121.3419246,29.495109],[121.3418714,29.4951317],[121.341801,29.4951398],[121.3416569,29.4951117],[121.3414274,29.4950203],[121.3412974,29.4949847],[121.3412352,29.4949729],[121.3411817,29.4949686],[121.3411088,29.4950038],[121.3410004,29.4951135],[121.3409254,29.4951906],[121.3408301,29.4952385],[121.3407345,29.4952518],[121.3405933,29.4952212],[121.340429,29.4951612],[121.3402423,29.4951038],[121.3400043,29.4950027],[121.3399307,29.4949763],[121.339815,29.4949651],[121.339756,29.4949756],[121.3394959,29.4951261],[121.3392335,29.4953163],[121.3391159,29.4953717],[121.3389811,29.4954124],[121.3388395,29.4954319],[121.3387349,29.4954639],[121.3386476,29.4955106],[121.3385714,29.4955377],[121.3384524,29.4955499],[121.3383048,29.4955473],[121.338231,29.4955348],[121.3379302,29.4955031],[121.3378005,29.4954994],[121.3376539,29.4954861],[121.337575,29.4954844],[121.3373086,29.4955932],[121.3371576,29.4956785],[121.3369534,29.4957916],[121.3367052,29.4959815],[121.3364629,29.4962084],[121.3361751,29.4963939],[121.3359039,29.4965495],[121.3358647,29.4965696],[121.3358282,29.4965749],[121.3357803,29.4965705],[121.3356639,29.4965125],[121.3354226,29.4963719],[121.3351902,29.4962706],[121.3349074,29.4961871],[121.3346131,29.4960913],[121.3343871,29.4960444],[121.3341864,29.4960019],[121.3339972,29.4959718],[121.3333728,29.4958374],[121.3329463,29.4957653],[121.3326555,29.4957164],[121.3325172,29.4957005],[121.3324439,29.4957012],[121.3322615,29.4957598],[121.3321859,29.4957927],[121.3321043,29.4958083],[121.3319015,29.4958054],[121.3317718,29.4958092],[121.3316821,29.4958397],[121.3316091,29.495865],[121.3315646,29.4959025],[121.3314714,29.4961057],[121.331413,29.4963776],[121.3313856,29.4964346],[121.3313607,29.4964669],[121.3313046,29.4964946],[121.3312205,29.4965201],[121.3310629,29.496539],[121.3306522,29.4965949],[121.330461,29.4966191],[121.3302114,29.4967079],[121.3300546,29.496781],[121.3298194,29.4968993],[121.3294642,29.4970977],[121.3292656,29.4972082],[121.3291452,29.4972759],[121.3290421,29.4973657],[121.3289092,29.4975348],[121.3287346,29.497766],[121.3286742,29.4978799],[121.3285512,29.4981747],[121.3283132,29.4985415],[121.3281299,29.4987855],[121.3280063,29.4989973],[121.3278834,29.4992617],[121.3275744,29.4997394],[121.3274362,29.4998992],[121.3273758,29.499974],[121.327353,29.50001],[121.3273507,29.5000637],[121.3273571,29.5001178],[121.3273709,29.5001637],[121.3274109,29.5002018],[121.3274643,29.5002512],[121.3275433,29.5002876],[121.3276355,29.5002982],[121.3276971,29.500305],[121.3277594,29.5003366],[121.3281232,29.5006441],[121.328531,29.500955],[121.328571,29.5009931],[121.3285802,29.5010275],[121.3285805,29.5010506],[121.3285679,29.5010892],[121.3285408,29.5011427],[121.3285099,29.5011962],[121.3283403,29.501363],[121.3282968,29.5013866],[121.3282397,29.5013909],[121.3281607,29.5013879],[121.328083,29.5013729]]]]},"properties":{"name":"宁海县","osmId":3199272}}]}