{"type":"FeatureCollection","features":[{"type":"Feature","geometry":{"type":"Polygon","coordinates":[[[121.54332,29.439],[121.544766,29.441506],[121.5450817,29.4411587],[121.5454302,29.4408705],[121.5463682,29.4397533],[121.5477028,29.4382141],[121.5482867,29.4375615],[121.5488494,29.436825],[121.5489095,29.436631],[121.5488409,29.436518],[121.5488274,29.4363763],[121.5497098,29.4359545],[121.550203,29.4356949],[121.5504369,29.4355367],[121.5509051,29.4352504],[121.5526539,29.4342638],[121.5534008,29.4337599],[121.5532725,29.4335685],[121.5532225,29.4332872],[121.5524345,29.4338116],[121.550035,29.4345085],[121.5495414,29.4347821],[121.547894,29.4358362],[121.5475951,29.4361441],[121.547103,29.4363281],[121.5466283,29.4365368],[121.54559,29.4373999],[121.5450899,29.43786],[121.5436905,29.4388536],[121.54332,29.439]]]},"properties":{"osmId":10002671,"kind":"water","name":null}},{"type":"Feature","geometry":{"type":"Polygon","coordinates":[[[121.5937515,29.2692055],[121.5936815,29.2691403],[121.5935695,29.2689773],[121.5935695,29.2688008],[121.5935913,29.2674591],[121.5936442,29.2668698],[121.5930931,29.2668209],[121.5931087,29.2669323],[121.5931056,29.2671088],[121.5929779,29.2672229],[121.5927413,29.2672256],[121.5926168,29.2671577],[121.5925763,29.2670518],[121.5925389,29.2668834],[121.5924705,29.2667231],[121.5920751,29.2667204],[121.5921311,29.2671278],[121.5921884,29.2676157],[121.59229,29.26781],[121.592531,29.2685001],[121.5926699,29.2686399],[121.5929028,29.2690308],[121.5931192,29.2692508],[121.5933479,29.2694436],[121.5936648,29.2697537],[121.59383,29.2699301],[121.5941199,29.2701899],[121.5950301,29.2708776],[121.595317,29.2712215],[121.5952497,29.2714871],[121.59482,29.2723801],[121.594593,29.2729309],[121.5945201,29.2731501],[121.5943952,29.2734235],[121.59437,29.2735299],[121.5942199,29.27366],[121.59392,29.2741701],[121.5937699,29.2742999],[121.59362,29.27443],[121.5933199,29.2751899],[121.59317,29.27532],[121.59302,29.27545],[121.5928701,29.27557],[121.59272,29.2757],[121.59258,29.2758301],[121.5924299,29.2759599],[121.59212,29.27647],[121.59182,29.27724],[121.59168,29.27736],[121.5915301,29.2774901],[121.5915201,29.2777499],[121.5915201,29.278],[121.5912199,29.2785199],[121.59092,29.27903],[121.5909046,29.2795281],[121.5904487,29.2800573],[121.5904283,29.2804724],[121.5904237,29.2810246],[121.5902742,29.281614],[121.5902421,29.2822047],[121.5902013,29.2824057],[121.5901073,29.2830008],[121.5900546,29.2833164],[121.5899954,29.2837699],[121.5898211,29.2846578],[121.5896934,29.2850326],[121.5895315,29.2854344],[121.5892887,29.2857956],[121.5892046,29.2858798],[121.5891237,29.2860698],[121.5890677,29.2862192],[121.5889743,29.2865749],[121.5888933,29.2867351],[121.5887314,29.2871017],[121.5885384,29.2873244],[121.5887376,29.2875117],[121.5886,29.2876201],[121.5884499,29.2877399],[121.5883001,29.2878699],[121.5881783,29.2879571],[121.5878328,29.2878455],[121.5876913,29.2878332],[121.587578,29.2879155],[121.5876535,29.2880801],[121.5877046,29.2883464],[121.5875474,29.2885871],[121.5873826,29.288771],[121.5870415,29.2889615],[121.5865278,29.2892256],[121.5861215,29.2893694],[121.5857651,29.2895265],[121.5856539,29.2897204],[121.5856961,29.2898006],[121.5857881,29.2898106],[121.5858264,29.2899209],[121.5853779,29.2902419],[121.5850406,29.2904592],[121.5847378,29.2908737],[121.5845807,29.291091],[121.584527,29.2913283],[121.584527,29.2916893],[121.584504,29.2921741],[121.5844849,29.2926421],[121.5844235,29.2931401],[121.5842242,29.2935212],[121.5839636,29.2938956],[121.5836684,29.2941029],[121.5833196,29.29428],[121.582829,29.2944037],[121.5823844,29.2943937],[121.5821659,29.2943803],[121.5819321,29.2943034],[121.5816485,29.2941831],[121.5814607,29.2940628],[121.5810697,29.2939157],[121.5808096,29.29387],[121.5803893,29.2938781],[121.5799659,29.2940166],[121.5795175,29.2942555],[121.5791439,29.2944619],[121.5790505,29.2945732],[121.5789198,29.2946981],[121.5788139,29.2949452],[121.5788139,29.2951434],[121.5788326,29.2953796],[121.5788949,29.2955534],[121.5790319,29.2957272],[121.5790225,29.2960421],[121.5789478,29.2962159],[121.57887,29.2963462],[121.5787641,29.2964548],[121.5784683,29.2966205],[121.5783314,29.296634],[121.5779796,29.2966503],[121.5777461,29.2967209],[121.5775063,29.2967535],[121.5768111,29.2968935],[121.5764219,29.2970265],[121.5762227,29.297184],[121.5760483,29.2973496],[121.5757152,29.2978437],[121.575133,29.2986583],[121.5746691,29.2994266],[121.5744855,29.2993235],[121.574417,29.2994891],[121.5745041,29.2996276],[121.5744948,29.2997715],[121.5745166,29.2998773],[121.5749151,29.3000565],[121.5751268,29.299766],[121.57523,29.29969],[121.57539,29.29944],[121.575715,29.2989283],[121.5759641,29.2986419],[121.5763547,29.2981413],[121.5768379,29.2976982],[121.5772506,29.2975398],[121.5775542,29.2974218],[121.577851,29.2972991],[121.5780575,29.297274],[121.5783228,29.2972639],[121.57849,29.2972801],[121.5787639,29.2971766],[121.5790724,29.2971209],[121.579343,29.2969374],[121.5794768,29.2966405],[121.5795945,29.2962778],[121.5798087,29.296053],[121.5797529,29.295514],[121.5798132,29.2952737],[121.5800199,29.2950541],[121.5801882,29.2949213],[121.5803062,29.2948396],[121.5805927,29.2946973],[121.5812451,29.2947785],[121.5816214,29.2950493],[121.5824362,29.2953019],[121.5832109,29.2953418],[121.5841914,29.2951622],[121.5845503,29.2949124],[121.5850814,29.2944696],[121.5853867,29.2942049],[121.5855159,29.2939408],[121.5856739,29.2936892],[121.5859036,29.293241],[121.5859314,29.2931335],[121.5859812,29.2929461],[121.5860279,29.2925253],[121.5861493,29.2920854],[121.5862178,29.2917786],[121.5864918,29.2910645],[121.5865727,29.2909966],[121.5867502,29.2905974],[121.5868,29.2904508],[121.5869525,29.2903694],[121.5871985,29.2902906],[121.5874801,29.2901933],[121.5883147,29.289375],[121.5886197,29.2891778],[121.5888981,29.2886068],[121.589058,29.2884086],[121.5893424,29.2881539],[121.5896301,29.28724],[121.58993,29.28699],[121.59023,29.28622],[121.5905201,29.2859699],[121.59083,29.28546],[121.5915799,29.2842356],[121.5917186,29.2836553],[121.5917186,29.2833673],[121.5917342,29.282904],[121.591857,29.2824896],[121.5917168,29.2818038],[121.5917699,29.28135],[121.5921664,29.2807333],[121.5920801,29.2800699],[121.5920901,29.2792999],[121.5920901,29.27904],[121.59239,29.27878],[121.59269,29.2782701],[121.59301,29.27725],[121.5933001,29.27699],[121.5938352,29.2763912],[121.5943586,29.2762928],[121.5947072,29.2763698],[121.5949097,29.2766075],[121.5952253,29.2768495],[121.5954432,29.2769536],[121.5954703,29.2771329],[121.59545,29.2774278],[121.5956301,29.2775299],[121.59592,29.27779],[121.59592,29.2783099],[121.59592,29.27856],[121.5962001,29.2788301],[121.5962001,29.2790799],[121.5961901,29.2796001],[121.59647,29.28037],[121.5967501,29.28166],[121.59704,29.28192],[121.5973199,29.28269],[121.59761,29.28321],[121.5978899,29.2837301],[121.59803,29.2845101],[121.5987601,29.28502],[121.5987501,29.2858],[121.5987401,29.2860501],[121.5987401,29.2863099],[121.5984399,29.28682],[121.59829,29.2869501],[121.59814,29.2870799],[121.5979899,29.2871999],[121.5978501,29.28733],[121.5975499,29.2878401],[121.5974,29.2879699],[121.59725,29.2880899],[121.5970999,29.28822],[121.59651,29.28847],[121.59636,29.2886],[121.5962001,29.2887301],[121.59605,29.2888501],[121.59592,29.2889799],[121.5953399,29.28923],[121.5946301,29.28978],[121.59414,29.2898599],[121.59404,29.29003],[121.5935499,29.29011],[121.5934499,29.2902801],[121.5928501,29.2910601],[121.59236,29.29126],[121.5922199,29.2913901],[121.5920701,29.2915101],[121.59192,29.2916301],[121.5917699,29.29177],[121.59162,29.29189],[121.5913101,29.29292],[121.59106,29.29334],[121.5908701,29.2934299],[121.59071,29.2939401],[121.59046,29.29412],[121.59027,29.2941899],[121.59017,29.29436],[121.5899701,29.29445],[121.5898701,29.2946201],[121.58938,29.2947],[121.58938,29.2949601],[121.5899701,29.2949601],[121.5900701,29.29479],[121.59026,29.29471],[121.59037,29.2945399],[121.5905599,29.29445],[121.5906599,29.2942901],[121.59115,29.2941999],[121.5913001,29.2939501],[121.5913001,29.29369],[121.59126,29.2935201],[121.5914499,29.2934299],[121.5916,29.2931801],[121.59191,29.2924099],[121.5922099,29.2919],[121.59251,29.2916499],[121.5928,29.2913901],[121.59305,29.29122],[121.59325,29.29114],[121.5934,29.29088],[121.5936501,29.29046],[121.59414,29.29038],[121.59424,29.2902099],[121.59473,29.29013],[121.59483,29.2899601],[121.5953199,29.2897499],[121.5962001,29.28911],[121.59649,29.28899],[121.5970901,29.2888599],[121.59724,29.2886101],[121.5975401,29.28836],[121.59783,29.2881],[121.59813,29.2878599],[121.5984301,29.28759],[121.5989392,29.2872764],[121.5991856,29.2869571],[121.5996139,29.2860013],[121.599973,29.2858363],[121.60036,29.28568],[121.6011093,29.2859391],[121.60124,29.28582],[121.6012768,29.2857045],[121.6006599,29.2854299],[121.6000801,29.2851701],[121.59949,29.28503],[121.59891,29.2845101],[121.5987699,29.284],[121.59805,29.28322],[121.59792,29.2821899],[121.5976301,29.28167],[121.597347,29.2803333],[121.5967799,29.2788301],[121.5975067,29.2784346],[121.5980624,29.2779479],[121.5980126,29.2768654],[121.5971531,29.2750167],[121.5971099,29.2746664],[121.5975149,29.2739341],[121.5978877,29.2737783],[121.5988335,29.2735257],[121.5988452,29.2733277],[121.5978416,29.2730323],[121.5976673,29.2727852],[121.5977601,29.2724099],[121.59806,29.2719],[121.5981277,29.2716762],[121.59826,29.2716592],[121.5986297,29.2707726],[121.5991994,29.2699316],[121.5991347,29.2697318],[121.5992907,29.2696068],[121.59927,29.26934],[121.5991099,29.26922],[121.5989833,29.2690598],[121.5976699,29.2689401],[121.59707,29.2689301],[121.5962897,29.268812],[121.596143,29.2691818],[121.5960056,29.2694374],[121.595907,29.2699346],[121.5957982,29.2701773],[121.5956413,29.2705806],[121.5950635,29.2703196],[121.59471,29.2700318],[121.5942914,29.2697582],[121.594042,29.2694942],[121.5937515,29.2692055]]]},"properties":{"osmId":10003028,"kind":"water","name":null}},{"type":"Feature","geometry":{"type":"LineString","coordinates":[[121.2522749,29.1975721],[121.2516114,29.1951278],[121.2518245,29.1938319],[121.2526074,29.1930648],[121.2564136,29.1911871],[121.2577021,29.1906546],[121.2581098,29.1899428],[121.2581742,29.1892309],[121.2578952,29.1882006],[121.2565875,29.1868743],[121.2556207,29.1858215],[121.2549877,29.1847818],[121.2552559,29.1840418],[121.2562108,29.1837608],[121.2574661,29.1838919],[121.2601805,29.1848099],[121.2620151,29.1859058],[121.2637212,29.1871627],[121.264708,29.1884816],[121.2659326,29.1918197],[121.2669879,29.1933286],[121.267696,29.193633],[121.2685221,29.193633],[121.2690157,29.193146],[121.2691337,29.1922],[121.2693858,29.1913664],[121.2701046,29.1908607],[121.2725186,29.1900083],[121.2742352,29.189334],[121.2751794,29.188491],[121.2752867,29.1875731],[121.2749433,29.1859245],[121.2749648,29.1842947],[121.2758446,29.1826836],[121.2769174,29.1818968],[121.2784838,29.1818031],[121.2811875,29.182234],[121.2865591,29.1824156],[121.2915516,29.1823651],[121.2940192,29.1818593],[121.2964225,29.1817469],[121.2982034,29.1824026],[121.2995338,29.1838076],[121.3006711,29.1855124],[121.3011646,29.1872733],[121.3015079,29.188697],[121.3028812,29.189821],[121.3048997,29.1903211],[121.3113999,29.1918254],[121.3146615,29.1921251],[121.3165068,29.192762],[121.3171935,29.1940733],[121.3178158,29.1965271],[121.3188043,29.1994622],[121.3198343,29.2011106],[121.3217931,29.2046284],[121.3227669,29.2070542],[121.3236999,29.2097717],[121.3240078,29.2112689],[121.3246047,29.2116802],[121.3261274,29.2127296],[121.3306489,29.2132473],[121.3329828,29.2130201],[121.3358521,29.2142643],[121.3366571,29.2151951],[121.338717,29.2171428],[121.3416353,29.2183413],[121.3452402,29.2183413],[121.3481047,29.2194773],[121.3550249,29.2232853],[121.356218,29.2249404],[121.3583713,29.2282487],[121.3630085,29.229925],[121.369261,29.2317301],[121.3694405,29.2317622],[121.3742897,29.2326295],[121.3763426,29.2340536],[121.3785859,29.2358643],[121.3789991,29.2361978],[121.3828414,29.2376663],[121.3848949,29.2376663],[121.3860956,29.2376663],[121.3897005,29.2372169],[121.3919321,29.2358688],[121.3951936,29.235719],[121.3981119,29.2360186],[121.4000001,29.2379659],[121.4019743,29.240283],[121.4059149,29.2426604],[121.4082399,29.2439574],[121.4151063,29.2438076],[121.4199129,29.2451556],[121.4223161,29.2445565],[121.4279809,29.2466534],[121.4302125,29.2517458],[121.4305559,29.2532435],[121.4336619,29.2556547],[121.4353871,29.2563961],[121.4380092,29.2571772],[121.4417343,29.2580884],[121.4447298,29.2583205],[121.4482638,29.2580322],[121.450592,29.2564616],[121.4518258,29.2553122],[121.4539394,29.2537508],[121.456115,29.2525925],[121.4586901,29.255299],[121.4617823,29.2604459],[121.4630565,29.2646484],[121.4645996,29.2655332],[121.4658613,29.2664055],[121.4713989,29.2658727],[121.4734649,29.2660606],[121.474265,29.2663217],[121.4746956,29.2667598],[121.4754758,29.2677566],[121.4762843,29.2682113],[121.4778242,29.2696888],[121.480208,29.2712916],[121.4817709,29.2723728],[121.4837266,29.2738321],[121.486022,29.2744526],[121.4866563,29.274316],[121.4868452,29.2742753],[121.4907405,29.2732735],[121.4955515,29.272001],[121.5058539,29.2718858],[121.5111904,29.2727822],[121.513252,29.2722268],[121.5193232,29.2702216],[121.5270088,29.2689144],[121.5272608,29.2689144]]},"properties":{"osmId":71570703,"kind":"river","name":"白溪"}},{"type":"Feature","geometry":{"type":"LineString","coordinates":[[121.39457,29.284772],[121.3958087,29.2849478],[121.3984552,29.2849896],[121.4000001,29.2849896],[121.4027465,29.2861215],[121.403605,29.2861874],[121.4068666,29.2861874],[121.4094415,29.2854388],[121.4143049,29.2819745],[121.4168992,29.2809133],[121.4200845,29.2807973],[121.4245995,29.2809373],[121.4266045,29.2809994],[121.4279123,29.2802732],[121.4288178,29.2787881],[121.4293738,29.277251],[121.4300409,29.2754069],[121.4308788,29.2723678],[121.4285228,29.2695127],[121.4269542,29.2671879],[121.4253578,29.2638934],[121.4247355,29.2615684],[121.425493,29.2592359],[121.4276376,29.2566881],[121.4300291,29.2557034],[121.4323723,29.2555256],[121.4336619,29.2556547]]},"properties":{"osmId":71570754,"kind":"river","name":"大溪"}},{"type":"Feature","geometry":{"type":"LineString","coordinates":[[121.2239465,29.3488951],[121.2238955,29.3488133],[121.2238714,29.3486847],[121.2237936,29.3483854],[121.223681,29.348161],[121.2235549,29.3479856],[121.2234127,29.3478126],[121.223343,29.3476256],[121.2233162,29.3474292],[121.2233269,29.3472562],[121.2233484,29.3470808],[121.2234396,29.3468213],[121.2234959,29.3466647],[121.2235147,29.3465267],[121.2234771,29.3462883],[121.2234423,29.3460708],[121.2234342,29.3458978],[121.2234423,29.3457365],[121.2233993,29.3455705],[121.2233001,29.3453741],[121.2232035,29.3451754],[121.2231579,29.3450374],[121.2230962,29.3449322],[121.2228924,29.3447007],[121.2228334,29.3445698],[121.2228307,29.3444599],[121.2228575,29.34435],[121.2229755,29.3442308],[121.2232062,29.3440624],[121.2234798,29.3437889],[121.2236381,29.3436135],[121.223689,29.343499],[121.2237158,29.343354],[121.223681,29.3432535],[121.2236059,29.3431576],[121.2234852,29.3430314],[121.2234127,29.3428864],[121.2233645,29.342683],[121.2233618,29.3422855],[121.2233511,29.3420938],[121.2233832,29.3419862],[121.2234557,29.3418974],[121.2235013,29.3418085],[121.2234825,29.3417173],[121.2234101,29.3415817],[121.2233055,29.341404],[121.2232357,29.341231],[121.2231499,29.341072],[121.2230372,29.3409177],[121.2229165,29.3407704],[121.2227288,29.3405623],[121.2225974,29.3403098],[121.2225169,29.3401414],[121.222482,29.3399941],[121.2224686,29.3397977],[121.2224901,29.3396037],[121.2225383,29.33944],[121.2226295,29.3392623],[121.2229809,29.3387689],[121.2232679,29.3384089],[121.2235844,29.3379669],[121.2236434,29.3378173],[121.2236676,29.337684],[121.2236622,29.3374736],[121.2236649,29.3371766],[121.2236997,29.3368446],[121.2237319,29.3360917],[121.2237797,29.3357826],[121.2238017,29.3356404],[121.2240028,29.3347308],[121.2240645,29.3345718],[121.2241262,29.3344502],[121.2242067,29.3343707],[121.2243944,29.3342304],[121.2244776,29.3341556],[121.2245607,29.3340574],[121.2246975,29.3337955],[121.2249738,29.3332741],[121.2250811,29.3331408],[121.2251937,29.3330683],[121.2256846,29.3328321],[121.2258321,29.3327643],[121.2259126,29.3327292],[121.2260386,29.3327479],[121.2262022,29.3327643],[121.226339,29.3327479],[121.2264463,29.3326942],[121.2266743,29.3325141],[121.2268835,29.3322733],[121.2271142,29.3319669],[121.227648,29.3313636],[121.2280342,29.3309755],[121.2282166,29.3308609],[121.2283078,29.3308398],[121.2283668,29.3308702],[121.2284151,29.3309427],[121.2283963,29.3311134],[121.2284312,29.3312841],[121.2285009,29.3314431],[121.2285814,29.3315273],[121.2286752,29.3315647],[121.2287825,29.3315601],[121.228973,29.331546],[121.2291607,29.3315741],[121.2293941,29.3315741],[121.2296113,29.3315226],[121.2297642,29.3314291],[121.2298393,29.3312795],[121.2298098,29.3311672],[121.2297642,29.331083],[121.2297454,29.3309404],[121.2296945,29.3306855],[121.2296301,29.3304353],[121.2296033,29.3302786],[121.2296194,29.3300775],[121.2296542,29.3299489],[121.2297454,29.329832],[121.2298822,29.3297128],[121.2301236,29.329542],[121.2303945,29.3293597],[121.2305018,29.3292357],[121.2305608,29.3290557],[121.2306413,29.3288008],[121.2307298,29.328443],[121.2307915,29.328305],[121.2309256,29.3281554],[121.2311,29.3279706],[121.2313387,29.3277134],[121.2315345,29.3275076],[121.2316793,29.3274351],[121.2319127,29.3273135],[121.2320897,29.3271966],[121.232264,29.3270212],[121.2324598,29.326778],[121.2325859,29.3266097],[121.2326422,29.32646],[121.2326422,29.3262986],[121.2325966,29.3262051],[121.2325403,29.3261654],[121.232492,29.326156],[121.2323901,29.3261513],[121.2322211,29.3261116],[121.2321407,29.3260274],[121.232028,29.3257468],[121.2320226,29.3256369],[121.2320924,29.3255012],[121.2322158,29.3253586],[121.2323123,29.3252042],[121.2323365,29.3250476],[121.2322882,29.3249447],[121.2321889,29.3248558],[121.2320843,29.3246991],[121.2320548,29.3245775],[121.2321058,29.3244746],[121.2321272,29.3243647],[121.2320441,29.324187],[121.2319502,29.3240537],[121.231572,29.323427],[121.2314755,29.3231814],[121.2313172,29.322674],[121.231344,29.3224494],[121.2314486,29.32226],[121.2316793,29.321935],[121.2318188,29.3218017],[121.2319931,29.3217011],[121.2323204,29.3215912],[121.2325269,29.3214977],[121.2329453,29.3213737],[121.2332886,29.3213059],[121.233581,29.3211726],[121.2338787,29.3209785],[121.2341604,29.320768],[121.2343723,29.3206394],[121.2345359,29.3206137],[121.2347236,29.3206066],[121.2349275,29.3206651],[121.2350804,29.3207493],[121.2352762,29.3209902],[121.2354264,29.3211913],[121.235606,29.3212544],[121.2358904,29.3213246],[121.2361962,29.3213644],[121.2365851,29.3213667],[121.2367246,29.3213246],[121.2368479,29.3212404],[121.2370571,29.3211422],[121.2371752,29.3211562],[121.2372422,29.3211819],[121.2373495,29.3212615],[121.2374434,29.3213644],[121.2375373,29.3215397],[121.2377277,29.3216707],[121.2379289,29.3217549],[121.2381461,29.3217876],[121.2382159,29.3217806],[121.2382695,29.3217385],[121.2384143,29.3215585],[121.2387335,29.3207891],[121.2388194,29.3206721],[121.2389669,29.3205856],[121.2390393,29.3205646],[121.2392807,29.3205646],[121.2393612,29.3205879],[121.2396106,29.3207353],[121.2397447,29.3208382],[121.2399003,29.3209013],[121.2401283,29.3209013],[121.2402812,29.3208803],[121.2405547,29.3207961],[121.2406835,29.3207283],[121.2409034,29.3206838],[121.2411717,29.3206604],[121.2414265,29.3206651],[121.2415847,29.3207119],[121.2417135,29.3207797],[121.241987,29.3210089],[121.2421158,29.3210767],[121.2421909,29.3210884],[121.2423465,29.3210837],[121.2427354,29.3210229],[121.2433228,29.321051],[121.2436178,29.3210954],[121.2437949,29.3211445],[121.2439316,29.3212287],[121.2440738,29.3213433],[121.2443313,29.3216052],[121.2444681,29.3216754],[121.2447605,29.3217853],[121.2448946,29.3218601],[121.2454364,29.3223349],[121.2455571,29.3224144],[121.245828,29.322543],[121.2460238,29.3226599],[121.2461981,29.3228166],[121.2468097,29.3232773],[121.2477189,29.3236912],[121.2482259,29.3238783],[121.2486067,29.3239531],[121.2487757,29.3239601],[121.2489554,29.3239391],[121.2499934,29.3236351],[121.2502858,29.323579],[121.2507766,29.3235743],[121.2512782,29.323607],[121.2514928,29.3236444],[121.2515733,29.323752],[121.2515786,29.3238292],[121.2515625,29.3239064],[121.2514311,29.3240654],[121.2514016,29.3241285],[121.2514016,29.3242665],[121.2514231,29.3243273],[121.251533,29.3244255],[121.2522519,29.3247856],[121.2527588,29.325106],[121.2528849,29.3252744],[121.2530726,29.3257959],[121.2532362,29.3260882],[121.253829,29.326757],[121.2541348,29.3269955],[121.2546203,29.3274211],[121.2548845,29.3276966],[121.2556695,29.3279956],[121.2557914,29.328288],[121.2559189,29.3283906],[121.2560886,29.3285272],[121.2566602,29.3286069],[121.2572623,29.3285604],[121.2579542,29.3286137],[121.2583736,29.3287911],[121.2587805,29.3287385],[121.2591219,29.3286269],[121.2606308,29.3279558],[121.2631535,29.327989],[121.2633668,29.3279093],[121.2633973,29.3275837],[121.2637936,29.3273113],[121.264411,29.3273644],[121.2660724,29.327876],[121.2669793,29.3279491],[121.2673375,29.3277564],[121.2678405,29.327504],[121.2688007,29.3275837],[121.2699287,29.3271252],[121.2709042,29.327092],[121.2711404,29.3269325],[121.2713996,29.326494],[121.2717349,29.3264209],[121.2723522,29.3265006],[121.2735716,29.3260754],[121.2738155,29.326102],[121.2748443,29.3267864],[121.2752483,29.3267731],[121.2757665,29.3265604],[121.2764867,29.32569],[121.2775558,29.3247341],[121.2783229,29.3243296],[121.2784781,29.3242617],[121.2786099,29.324215],[121.2786971,29.3242104],[121.2789452,29.3242501],[121.2792,29.3243156],[121.2793127,29.3244068],[121.2794039,29.3245752],[121.2795487,29.3247459],[121.2804236,29.3252092],[121.2807704,29.3252355],[121.2812276,29.3251488],[121.281602,29.3246131],[121.2819548,29.3246261],[121.2820785,29.3246306],[121.2827121,29.3258143],[121.2830029,29.3259083],[121.2831786,29.3259651],[121.2840707,29.3249915],[121.2846539,29.3236756],[121.2851211,29.3234394],[121.285836,29.3237225],[121.285499,29.3248122],[121.2857822,29.325081],[121.2865933,29.3248739],[121.2871255,29.3243315],[121.2873649,29.323611],[121.2876091,29.3233477],[121.2892748,29.3233477],[121.2903494,29.3230198],[121.2928211,29.3229729],[121.2942567,29.3224134],[121.29563,29.3210664],[121.2988564,29.3145693]]},"properties":{"osmId":71570924,"kind":"river","name":null}},{"type":"Feature","geometry":{"type":"LineString","coordinates":[[121.3797922,29.3132341],[121.3796338,29.31297],[121.379892,29.3122631],[121.3802493,29.3115161],[121.3796918,29.3090483],[121.3798992,29.3081342],[121.3806101,29.3073959],[121.3815462,29.3062133],[121.3828472,29.3039281],[121.3838165,29.3014269],[121.3847421,29.2994453],[121.3853964,29.2980288],[121.3858003,29.2973303],[121.3867376,29.2968008],[121.387851,29.2965756],[121.388922,29.2963756],[121.3892801,29.2962152],[121.3895671,29.2959499],[121.3902582,29.2944482],[121.3903872,29.2923558],[121.3904684,29.2904907],[121.3906165,29.288162],[121.3907765,29.2878209],[121.3912719,29.2875224],[121.3920065,29.2872395],[121.3926938,29.2868223],[121.3938463,29.2856905],[121.39457,29.284772]]},"properties":{"osmId":71570988,"kind":"river","name":"干溪"}},{"type":"Feature","geometry":{"type":"Polygon","coordinates":[[[121.3431397,29.3049907],[121.3430645,29.3049705],[121.3429452,29.304876],[121.3428666,29.3048122],[121.342742,29.3047058],[121.3426634,29.3046207],[121.3425739,29.3044648],[121.3424005,29.3044151],[121.3421891,29.3044293],[121.3419641,29.3044671],[121.3417554,29.3044458],[121.3414979,29.3044506],[121.3413597,29.3044718],[121.3411808,29.3044718],[121.3410914,29.3043773],[121.3409776,29.3043064],[121.3409125,29.3042591],[121.3408475,29.3042591],[121.3407228,29.3042804],[121.3406062,29.3042875],[121.3405114,29.3042402],[121.3404843,29.3041859],[121.3404301,29.304115],[121.3403976,29.3040393],[121.3403677,29.3039519],[121.3403,29.3038668],[121.3402133,29.3038077],[121.3399476,29.3036706],[121.3398636,29.3036612],[121.3397037,29.3036659],[121.3394788,29.3036659],[121.3393216,29.3036683],[121.3391888,29.3036375],[121.3390641,29.3035619],[121.3389963,29.3035004],[121.3387334,29.303491],[121.3385437,29.3035028],[121.3383621,29.3034555],[121.3382591,29.3034225],[121.3381155,29.3033823],[121.3379718,29.303387],[121.3378878,29.3034035],[121.3377631,29.3033705],[121.3375978,29.3033917],[121.3374487,29.303387],[121.337343,29.3033941],[121.3371913,29.3034319],[121.3370584,29.3033917],[121.3369826,29.3033232],[121.3369419,29.3033208],[121.3366844,29.3033586],[121.3365625,29.3033303],[121.3363944,29.3033374],[121.3362887,29.3033515],[121.336183,29.3033563],[121.3360719,29.3033846],[121.3360041,29.3034437],[121.3358903,29.3034485],[121.3357548,29.3034248],[121.3354838,29.3033279],[121.3351694,29.3032854],[121.3350799,29.3031648],[121.333966,29.302763],[121.3335676,29.3026236],[121.3333426,29.302522],[121.3332044,29.3024274],[121.3330445,29.3023376],[121.3330038,29.3022478],[121.332993,29.3021627],[121.333058,29.3020162],[121.3330662,29.3019358],[121.3330472,29.3018743],[121.3330716,29.3018176],[121.3331122,29.3016451],[121.3331177,29.3015742],[121.3330553,29.3015671],[121.332974,29.3015647],[121.332852,29.301664],[121.3327599,29.3017396],[121.3326705,29.3018318],[121.3325783,29.3019334],[121.3319875,29.3025669],[121.3318926,29.3026779],[121.3317977,29.3027465],[121.331646,29.3027749],[121.331543,29.302841],[121.3314264,29.3030608],[121.3313722,29.3031696],[121.3312475,29.3032665],[121.3308952,29.303439],[121.3306919,29.3035524],[121.3305998,29.3036541],[121.3303504,29.3037108],[121.3300631,29.3038006],[121.3299818,29.303855],[121.3299086,29.3039353],[121.3297216,29.3039353],[121.329372,29.3042048],[121.3292365,29.3042709],[121.3290142,29.3043111],[121.3288381,29.3043489],[121.328624,29.3043584],[121.3284451,29.3043891],[121.3282391,29.3042969],[121.3281442,29.3041811],[121.3276916,29.3040299],[121.3274504,29.3039093],[121.3273095,29.3038479],[121.327052,29.3036943],[121.3269381,29.3035146],[121.3266996,29.3034886],[121.3265262,29.3035146],[121.3263879,29.3035879],[121.3262362,29.3037297],[121.3259407,29.304115],[121.3258079,29.3042568],[121.3256887,29.3043537],[121.3254393,29.3045026],[121.3251927,29.3046893],[121.3249298,29.304824],[121.324778,29.3048476],[121.3246994,29.304798],[121.3245205,29.3045758],[121.3243823,29.3043253],[121.3242658,29.3042355],[121.324179,29.3041504],[121.3240246,29.3040228],[121.3238294,29.3038479],[121.3237047,29.3037463],[121.3236695,29.3035619],[121.3236532,29.3034177],[121.323599,29.3032286],[121.3235503,29.3030679],[121.3233551,29.302971],[121.323057,29.3028387],[121.3229079,29.3027181],[121.3226287,29.3026519],[121.3222737,29.3026401],[121.3220487,29.3026638],[121.3217831,29.3026614],[121.3215609,29.3026165],[121.3213712,29.3026165],[121.3212627,29.3025881],[121.3211923,29.3025692],[121.3210486,29.302503],[121.3208779,29.3025054],[121.3208399,29.3025858],[121.3207939,29.3027276],[121.3207424,29.3029474],[121.3206719,29.3031554],[121.3206041,29.3032901],[121.3205608,29.3033894],[121.3205364,29.3034957],[121.3205012,29.3036966],[121.3204876,29.3038432],[121.3204686,29.3040488],[121.3204334,29.3042237],[121.3203521,29.3043891],[121.3203196,29.3045191],[121.3202708,29.3045947],[121.3202952,29.3047106],[121.3202139,29.3048405],[121.3200675,29.3049469],[121.3189266,29.3055574],[121.3178771,29.3055599],[121.3153744,29.3064392],[121.314778,29.3058513],[121.3144138,29.3045081],[121.3141039,29.3038164],[121.3123667,29.3032963],[121.3090996,29.3037259],[121.3084883,29.3040593],[121.3076608,29.3042122],[121.3068846,29.3043557],[121.3072457,29.304828],[121.3087538,29.3050503],[121.309168,29.3045872],[121.3102726,29.3041797],[121.3106549,29.3045409],[121.311409,29.3040408],[121.3124073,29.3039667],[121.3133313,29.3041797],[121.3137348,29.304578],[121.3138304,29.3057356],[121.3142977,29.3072267],[121.3151261,29.3076157],[121.3175582,29.3063839],[121.3186096,29.3062635],[121.3195867,29.3067914],[121.3206062,29.3067822],[121.3216683,29.3063839],[121.3217426,29.3057171],[121.3221993,29.3042816],[121.3230489,29.304615],[121.3228047,29.3058931],[121.3233782,29.3066618],[121.3240579,29.3068562],[121.3245358,29.3070785],[121.3259589,29.30706],[121.3265628,29.3065035],[121.3267554,29.3063676],[121.3268556,29.3063913],[121.3269315,29.3065496],[121.3270318,29.3066773],[121.327105,29.3067789],[121.3272161,29.3069183],[121.327292,29.3070554],[121.3273191,29.3072161],[121.327254,29.3074406],[121.3270426,29.3075257],[121.3264084,29.3075824],[121.3262729,29.3076108],[121.3261238,29.3076912],[121.3261374,29.3077881],[121.3262485,29.3079251],[121.3263705,29.3081497],[121.3265331,29.3082655],[121.3266849,29.3083269],[121.3268014,29.3082182],[121.3269505,29.308126],[121.3271565,29.3080244],[121.3273326,29.307918],[121.3275332,29.307859],[121.327704,29.3078424],[121.3278557,29.3078424],[121.327956,29.3078188],[121.3280834,29.3078566],[121.328387,29.3075257],[121.3282731,29.3072563],[121.3281783,29.3070507],[121.3280915,29.3068734],[121.3281268,29.30663],[121.3281674,29.3065567],[121.3283084,29.3065213],[121.3284628,29.3064669],[121.3287203,29.3064338],[121.3290429,29.3063346],[121.3292516,29.3062258],[121.3294711,29.3061053],[121.3296798,29.306006],[121.3299047,29.305954],[121.3300213,29.3058619],[121.3300999,29.3058051],[121.3302083,29.3057484],[121.3303899,29.3056255],[121.3304685,29.3055806],[121.3305904,29.3054601],[121.3306826,29.305401],[121.3307639,29.3053726],[121.3308994,29.3052686],[121.3309672,29.3051812],[121.3310376,29.3050607],[121.3311162,29.3050276],[121.3312653,29.3049921],[121.3314008,29.3049685],[121.3314713,29.3049921],[121.3314821,29.3050441],[121.331493,29.3051505],[121.3314659,29.3052237],[121.3315092,29.3052852],[121.3315824,29.3052592],[121.3316339,29.3051765],[121.3317477,29.3051245],[121.3318291,29.3050843],[121.3319483,29.3050748],[121.3320811,29.3050914],[121.3321543,29.3051174],[121.3321164,29.304933],[121.3321299,29.3048125],[121.3322546,29.3047369],[121.3323982,29.3046541],[121.3325663,29.3046234],[121.3326286,29.3046045],[121.3326909,29.3046116],[121.3327587,29.3045785],[121.3328427,29.3045761],[121.3329349,29.3045951],[121.333027,29.3045903],[121.3330975,29.3045501],[121.3331571,29.3045478],[121.3332357,29.3045289],[121.3333008,29.3045076],[121.3333495,29.30451],[121.3333794,29.304536],[121.3334796,29.3045714],[121.3335989,29.3045218],[121.3336477,29.3045005],[121.3337209,29.3044911],[121.3337832,29.3044296],[121.3338862,29.3044272],[121.3340325,29.3044556],[121.3341626,29.3044981],[121.3343198,29.3045501],[121.3344635,29.3046116],[121.3345963,29.3046116],[121.3347508,29.3046352],[121.3348944,29.3046352],[121.3349839,29.30464],[121.3350733,29.3046707],[121.3351844,29.3047038],[121.3353118,29.3047699],[121.3353985,29.3048409],[121.3354527,29.3048905],[121.3355476,29.3049614],[121.335675,29.3050347],[121.3357997,29.3050961],[121.3358322,29.3051505],[121.3358647,29.3051859],[121.336049,29.3051977],[121.3361168,29.3052852],[121.3361574,29.3053159],[121.3362442,29.3053915],[121.3363038,29.3054341],[121.3364691,29.3054979],[121.3366209,29.305583],[121.336713,29.3056421],[121.3368215,29.3057153],[121.3370681,29.3057957],[121.3370898,29.305928],[121.3371521,29.3060084],[121.3371901,29.3060486],[121.3372443,29.3060037],[121.3373337,29.30598],[121.3374394,29.3059753],[121.3375261,29.3059966],[121.3375722,29.3060273],[121.3376264,29.3060651],[121.3376915,29.3061195],[121.3378622,29.3062093],[121.3380086,29.3062873],[121.338117,29.3063464],[121.3381793,29.3063936],[121.3381983,29.3064693],[121.3382091,29.3065354],[121.3382498,29.3065898],[121.3383203,29.3066229],[121.338407,29.3066087],[121.338491,29.3066087],[121.3385506,29.3066442],[121.3385804,29.3066891],[121.338613,29.3067742],[121.3386184,29.306838],[121.3386916,29.3069254],[121.3387566,29.3068498],[121.3389111,29.3067552],[121.3391279,29.3066371],[121.3392363,29.3065993],[121.3393502,29.306578],[121.3394559,29.3065851],[121.3395074,29.3066631],[121.3395155,29.3067505],[121.3395074,29.3068403],[121.3395074,29.3068781],[121.3395345,29.3069089],[121.3395995,29.3068947],[121.3398028,29.3068451],[121.3399004,29.3068616],[121.3399492,29.3069112],[121.3399708,29.3069869],[121.3399979,29.3070389],[121.3400359,29.3070696],[121.340166,29.3070578],[121.3402066,29.3071239],[121.3403069,29.3072137],[121.3403855,29.3072634],[121.3404912,29.3072823],[121.3405481,29.3071948],[121.3406267,29.3070908],[121.3408165,29.3069632],[121.3409764,29.3069656],[121.3410929,29.3070058],[121.3411796,29.3070436],[121.3412447,29.3070294],[121.3413287,29.3069514],[121.3414317,29.3068758],[121.3415618,29.3068238],[121.3417298,29.3068025],[121.3418247,29.3068025],[121.3419033,29.3069372],[121.3419513,29.3070678],[121.3421418,29.3070811],[121.3425152,29.3067555],[121.3434673,29.306696],[121.3433945,29.306385],[121.3433381,29.3061442],[121.3431552,29.306111],[121.3431397,29.3049907]]]},"properties":{"osmId":85249065,"kind":"water","name":"黄坛水库"}},{"type":"Feature","geometry":{"type":"LineString","coordinates":[[121.2379315,29.3647382],[121.2383044,29.3646984],[121.2385672,29.3646564],[121.2386772,29.3646891],[121.2387577,29.3647662],[121.2387523,29.3649111],[121.2387389,29.3649953],[121.2387899,29.3650888],[121.2389374,29.365187],[121.2390849,29.3652711],[121.2391922,29.3653576],[121.2393022,29.3654207],[121.2394175,29.3654675],[121.2395757,29.3655563],[121.2396589,29.3656966],[121.2397206,29.3658579],[121.2397957,29.3660215],[121.239852,29.3661267],[121.2399432,29.3661968],[121.2400559,29.366302],[121.2401819,29.3663955],[121.2402597,29.3665054],[121.2403643,29.3666433],[121.2404367,29.3666924],[121.2405708,29.3667952],[121.2406513,29.36687],[121.2407747,29.3669682],[121.2408498,29.367029],[121.2409437,29.3670711],[121.2411019,29.3671529],[121.2412897,29.36723],[121.2414533,29.3673118],[121.2415659,29.3674006],[121.2416196,29.3674638],[121.2416598,29.3675573],[121.2417108,29.3676671],[121.2417591,29.3677723],[121.2418025,29.3678706],[121.2420617,29.3682627],[121.2422828,29.3687145],[121.2424811,29.3694122],[121.2426227,29.3695815],[121.2428594,29.369795],[121.2429795,29.369862],[121.2431051,29.369894],[121.2432512,29.3699106],[121.2434723,29.3698707],[121.2436891,29.3698707],[121.2438834,29.3699135],[121.2440565,29.3700033],[121.2443313,29.370201],[121.2447212,29.3705184],[121.2449123,29.3707101],[121.2453018,29.3710603],[121.2454981,29.3711897],[121.2456838,29.3712661],[121.2459058,29.3713206],[121.2461897,29.3713804],[121.2463725,29.3714001],[121.2465656,29.3714375],[121.2466899,29.3714256],[121.2469797,29.371306],[121.247338,29.3711],[121.2474829,29.3709139],[121.2477421,29.3708741],[121.2482073,29.3711731],[121.2486724,29.3713325],[121.2490917,29.371585],[121.2493052,29.3723957],[121.2497398,29.3727346],[121.2496788,29.3731],[121.2493418,29.3734474],[121.2493386,29.3736041],[121.249449,29.3737725],[121.2496757,29.3738871],[121.2498674,29.3739689],[121.2501319,29.3739986],[121.2507606,29.3739455],[121.2513558,29.3736951],[121.2522299,29.3732353],[121.2528913,29.3730981]]},"properties":{"osmId":85249066,"kind":"river","name":null}},{"type":"Feature","geometry":{"type":"LineString","coordinates":[[121.2988564,29.3145693],[121.2990632,29.3107387],[121.2970663,29.3091018],[121.2970033,29.3063977],[121.2978307,29.3040705],[121.2989682,29.3024412],[121.300407,29.3025655],[121.3012526,29.3025358],[121.3029747,29.3024752],[121.3054917,29.3005428],[121.3066175,29.2999676],[121.3071513,29.2999664],[121.3076436,29.3004404],[121.3078004,29.301606],[121.307303,29.3025057],[121.3063294,29.3041107],[121.3068906,29.3046554],[121.3096839,29.3039607],[121.3122588,29.3035632],[121.3141273,29.304302],[121.3148759,29.3071829],[121.3160577,29.3065474],[121.317721,29.3060123],[121.3203493,29.3059486],[121.3218942,29.3031044],[121.3230649,29.3037668],[121.3248828,29.3063484],[121.3279024,29.3049008],[121.3345912,29.3038821],[121.3433945,29.306385],[121.3438248,29.3063695],[121.3444938,29.3061491],[121.346887,29.3044306],[121.3491212,29.3021087],[121.3505343,29.3018028],[121.3526216,29.3019069],[121.3558441,29.3018842],[121.3588636,29.3010217],[121.3649027,29.2979701],[121.3690486,29.2953976],[121.37251,29.2930267],[121.3755563,29.2909743],[121.3756908,29.2908836],[121.3779196,29.2889153],[121.3805474,29.2876633],[121.3845506,29.2867863],[121.3874689,29.2858879],[121.3893808,29.2859196],[121.3920909,29.2853203],[121.39457,29.284772]]},"properties":{"osmId":85249067,"kind":"river","name":"黄坛溪"}},{"type":"Feature","geometry":{"type":"LineString","coordinates":[[121.2364069,29.1473237],[121.2372105,29.1472418],[121.2382953,29.1473821],[121.2388578,29.1481191],[121.238898,29.1491367],[121.2386301,29.1497917],[121.2384205,29.1502968],[121.2382417,29.1507275],[121.2379069,29.1525989],[121.2379203,29.1529732],[121.2383221,29.153406],[121.2388712,29.1537218],[121.2396212,29.1538037],[121.2406659,29.1536984],[121.2414829,29.1535932],[121.2424472,29.1533241],[121.2425275,29.1530551],[121.2425534,29.1529761],[121.2426615,29.1526457],[121.2430097,29.1522597],[121.243549,29.1519951],[121.2442724,29.1517913],[121.2448085,29.1517576],[121.2452999,29.152096],[121.2460767,29.152365],[121.2466392,29.1529615],[121.2474562,29.1541312],[121.2476303,29.1546341],[121.2476035,29.1548915],[121.2478044,29.1551722],[121.2483134,29.1557921],[121.2487687,29.1564821],[121.2489428,29.157102],[121.249117,29.1578155],[121.2495589,29.1580026],[121.2498402,29.1577336],[121.2503357,29.1574178],[121.2508581,29.1572073],[121.2512197,29.1567511],[121.251742,29.1568798],[121.2518492,29.1573009],[121.2523849,29.158026],[121.2523849,29.1593359],[121.2524518,29.1599675],[121.2530947,29.1604353],[121.2538983,29.1606342],[121.2544206,29.160295],[121.2545144,29.1593944],[121.2540724,29.1579207],[121.253751,29.1561546],[121.2544206,29.1556283],[121.2556796,29.1556517],[121.2565367,29.1561196],[121.2572332,29.1570435],[121.2571394,29.1576985],[121.2567778,29.1583769],[121.256376,29.1592073],[121.2564698,29.1595465],[121.2568984,29.1598506],[121.2579028,29.1597102],[121.2588404,29.159219],[121.2591082,29.1593126],[121.2609029,29.1595114],[121.2617333,29.1600611],[121.262336,29.1605289],[121.2632601,29.160985],[121.264278,29.1612774],[121.264586,29.1611839],[121.2651619,29.1612657],[121.2660459,29.1612774],[121.2663271,29.1614178],[121.2671977,29.1618154],[121.2683763,29.1621312],[121.2691397,29.1620493],[121.2695817,29.1616517],[121.2700638,29.1607511],[121.2702647,29.1600611],[121.2701844,29.1593827],[121.2700102,29.1584588],[121.2698897,29.1575348],[121.2700236,29.1569734],[121.2708138,29.1569617],[121.2710951,29.1572892],[121.2715103,29.1573359],[121.2730237,29.1567044],[121.2731576,29.1560728],[121.2730773,29.1551605],[121.2729835,29.1539323],[121.2734925,29.1534528],[121.275555,29.153254],[121.2769881,29.1533475],[121.2782872,29.1536165],[121.2787961,29.154178],[121.279372,29.1542832],[121.2803765,29.1545873],[121.2823989,29.1559558],[121.2830284,29.1563886],[121.2840061,29.1564587],[121.2851981,29.1563418],[121.2857204,29.1557219],[121.2859213,29.1546926],[121.2861222,29.1536048],[121.2869124,29.1529732],[121.288399,29.1528914],[121.2900062,29.1532773],[121.290716,29.1539323],[121.2918009,29.1549499],[121.2928589,29.1555581],[121.2939036,29.1560845],[121.2960197,29.1568798],[121.2972921,29.157219],[121.2983769,29.1570085],[121.2987147,29.1561047],[121.2992205,29.1538092],[121.2999478,29.1517281],[121.3006132,29.1501335],[121.3014333,29.1489983],[121.3020594,29.1481445],[121.3023153,29.1477956],[121.303058,29.1471469],[121.3039555,29.1469712],[121.3047292,29.1472685],[121.3051625,29.1480118],[121.3052553,29.1490659],[121.3054565,29.1504038],[121.305766,29.1513903],[121.3063385,29.1522011],[121.3072514,29.1529444],[121.3091238,29.1538498],[121.3100367,29.1544309],[121.3115841,29.1557957],[121.3129613,29.1572686],[121.314617,29.1587686],[121.315762,29.1596739],[121.3169999,29.1603766],[121.3182997,29.1607955],[121.3199864,29.1613225],[121.3208529,29.1614981],[121.3226169,29.1614441],[121.32435,29.1613765],[121.3252165,29.1615387],[121.3260676,29.1618765],[121.3270115,29.1625926],[121.3280947,29.1637547],[121.3289612,29.164606],[121.3293171,29.1650113],[121.3305058,29.165843],[121.3315958,29.1661026],[121.3329266,29.1658554],[121.3338892,29.1655834],[121.3352341,29.1645821],[121.3363242,29.163692],[121.337386,29.1631728],[121.3385185,29.1630368],[121.3393254,29.1633212],[121.3399908,29.1642854],[121.3405712,29.164681],[121.3413357,29.1651878],[121.3421426,29.1659419],[121.3439264,29.1666218],[121.3457526,29.1673264],[121.3469843,29.1678209],[121.3477487,29.1682412],[121.3482301,29.1683772],[121.3481876,29.1691189],[121.3483716,29.1696257],[121.3487397,29.1699471],[121.3492918,29.1703056],[121.3499147,29.1704292],[121.3507641,29.1701201],[121.3514295,29.1695021],[121.3516277,29.1686615],[121.3520524,29.1679569],[121.3524488,29.1673882],[121.3534681,29.1669927],[121.354275,29.166696],[121.3558039,29.1665476],[121.357885,29.1665476],[121.3600934,29.1663251],[121.3610561,29.1657688],[121.3617356,29.1653609],[121.3623868,29.1634201],[121.3627974,29.161269],[121.3631513,29.1608116],[121.3647086,29.1607003],[121.3662516,29.1600699],[121.367186,29.1596001],[121.3682053,29.1594394],[121.3692387,29.159971],[121.3697439,29.160023],[121.3705094,29.1601017],[121.3712915,29.1601811],[121.3734858,29.1611701],[121.3754819,29.161541],[121.3762888,29.161541],[121.3774355,29.1608363],[121.3784265,29.1591427],[121.3798846,29.1573006],[121.3820506,29.1561138],[121.3847262,29.1562374],[121.3862552,29.1561385],[121.3886618,29.1550876],[121.3902049,29.1535175],[121.3914082,29.151935],[121.3924033,29.1509222],[121.39328,29.1503967],[121.3949559,29.1500965],[121.3973882,29.1499464],[121.4002329,29.1500665],[121.402605,29.1497062],[121.4053553,29.1486328],[121.4081056,29.1480098],[121.4101597,29.1479197],[121.4124544,29.1484226],[121.4152906,29.1485352],[121.416872,29.148235],[121.4186253,29.1471091],[121.4195363,29.1468538],[121.4206622,29.1471841],[121.4230515,29.1483551],[121.4266612,29.1509597],[121.4290848,29.152641],[121.4327461,29.1546225],[121.4339322,29.1557259],[121.4357972,29.1585704],[121.4370409,29.1602439],[121.4394788,29.1614226],[121.4419269,29.1612309],[121.4539218,29.158214],[121.4588141,29.1566774]]},"properties":{"osmId":118061774,"kind":"river","name":"清溪"}},{"type":"Feature","geometry":{"type":"LineString","coordinates":[[121.4367697,29.3153344],[121.4362867,29.3174106],[121.4362014,29.3178046],[121.4359149,29.3191272],[121.4355846,29.3203011],[121.4354083,29.3213672],[121.4352256,29.3228686],[121.4352166,29.3231031],[121.4349565,29.3235879],[121.4349029,29.3238159],[121.4345171,29.324229],[121.4343647,29.3251125],[121.4338356,29.3274112],[121.4333603,29.3293736],[121.4327774,29.3317112],[121.4322841,29.3338533],[121.432042,29.3347055],[121.4323637,29.3356552],[121.4324338,29.3360886],[121.4327045,29.3369006],[121.4329209,29.33777],[121.4333423,29.3382],[121.4337881,29.338671],[121.4339342,29.3388254],[121.4341674,29.3392788],[121.4344274,29.3400058],[121.4346247,29.340897],[121.4348041,29.342437],[121.4349207,29.3432735],[121.4351036,29.3442903],[121.435456,29.3453389],[121.4359298,29.3460484],[121.4362214,29.3463344],[121.4364766,29.3466415],[121.4371378,29.3475996],[121.4374719,29.3481508],[121.4376747,29.3485148],[121.4377582,29.3489828],[121.4378895,29.3497628],[121.4380804,29.3504076],[121.4381639,29.3505948],[121.4383667,29.3510107],[121.4387724,29.3514267],[121.4394286,29.3517907],[121.4403592,29.3520715],[121.441445,29.3521755],[121.4430199,29.3521547],[121.4448095,29.3521755]]},"properties":{"osmId":118165408,"kind":"river","name":null}},{"type":"Feature","geometry":{"type":"LineString","coordinates":[[121.4817075,29.3684412],[121.4826035,29.3691117],[121.4831163,29.3701841],[121.4838469,29.3711225],[121.4846994,29.3718095],[121.48568,29.372329],[121.4872568,29.3728317],[121.4885636,29.3738865],[121.4891668,29.3743733],[121.490673,29.3753786],[121.491811,29.3761253],[121.4925994,29.3770469],[121.4926827,29.3781583],[121.492093,29.3791134],[121.4900612,29.3816993],[121.4893451,29.3830291],[121.4892066,29.3836915],[121.4891053,29.3842126]]},"properties":{"osmId":118274231,"kind":"river","name":"彦公河"}},{"type":"Feature","geometry":{"type":"LineString","coordinates":[[121.4371754,29.3089991],[121.4363602,29.3074814]]},"properties":{"osmId":118277323,"kind":"canal","name":null}},{"type":"Feature","geometry":{"type":"LineString","coordinates":[[121.4363602,29.3074814],[121.4354139,29.3057831],[121.4340598,29.3033745],[121.4336742,29.3026316],[121.432905,29.3006757],[121.4323252,29.2992858],[121.4320463,29.2986055],[121.4311094,29.2969382]]},"properties":{"osmId":118277324,"kind":"canal","name":null}},{"type":"Feature","geometry":{"type":"LineString","coordinates":[[121.4023769,29.392858],[121.4039977,29.39275],[121.4053769,29.3922471],[121.4059826,29.3913877],[121.4066575,29.3900306],[121.4077477,29.3886585],[121.4087514,29.3872563],[121.410032,29.385658],[121.4108799,29.3849493],[121.4115721,29.384904],[121.4127835,29.3850397],[121.4138391,29.3854619],[121.4147044,29.3860651],[121.4150507,29.3862253],[121.4170578,29.3871356],[121.4180269,29.3871507],[121.4204669,29.3856881],[121.4228031,29.3842556],[121.4255546,29.3849191],[121.4275793,29.3866984],[121.4270083,29.3885078],[121.4264545,29.3905131],[121.426143,29.3922923],[121.4253304,29.3942196],[121.4250612,29.3947712],[121.4249664,29.3952579],[121.4250507,29.3957354],[121.4254196,29.396167],[121.4259255,29.3965251],[121.4261257,29.3969108],[121.426438,29.3981495],[121.4269713,29.3988399],[121.4275617,29.3996422],[121.4278074,29.4005256],[121.4275446,29.4028357],[121.4267086,29.4058116],[121.4267794,29.4070521],[121.4268549,29.4076122],[121.4279746,29.4097654],[121.4307217,29.4118255],[121.4334449,29.4124498],[121.4363831,29.4122001],[121.4403246,29.4123874],[121.4424507,29.4135111],[121.4442132,29.4148014]]},"properties":{"osmId":118416862,"kind":"river","name":"凫溪"}},{"type":"Feature","geometry":{"type":"Polygon","coordinates":[[[121.4214093,29.38177],[121.4211997,29.3817985],[121.4209812,29.3816461],[121.4207283,29.3813655],[121.4193298,29.3813116],[121.4192384,29.3819414],[121.4188969,29.3823005],[121.4183238,29.3827884],[121.4185227,29.3829315],[121.4184415,29.383193],[121.4181269,29.3831454],[121.418134,29.383783],[121.4178632,29.3838813],[121.4179982,29.3842494],[121.4183179,29.3843239],[121.4181989,29.3848437],[121.4184354,29.3852985],[121.4183982,29.3858112],[121.4169446,29.3861127],[121.4153352,29.3857961],[121.4150507,29.3862253],[121.4148138,29.3865827],[121.4150371,29.3874773],[121.4156582,29.3881608],[121.4158022,29.3887977],[121.4159296,29.3889528],[121.41627,29.3891476],[121.4165736,29.3893366],[121.4168639,29.3895081],[121.4170341,29.3895779],[121.4173878,29.3897029],[121.4177782,29.3900053],[121.4179083,29.3900518],[121.4179651,29.3899646],[121.4181953,29.3899093],[121.4185257,29.3898773],[121.4189594,29.3896273],[121.4190529,29.3894877],[121.4190796,29.3892464],[121.419203,29.3889615],[121.4193265,29.3888539],[121.4196635,29.388601],[121.4200406,29.3883481],[121.4203275,29.3882201],[121.4206212,29.3878422],[121.4208247,29.3875747],[121.4212218,29.3873479],[121.4214921,29.3870601],[121.4215621,29.3868944],[121.4217225,29.3866785],[121.4218201,29.3865958],[121.4219827,29.3864234],[121.4221155,29.3863101],[121.4222348,29.3863478],[121.4223676,29.3864659],[121.4225654,29.38661],[121.4227172,29.3866997],[121.4229557,29.386865],[121.42314,29.3871295],[121.423365,29.3872618],[121.4235086,29.3875074],[121.4237363,29.3877034],[121.4238881,29.3877482],[121.4241076,29.3877671],[121.4242539,29.3878096],[121.4245168,29.3879324],[121.4248719,29.3880552],[121.4249369,29.3881899],[121.4249939,29.3883127],[121.4250345,29.3884827],[121.4250128,29.3887968],[121.4249912,29.3889385],[121.4248204,29.3892124],[121.4246253,29.3893588],[121.4244274,29.3894533],[121.4240398,29.3897154],[121.4239423,29.3898051],[121.4237932,29.3898925],[121.4234707,29.3900177],[121.4230668,29.3902278],[121.422747,29.3902987],[121.4225275,29.3903081],[121.4224136,29.3902255],[121.4223215,29.3902137],[121.4222348,29.3903176],[121.4222304,29.3904764],[121.4223063,29.3905638],[121.422534,29.3905472],[121.4227822,29.3906522],[121.4230758,29.3907598],[121.4230591,29.3908586],[121.4230892,29.3909691],[121.4231192,29.3911755],[121.4230358,29.3912715],[121.4230158,29.3914139],[121.4231059,29.3914866],[121.423266,29.3915709],[121.4234329,29.3916465],[121.4236798,29.3916989],[121.4239834,29.391664],[121.4243605,29.3916291],[121.4244706,29.3917948],[121.4245178,29.3918947],[121.4244976,29.3920711],[121.4245515,29.3922062],[121.424646,29.3923414],[121.4246729,29.3925001],[121.4247269,29.3925941],[121.4246864,29.3926882],[121.4247539,29.3928351],[121.4247404,29.3930173],[121.4246595,29.3932641],[121.4245583,29.3934522],[121.4245515,29.3935815],[121.4245178,29.393699],[121.4244638,29.3938048],[121.4244234,29.3938636],[121.4243656,29.3939172],[121.4253304,29.3942196],[121.426052,29.3944406],[121.4262379,29.3943866],[121.4264133,29.3942515],[121.4265347,29.3940693],[121.4266763,29.3939341],[121.4270406,29.3938988],[121.4271553,29.393893],[121.4272767,29.3936873],[121.4274116,29.3934698],[121.4274655,29.393223],[121.4273846,29.3930349],[121.4273104,29.3929232],[121.4273644,29.3928233],[121.4272632,29.3927704],[121.4273037,29.3926588],[121.4274251,29.3926588],[121.4274588,29.3924766],[121.4273171,29.3924648],[121.4272834,29.3923414],[121.4272902,29.392265],[121.4274183,29.3922297],[121.4275802,29.3922297],[121.4277354,29.3922944],[121.4278972,29.3923943],[121.4280254,29.3925001],[121.4280794,29.3926529],[121.4280591,29.3928175],[121.4280389,29.3929585],[121.4281266,29.3930467],[121.428221,29.3930819],[121.4283424,29.3931348],[121.4283829,29.3932641],[121.4283627,29.3934404],[121.4283762,29.3935109],[121.4284571,29.3934757],[121.4284908,29.3933699],[121.4285718,29.3931466],[121.428646,29.3928939],[121.4286325,29.3927939],[121.4284301,29.3926882],[121.4283559,29.3926353],[121.4284234,29.3925471],[121.4284301,29.3924354],[121.4284504,29.3922826],[121.4285043,29.3921533],[121.4286055,29.3920123],[121.4286662,29.3919006],[121.4286864,29.391402],[121.4288841,29.3912011],[121.4289005,29.3907132],[121.4282583,29.3906846],[121.4278795,29.3901106],[121.4278723,29.3897134],[121.4280323,29.3895298],[121.4284625,29.3893461],[121.4286627,29.3892359],[121.4290105,29.3892359],[121.4294247,29.3893767],[121.4298567,29.3892995],[121.4306098,29.3897157],[121.4307024,29.3896761],[121.4310417,29.3895311],[121.4314183,29.3892802],[121.4320717,29.3885758],[121.4326919,29.3879485],[121.4328802,29.3875046],[121.4328941,29.3870318],[121.4326698,29.3865782],[121.4323043,29.3861053],[121.4317727,29.3856132],[121.4314626,29.3852561],[121.4307316,29.384349],[121.429912,29.383548],[121.4279628,29.3823224],[121.4269439,29.3818109],[121.4263569,29.3816275],[121.4258284,29.3815406],[121.4220496,29.3814383],[121.4219648,29.3814822],[121.4216765,29.3816316],[121.4214093,29.38177]]]},"properties":{"osmId":118421265,"kind":"water","name":"杨梅岭水库"}},{"type":"Feature","geometry":{"type":"LineString","coordinates":[[121.2511275,29.2681251],[121.2509523,29.2676333],[121.2500305,29.2665965],[121.2497714,29.2654467],[121.2498248,29.2649017],[121.2489258,29.2631605],[121.2482136,29.2622767],[121.2477566,29.2613864],[121.2477338,29.2604428],[121.247353,29.260177],[121.2466446,29.2599976],[121.2460963,29.2594661],[121.2456469,29.2591737],[121.2452661,29.2575789],[121.2448624,29.2570806],[121.2442911,29.2568679],[121.2436894,29.2565955],[121.2435066,29.2563031],[121.2432477,29.2555854],[121.2427755,29.2553263],[121.2421661,29.2550273],[121.2417929,29.2544226],[121.2412065,29.2542498],[121.2407418,29.2542166],[121.2404448,29.2539042],[121.2401858,29.253047],[121.2406657,29.2526217],[121.2406885,29.2521698],[121.2400487,29.251698],[121.2398202,29.2512594],[121.2390281,29.2510003],[121.2383883,29.2506481],[121.2384569,29.2499769],[121.2387159,29.249432],[121.2391881,29.2491994],[121.2392566,29.2484617],[121.2393937,29.2481893],[121.2393099,29.2476975],[121.2387006,29.2468136],[121.2384721,29.2465345],[121.238335,29.2455975],[121.2380913,29.2453516],[121.2379923,29.2447734],[121.2371316,29.2433512],[121.2369412,29.2422746],[121.2360653,29.2407726],[121.2359358,29.2401213],[121.236667,29.238925],[121.2364233,29.2380544],[121.2347172,29.2366986],[121.235258,29.2343857],[121.2365528,29.2326111],[121.2378628,29.2318334],[121.2394699,29.2321724],[121.2401097,29.2317138],[121.2403763,29.2274998],[121.2407723,29.2258048]]},"properties":{"osmId":237414708,"kind":"stream","name":"大松溪"}},{"type":"Feature","geometry":{"type":"Polygon","coordinates":[[[121.2471735,29.2800604],[121.2470364,29.28018],[121.2468231,29.2802531],[121.2468459,29.2803661],[121.2470593,29.2805521],[121.2469755,29.2807714],[121.2466022,29.2809508],[121.245886,29.2807913],[121.2456879,29.2809442],[121.2454061,29.2809375],[121.245208,29.2808179],[121.2445376,29.2810439],[121.244408,29.2812831],[121.2443319,29.2816552],[121.2440576,29.282127],[121.2442481,29.2825589],[121.2446671,29.2831636],[121.2441947,29.2839411],[121.2435624,29.2843929],[121.2433567,29.2845923],[121.2432881,29.284765],[121.2428386,29.2847916],[121.242572,29.2852434],[121.2425339,29.2861006],[121.2431053,29.2851172],[121.2434481,29.2851504],[121.24357,29.2850707],[121.2435167,29.2848979],[121.2438062,29.2848115],[121.2439814,29.284971],[121.24405,29.2846986],[121.2447052,29.2841404],[121.2449032,29.2836753],[121.2450937,29.2835756],[121.245208,29.2832699],[121.2450632,29.2830639],[121.2448423,29.2829177],[121.2447204,29.2825988],[121.2445376,29.2821868],[121.2448118,29.2818612],[121.2448499,29.2816486],[121.2451851,29.2815157],[121.2454289,29.2815688],[121.2455813,29.2814426],[121.2459546,29.2814758],[121.2462136,29.2813761],[121.246785,29.2814359],[121.2477449,29.2813495],[121.2483087,29.2810704],[121.2485601,29.2803195],[121.2483392,29.2800272],[121.2479963,29.2800338],[121.247783,29.2797746],[121.247524,29.279881],[121.2472802,29.2799009],[121.2471735,29.2800604]]]},"properties":{"osmId":237414740,"kind":"water","name":null}},{"type":"Feature","geometry":{"type":"LineString","coordinates":[[121.3037839,29.2859469],[121.304001,29.2859002],[121.3043118,29.2859025],[121.3050139,29.2860568],[121.3052523,29.2862554],[121.3053354,29.2863723],[121.305456,29.2871201],[121.3055792,29.2873585],[121.3055792,29.2884289],[121.3056275,29.2887187],[121.3057614,29.2889384],[121.3062063,29.2892889],[121.3064153,29.289574],[121.3064045,29.2897096],[121.3063349,29.2898217],[121.3060026,29.2900648],[121.305815,29.2902658],[121.3057614,29.2903826],[121.3057614,29.2905228],[121.3058258,29.290649],[121.3060187,29.2908687],[121.30656,29.2911351],[121.3066671,29.2912333],[121.3067261,29.2913501],[121.3068065,29.29171],[121.3068279,29.2921026],[121.3069726,29.2923223],[121.3071655,29.2925233],[121.3072727,29.2927616],[121.3073102,29.2940703],[121.3071655,29.2944769],[121.3069204,29.2946955],[121.3062042,29.2950742],[121.3060137,29.295659],[121.3061356,29.2960975],[121.3067299,29.2967288],[121.3067223,29.2970544],[121.3064099,29.2977853],[121.3059603,29.2984897],[121.3061127,29.2992007],[121.3066175,29.2999676]]},"properties":{"osmId":237414741,"kind":"stream","name":null}},{"type":"Feature","geometry":{"type":"LineString","coordinates":[[121.1969315,29.2392637],[121.2002904,29.2383],[121.2018061,29.2374227],[121.2022707,29.2367115],[121.2035731,29.2366185],[121.2039996,29.2383266],[121.2050735,29.2389712],[121.2061932,29.238732],[121.2072747,29.2365786],[121.2097044,29.2325775],[121.2125149,29.2316403],[121.2158204,29.2322718],[121.2187985,29.2314409],[121.2195754,29.23065],[121.2208397,29.2269743],[121.2224316,29.2255785],[121.2221454,29.2243597],[121.2202799,29.2238621],[121.2206232,29.2228836],[121.2222906,29.2227637],[121.224994,29.2235887],[121.2276377,29.2241114],[121.2298373,29.2262686],[121.2329287,29.2249371],[121.2353677,29.226088],[121.2380411,29.2252305],[121.2407723,29.2258048],[121.2426307,29.2226475],[121.2396222,29.2180342],[121.2384462,29.2100587],[121.2497835,29.2041595],[121.251852,29.2030831],[121.2521967,29.2025284],[121.2523337,29.2018914]]},"properties":{"osmId":237414753,"kind":"river","name":"白溪"}},{"type":"Feature","geometry":{"type":"LineString","coordinates":[[121.1562135,29.2923421],[121.1568573,29.2920989],[121.1578229,29.2922111],[121.1585707,29.292034],[121.1588957,29.2912754],[121.1587518,29.2906401],[121.1584237,29.290059],[121.1584666,29.2895537],[121.1591532,29.2888613],[121.1589387,29.2877829],[121.1587375,29.2871138],[121.1585498,29.2870295],[121.1581514,29.2869816],[121.1579362,29.2868383],[121.1577907,29.2866506],[121.1574017,29.2860166],[121.1570289,29.2852867],[121.1569216,29.2845755],[121.157222,29.2839018],[121.1575225,29.2838831],[121.1580052,29.2841357],[121.1586168,29.2840515],[121.1590097,29.2839673],[121.1591398,29.2836304],[121.1596226,29.2828935],[121.1601081,29.2828899],[121.1605668,29.2827507],[121.1612775,29.282442],[121.161932,29.2818711],[121.1623558,29.2820232],[121.1629701,29.2822571],[121.1633804,29.282442],[121.1638096,29.2826969],[121.1644257,29.2824703],[121.1648351,29.2821489],[121.1652533,29.2819455],[121.1659627,29.2811792],[121.1665343,29.2810062],[121.1670476,29.2812107],[121.1681225,29.2817495],[121.1686529,29.2818343],[121.1689239,29.2817744],[121.1690393,29.2816015],[121.1688709,29.281231],[121.1685923,29.28103],[121.1685982,29.2805127],[121.1688083,29.2803365],[121.1691121,29.2803734],[121.169344,29.2806406],[121.1696039,29.2808776],[121.1699879,29.2809292],[121.1703493,29.2808451],[121.1706331,29.2804393],[121.1706745,29.2801908],[121.1708007,29.2795851],[121.1711266,29.2791292],[121.1714801,29.2780055],[121.1715002,29.2779357],[121.171706,29.2766773],[121.1714883,29.2765211],[121.1714457,29.2762801],[121.1714352,29.2759047],[121.171666,29.275494],[121.1722048,29.2749455],[121.1725927,29.2744522],[121.1730492,29.2734195],[121.1732701,29.2730069],[121.1733945,29.2723907],[121.1736941,29.2713],[121.1738534,29.2710508],[121.1740939,29.2708371],[121.1746948,29.2707852],[121.1752757,29.2707295],[121.17574,29.2705942],[121.1762082,29.2705177],[121.1764836,29.2702729],[121.1765983,29.2699016],[121.1764616,29.2697992],[121.176193,29.2697942],[121.1759297,29.2696204]]},"properties":{"osmId":237414761,"kind":"stream","name":"清水溪"}},{"type":"Feature","geometry":{"type":"LineString","coordinates":[[121.2644846,29.2759939],[121.2631418,29.275515],[121.2623876,29.275329],[121.2617781,29.2737739],[121.261382,29.273435],[121.260841,29.2733818],[121.2581822,29.2735945],[121.2577099,29.2734217],[121.2574508,29.2730363],[121.2575575,29.2725245],[121.2582203,29.2718533],[121.258106,29.2714945],[121.2576108,29.2712752],[121.2573442,29.2709695],[121.256628,29.2700656],[121.2565061,29.2697865],[121.2565899,29.2693678],[121.2561176,29.2685703],[121.2553177,29.2680985],[121.2550586,29.2682646],[121.2549063,29.2686567],[121.254213,29.2690156],[121.2537635,29.2690289],[121.2532607,29.2688229],[121.2522855,29.2688428],[121.2519046,29.2685969],[121.2518132,29.2684175],[121.2513485,29.2682513],[121.2511275,29.2681251]]},"properties":{"osmId":237414765,"kind":"stream","name":null}},{"type":"Feature","geometry":{"type":"LineString","coordinates":[[121.2590298,29.2674024],[121.2580908,29.2675801],[121.2576413,29.2677994],[121.2573061,29.2679855],[121.2565442,29.2682447],[121.2561176,29.2685703]]},"properties":{"osmId":237414769,"kind":"stream","name":null}},{"type":"Feature","geometry":{"type":"LineString","coordinates":[[121.3329212,29.42119],[121.3363544,29.4213769],[121.3377277,29.4219563],[121.3392075,29.4222213],[121.3424422,29.4220951],[121.3434085,29.4216028],[121.343929,29.4210966],[121.3452379,29.4194144],[121.3475186,29.4171521],[121.350141,29.4155127],[121.3506462,29.4149913],[121.3511288,29.4144932],[121.3535849,29.4124239],[121.3537684,29.4122693],[121.3552326,29.4110352],[121.3579355,29.4095593],[121.3594329,29.4091894],[121.3614384,29.4093584],[121.3639704,29.4101248],[121.3651936,29.4101026],[121.3660304,29.4100874],[121.3664697,29.4103727],[121.3672105,29.4108538],[121.3694851,29.4113958],[121.371309,29.4110781],[121.3729857,29.4097111],[121.37446,29.4084462],[121.3817159,29.4058535],[121.3824052,29.4054395],[121.3831321,29.4050029],[121.3835828,29.4019372],[121.3835398,29.4007595],[121.3811366,29.3981236],[121.3799135,29.3959363],[121.3798948,29.3954975],[121.3798674,29.3948557],[121.3826136,29.3930368],[121.3835944,29.3925804],[121.3845931,29.3923619],[121.3862864,29.3925524],[121.3869438,29.3927139],[121.3870517,29.3927404]]},"properties":{"osmId":243915963,"kind":"river","name":null}},{"type":"Feature","geometry":{"type":"LineString","coordinates":[[121.3311208,29.2489236],[121.3311665,29.2471962],[121.3314787,29.2455287],[121.3319889,29.2443528],[121.3327807,29.242931],[121.3337858,29.2412766],[121.3341513,29.2405458],[121.3346767,29.2400741],[121.3348975,29.2394495],[121.3350422,29.2389911],[121.3359026,29.2379613],[121.3360473,29.2375028],[121.3363975,29.2371241],[121.3374026,29.2353766],[121.3380803,29.2346125],[121.3387884,29.2342205],[121.3402046,29.2335428],[121.3417199,29.2331375]]},"properties":{"osmId":244792031,"kind":"stream","name":null}},{"type":"Feature","geometry":{"type":"LineString","coordinates":[[121.2944591,29.2416741],[121.2951672,29.2424137],[121.2954944,29.2426899],[121.2957036,29.2429145],[121.2958002,29.2431767],[121.2959558,29.243406],[121.2963903,29.2435277],[121.2974203,29.244066],[121.2977153,29.2441737],[121.2984502,29.2445341],[121.2989062,29.244609],[121.2990403,29.2446558],[121.2995821,29.2447213],[121.2999254,29.2449694],[121.3020498,29.2454374],[121.3023716,29.2454608],[121.3029563,29.2451987],[121.3032889,29.2451566],[121.3037878,29.2451472],[121.3042277,29.2452596],[121.3043565,29.2453345],[121.3045013,29.2453485],[121.3051021,29.2453438],[121.3062286,29.2454234],[121.3067114,29.2454234],[121.3069957,29.2453532],[121.3071138,29.245283],[121.3078594,29.245194],[121.3079452,29.2450817],[121.3080686,29.2450209],[121.3083529,29.2450255],[121.3086104,29.2451519],[121.308766,29.2451472],[121.3088787,29.2450677],[121.3090932,29.244726],[121.3092756,29.2445294],[121.3095009,29.2443749],[121.309635,29.2443281],[121.3100803,29.2442954],[121.3107187,29.2440988],[121.3112605,29.2438226],[121.3116896,29.2436635],[121.3128591,29.2435464],[121.3129985,29.2435137],[121.3132507,29.2434013],[121.3139936,29.2427367],[121.3143477,29.2424886],[121.314742,29.2420439],[121.3149807,29.2414588],[121.3152194,29.2411873],[121.3152972,29.2409907],[121.3155788,29.2407286],[121.3160133,29.2404571],[121.3161153,29.2403635],[121.3166007,29.2397807],[121.3170943,29.2392611],[121.3179526,29.2387603],[121.3189638,29.2378264],[121.3197631,29.2370494],[121.3202941,29.2367451],[121.3213777,29.2355655],[121.3222897,29.2344186],[121.3223326,29.2343016],[121.3223863,29.2337445],[121.3225257,29.2334917],[121.3227403,29.2333232],[121.3231265,29.2331313],[121.3232177,29.233033],[121.3235182,29.2323214],[121.3237542,29.231975],[121.3238668,29.2317176],[121.3239044,29.231432],[121.3238239,29.2309217],[121.3238186,29.2305285],[121.3238507,29.2304115],[121.3239741,29.2301915],[121.3245106,29.229742],[121.3246286,29.2294986],[121.3246554,29.2292411],[121.3247573,29.2290024],[121.3253742,29.2280942],[121.3254762,29.2279912],[121.3258892,29.2272188],[121.3259965,29.2271298],[121.3261092,29.2270549],[121.3262647,29.2270175],[121.3265598,29.2270221],[121.3271016,29.2272562],[121.3272464,29.2272983],[121.3283736,29.2278722],[121.3284695,29.227921],[121.3287002,29.2280942],[121.3288504,29.2281597],[121.3289952,29.2281925],[121.329478,29.228258],[121.3308191,29.2281691],[121.3320583,29.2281597],[121.3325828,29.228267],[121.3333594,29.2286989],[121.3336792,29.2290643],[121.3341437,29.2294165],[121.3347604,29.2297089],[121.3350955,29.2301142],[121.3354381,29.2306325],[121.3361234,29.2306989],[121.3365498,29.2310112],[121.3370295,29.231483],[121.3371742,29.2317222],[121.3376386,29.2318086],[121.3383315,29.232194],[121.3385066,29.2322006],[121.3388493,29.2320411],[121.3393671,29.2322803],[121.340098,29.2325195],[121.3417199,29.2331375]]},"properties":{"osmId":244792034,"kind":"stream","name":null}},{"type":"Feature","geometry":{"type":"LineString","coordinates":[[121.3417199,29.2331375],[121.3428772,29.2335494],[121.34373,29.2340743],[121.3442782,29.2345527],[121.3452985,29.2355627],[121.3467376,29.236566],[121.3488772,29.2375626],[121.3497529,29.2377287],[121.3517097,29.2371706],[121.3534838,29.2369381],[121.3549458,29.2368583],[121.3563468,29.2364397],[121.3575042,29.2359547],[121.3586158,29.2358085],[121.3601844,29.2363268],[121.3643341,29.2376955],[121.3668392,29.2385061],[121.3677986,29.2385925],[121.3721961,29.2377818],[121.3740845,29.237423],[121.3744826,29.2373815],[121.3750668,29.2372237]]},"properties":{"osmId":244792036,"kind":"river","name":null}},{"type":"Feature","geometry":{"type":"Polygon","coordinates":[[[121.6180927,29.3368456],[121.6181674,29.336712],[121.6183008,29.3365637],[121.6185044,29.3363019],[121.6186512,29.3362175],[121.6189182,29.3360953],[121.6191784,29.3359237],[121.619462,29.3357463],[121.6196623,29.3356386],[121.6198591,29.3355834],[121.6202495,29.3355165],[121.6204064,29.3354205],[121.6204798,29.3352838],[121.6204464,29.3351267],[121.6202996,29.3350365],[121.6201628,29.3349521],[121.6199793,29.334766],[121.6200293,29.334606],[121.6201628,29.3346176],[121.6202896,29.3346845],[121.6204197,29.3347543],[121.6205065,29.3349056],[121.6206333,29.3349463],[121.6206032,29.3346845],[121.6205899,29.3345391],[121.6205799,29.3344518],[121.62069,29.3343238],[121.6209236,29.3342656],[121.6211171,29.3341987],[121.6213173,29.3341027],[121.6213206,29.3339311],[121.6213874,29.3337362],[121.6214274,29.3335995],[121.6214408,29.3334511],[121.6215642,29.3332795],[121.6216476,29.3332475],[121.6217778,29.3330468],[121.6219079,29.3329566],[121.6219813,29.3328199],[121.6217778,29.332689],[121.6217044,29.3326395],[121.6215809,29.3325232],[121.6214541,29.3324126],[121.6213373,29.3322934],[121.6213073,29.3321945],[121.6212506,29.3319734],[121.6211004,29.3316476],[121.621007,29.3314788],[121.6209569,29.3313247],[121.6209202,29.3310978],[121.6209035,29.330833],[121.6209035,29.33058],[121.6209536,29.3303007],[121.6209503,29.3300098],[121.6210393,29.329604],[121.6210476,29.3291026],[121.6212078,29.3288984],[121.6213474,29.3286728],[121.6212776,29.3285904],[121.6209161,29.3284991],[121.6206372,29.3281717],[121.6207552,29.3276947],[121.6203582,29.3263665],[121.6204548,29.3259642],[121.6210556,29.3258426],[121.6214847,29.3257304],[121.6215025,29.3257004],[121.6216671,29.3254217],[121.6216242,29.3248698],[121.6203358,29.3236602],[121.6200443,29.3232183],[121.6201952,29.3230839],[121.62019,29.3229931],[121.6201067,29.3228615],[121.620164,29.3227072],[121.6202889,29.32263],[121.6206897,29.3225392],[121.6205804,29.3223396],[121.6206377,29.3221353],[121.6208814,29.321951],[121.6210021,29.3218585],[121.6210073,29.321686],[121.6209136,29.3215771],[121.6206793,29.3215771],[121.6204867,29.3214228],[121.6203202,29.3208827],[121.6199558,29.3209553],[121.6198048,29.3208373],[121.6196138,29.3206561],[121.6195185,29.3204379],[121.619352,29.3203971],[121.6190516,29.3200389],[121.6189319,29.3200615],[121.6188694,29.3199254],[121.6189371,29.3198482],[121.6187133,29.3196122],[121.6186352,29.3193263],[121.618351,29.319358],[121.6175095,29.3196963],[121.617479,29.3197105],[121.6166712,29.3200874],[121.6163422,29.3203106],[121.6164854,29.3203929],[121.6165582,29.3205381],[121.6166363,29.320647],[121.6164697,29.3208966],[121.6164958,29.3209874],[121.616626,29.3211462],[121.6165166,29.3214912],[121.6164229,29.3215593],[121.6162615,29.3216364],[121.6158897,29.3217059],[121.6154182,29.3216637],[121.6150382,29.3214367],[121.6148142,29.3216456],[121.6146594,29.3217899],[121.6148925,29.3219405],[121.6150122,29.3222446],[121.615007,29.3224034],[121.6147572,29.3225441],[121.6147832,29.3226304],[121.6150591,29.3225986],[121.6151528,29.322585],[121.6153714,29.3224851],[121.6155692,29.3225714],[121.6158503,29.322762],[121.6158862,29.3229468],[121.6156709,29.3231939],[121.6156396,29.3233159],[121.6157795,29.3233977],[121.6160077,29.3234523],[121.6160793,29.3235108],[121.6161158,29.323588],[121.6161678,29.3236833],[121.6163574,29.3237395],[121.616501,29.3236742],[121.6166675,29.3237105],[121.616992,29.324127],[121.6169331,29.3242708],[121.6167865,29.3244702],[121.6166311,29.3247142],[121.6166023,29.3248467],[121.6163394,29.324947],[121.6161299,29.3250544],[121.6159984,29.3251081],[121.6161381,29.3252407],[121.6161709,29.3253732],[121.6161093,29.325563],[121.6160148,29.3256705],[121.6160929,29.3257958],[121.6160354,29.3259642],[121.6159532,29.3261003],[121.6159697,29.3262614],[121.6159943,29.3264047],[121.6158505,29.3265086],[121.6156287,29.3266411],[121.6152056,29.3268345],[121.6149878,29.326967],[121.6149016,29.3270028],[121.6148482,29.3271174],[121.6149509,29.3272141],[121.6151439,29.3274398],[121.6151809,29.3275329],[121.6152959,29.327583],[121.6155958,29.3276368],[121.6156985,29.3277012],[121.615641,29.3277836],[121.6154151,29.32778],[121.6151932,29.32778],[121.614955,29.3277979],[121.614729,29.3278588],[121.6146345,29.3279412],[121.6146469,29.328131],[121.6146715,29.3283316],[121.6145606,29.3284569],[121.614462,29.3288115],[121.6144579,29.3291231],[121.6144579,29.3294633],[121.6145442,29.3296137],[121.6145893,29.3297355],[121.6145729,29.3299647],[121.614499,29.3300543],[121.6139485,29.3303265],[121.613702,29.3303909],[121.6137308,29.330484],[121.6138581,29.3304769],[121.6141539,29.3305557],[121.6145072,29.330527],[121.6147824,29.3304053],[121.6150084,29.3302692],[121.6151152,29.3301725],[121.6152056,29.3300614],[121.6153206,29.3295815],[121.615259,29.3294562],[121.6152836,29.3293702],[121.6153237,29.3293256],[121.6154605,29.3292558],[121.6156106,29.3292383],[121.615684,29.3291132],[121.6157508,29.3289271],[121.6158142,29.3287642],[121.6158509,29.3286012],[121.6159543,29.328514],[121.6161112,29.3284878],[121.6163481,29.3284936],[121.6166083,29.3284587],[121.6168719,29.3284791],[121.6168986,29.3285896],[121.6170321,29.3287234],[121.6170755,29.3288922],[121.6171689,29.3290434],[121.617269,29.3292063],[121.6173257,29.3292849],[121.6173625,29.3294303],[121.6174025,29.3295845],[121.6173458,29.3299249],[121.6173191,29.33005],[121.6172557,29.3302129],[121.6171522,29.3304601],[121.6170421,29.3307307],[121.6170054,29.3312456],[121.6168686,29.3315307],[121.6167485,29.3317081],[121.6167585,29.3318943],[121.6167518,29.3320776],[121.6168252,29.3321474],[121.6170988,29.3319437],[121.617259,29.3320194],[121.6184069,29.3311787],[121.6185737,29.331039],[121.6186438,29.3310478],[121.6186805,29.3311641],[121.6187072,29.3313212],[121.6187839,29.331519],[121.6188607,29.3317343],[121.6189957,29.3319693],[121.6189858,29.3321463],[121.6188787,29.3323894],[121.618689,29.3326611],[121.618548,29.3328738],[121.61838,29.3330227],[121.6181849,29.3331124],[121.6180277,29.3331762],[121.6179409,29.3334291],[121.6177729,29.3334858],[121.6176374,29.3336535],[121.6174937,29.333748],[121.6172146,29.3338402],[121.6171658,29.3340906],[121.6171577,29.3341875],[121.6171387,29.3342631],[121.617098,29.334497],[121.6170492,29.334601],[121.6170547,29.3347215],[121.6171251,29.3348089],[121.6171956,29.3350074],[121.6171685,29.3351374],[121.6170465,29.3352886],[121.6169164,29.3353169],[121.6167728,29.3353169],[121.6165018,29.3352602],[121.6162714,29.335298],[121.6161657,29.3354847],[121.6160871,29.3357824],[121.6161115,29.3360541],[121.6161223,29.3361604],[121.6160898,29.336503],[121.6158432,29.3364747],[121.615835,29.3366731],[121.616041,29.3369496],[121.616125,29.3371788],[121.6161304,29.3374576],[121.6161223,29.3376749],[121.6160789,29.3379774],[121.6160031,29.3381144],[121.6160166,29.3383034],[121.6164855,29.3382703],[121.6166454,29.3384074],[121.6163852,29.3387287],[121.6162009,29.33905],[121.6160275,29.339421],[121.6165614,29.3391374],[121.6170492,29.3389153],[121.6172227,29.3385822],[121.6174504,29.3383105],[121.6174992,29.3380222],[121.6177024,29.3378923],[121.6178596,29.3378238],[121.6180412,29.337708],[121.6181767,29.3376111],[121.6181903,29.3374717],[121.6181334,29.3371764],[121.6181117,29.336907],[121.6180927,29.3368456]]]},"properties":{"osmId":245217931,"kind":"water","name":null}},{"type":"Feature","geometry":{"type":"LineString","coordinates":[[121.7358275,29.2714983],[121.7357677,29.2713425],[121.7354992,29.2707793],[121.734913,29.2706376],[121.7339204,29.270452],[121.7334428,29.2590822],[121.7331558,29.2554551],[121.7342572,29.2507407],[121.7370643,29.2454838],[121.7392419,29.2429741],[121.7395801,29.2426291],[121.7421733,29.2410846],[121.7435516,29.2389042],[121.7453359,29.2367579],[121.7420954,29.2282649],[121.7413503,29.226369],[121.735087,29.2169688],[121.7351818,29.209634],[121.7353677,29.2081691],[121.7430921,29.2021612],[121.7445464,29.2003795],[121.7518433,29.1997559],[121.7533925,29.1993579],[121.7552546,29.1988114]]},"properties":{"osmId":245220061,"kind":"canal","name":"车岙港"}},{"type":"Feature","geometry":{"type":"LineString","coordinates":[[121.6148142,29.3216456],[121.614538,29.3214136],[121.6142436,29.3211119],[121.6141699,29.3204572],[121.6142951,29.3199758],[121.6146411,29.3192312],[121.6150312,29.3183326],[121.6156938,29.3171965],[121.6158631,29.3164712],[121.6159289,29.3159266],[121.6120644,29.3103884],[121.6095753,29.3066837],[121.608401,29.3039932],[121.6074295,29.3012198],[121.6072928,29.3007382],[121.6074179,29.2995569],[121.6075946,29.2990177],[121.6074788,29.2987173],[121.607362,29.2982065],[121.6074695,29.2977401],[121.6071971,29.2969415],[121.6069925,29.2965824],[121.606832,29.2961267],[121.6065082,29.2955734],[121.604915,29.2922958]]},"properties":{"osmId":245220064,"kind":"river","name":null}},{"type":"Feature","geometry":{"type":"LineString","coordinates":[[121.2528913,29.3730981],[121.2530645,29.3724119],[121.2532299,29.3715335],[121.2528992,29.3710532],[121.2529622,29.3708405],[121.2535291,29.3705385],[121.2540646,29.3702572],[121.2547182,29.3701542],[121.2552064,29.3703395],[121.2556395,29.3703532],[121.2564348,29.3699758],[121.2578915,29.3700307],[121.2584742,29.3702503],[121.2592459,29.3703395],[121.2598522,29.3701268],[121.2603483,29.3703258],[121.2606869,29.3706346],[121.260931,29.3706964],[121.261435,29.3708748],[121.2619626,29.3709297],[121.2634902,29.3709434],[121.2641044,29.3711355],[121.2647107,29.3706964],[121.2653092,29.370662],[121.2657344,29.3711904],[121.2660021,29.3713894],[121.2664195,29.3713826],[121.2668919,29.3710669],[121.2676872,29.3710463],[121.2678526,29.3711973],[121.2678762,29.3715198],[121.2674668,29.3720345],[121.2671518,29.3725286],[121.2673171,29.3728099],[121.2680967,29.3733657],[121.2691125,29.3741137],[121.2696165,29.3740519],[121.2711909,29.3742774],[121.2719741,29.374406],[121.2724328,29.3743943],[121.2727681,29.3743429],[121.2731221,29.3741839],[121.2735137,29.3739338],[121.273782,29.373665],[121.2738276,29.3734897],[121.2737766,29.3732957],[121.2735647,29.3731672],[121.2732106,29.3730222],[121.2730631,29.372868],[121.2730658,29.3727114],[121.2731781,29.3721158],[121.2733447,29.3719003],[121.2734789,29.3716665],[121.2734789,29.3713861],[121.2733823,29.3711663],[121.2731624,29.3709373],[121.2730068,29.3707316],[121.2730014,29.3703997],[121.2732321,29.3700771],[121.2739472,29.3698746],[121.2742269,29.3697731],[121.2744813,29.3695787],[121.274649,29.3689477],[121.2749843,29.3682504],[121.2755025,29.367905],[121.2758531,29.3678186],[121.2764171,29.3675065],[121.276539,29.3670216],[121.2768591,29.3666165],[121.2777432,29.3663574],[121.2781471,29.3661383],[121.2781623,29.3657065],[121.2780772,29.3654482],[121.2779565,29.3650822],[121.277766,29.3647302],[121.277827,29.3643449],[121.2782919,29.3638999],[121.2788025,29.3632822],[121.2790845,29.3625184],[121.2790083,29.3619339],[121.2784519,29.3611036],[121.2784748,29.3602069],[121.2781547,29.3598017],[121.2778422,29.3591641],[121.2779032,29.3588386],[121.2788635,29.3581611],[121.279275,29.3577227],[121.2792293,29.3571713],[121.2792293,29.3564074],[121.2802756,29.3546206],[121.2808818,29.3542185],[121.281386,29.3541904],[121.2817883,29.3543962],[121.2822443,29.3545832],[121.2828934,29.3546253],[121.2835801,29.3546627],[121.2842399,29.354672],[121.2851304,29.3547422],[121.2854522,29.3545785],[121.2858224,29.3541296],[121.2861764,29.3533815],[121.2867129,29.352437],[121.2872761,29.3517263],[121.2875014,29.3512307],[121.2874478,29.3506369],[121.2872547,29.3502488],[121.2869596,29.350015],[121.2863374,29.3498654],[121.2855595,29.3497999],[121.2852323,29.349697],[121.2849212,29.3494118],[121.2848622,29.3490845],[121.2850392,29.3488554],[121.2854254,29.3487852],[121.2858546,29.348673],[121.2862784,29.3484018],[121.286568,29.3478968],[121.2867075,29.3475134],[121.2865788,29.3470972],[121.2860691,29.3464332],[121.2859505,29.3460529],[121.2859029,29.3459001],[121.2859833,29.3454045],[121.2863105,29.3451894],[121.2867451,29.345138],[121.2873298,29.3452315],[121.2876946,29.3452642],[121.2880164,29.3450818],[121.2880969,29.3448293],[121.2880969,29.3444225],[121.2880969,29.344025],[121.2883115,29.3437491],[121.2888318,29.3434779],[121.2900178,29.3432021],[121.2913497,29.3391384],[121.2926816,29.3381709],[121.2931699,29.3372807],[121.294262,29.336822],[121.294466,29.3358868],[121.2938028,29.3353507],[121.2924596,29.3345715],[121.2924596,29.3335652],[121.2935695,29.3328685],[121.2933031,29.3311268],[121.2923912,29.3301403],[121.2918539,29.3292971],[121.2924449,29.3280791],[121.2940031,29.3276575],[121.2985703,29.3242378],[121.2999823,29.3218133],[121.3006883,29.3177777],[121.2988564,29.3145693]]},"properties":{"osmId":248896376,"kind":"river","name":null}},{"type":"Feature","geometry":{"type":"Polygon","coordinates":[[[121.2240713,29.3653746],[121.2237281,29.3652351],[121.2235527,29.3653015],[121.2236442,29.3655674],[121.2236519,29.3658332],[121.2233392,29.3661855],[121.2233239,29.3663051],[121.2232172,29.3663981],[121.2227825,29.3663516],[121.2226452,29.3664181],[121.2227215,29.366664],[121.2228359,29.3667305],[121.2228435,29.3668036],[121.2230799,29.3670162],[121.2236747,29.3668036],[121.2240637,29.3666972],[121.2242009,29.3665842],[121.2243382,29.3665311],[121.224689,29.366325],[121.2251695,29.3662918],[121.2251466,29.3661057],[121.2252762,29.366026],[121.2252076,29.3659063],[121.2249331,29.3659861],[121.2247958,29.3659529],[121.2247271,29.3658332],[121.2245899,29.3657734],[121.2246356,29.3655541],[121.2247577,29.3654145],[121.2246661,29.3651686],[121.2244831,29.3652351],[121.2243916,29.3655408],[121.2242467,29.3656671],[121.2241171,29.3656205],[121.2240713,29.3653746]]]},"properties":{"osmId":248896378,"kind":"water","name":null}},{"type":"Feature","geometry":{"type":"LineString","coordinates":[[121.5266532,29.3304098],[121.5268334,29.3310126],[121.5269425,29.3314601],[121.5267692,29.3318797],[121.5266024,29.332842],[121.5266794,29.333614],[121.527212,29.3346602],[121.5274944,29.334979],[121.5287971,29.3357119],[121.5293105,29.3359972],[121.5295351,29.3366014],[121.5296313,29.3372839],[121.5299458,29.3382517],[121.5310303,29.3386321],[121.5321725,29.3392866],[121.5326025,29.3393313],[121.5346496,29.3398236],[121.5368956,29.3399299],[121.5373448,29.3398684],[121.5376721,29.3396055],[121.5382689,29.3384083],[121.5385192,29.3364112],[121.5390711,29.3361091],[121.5395973,29.3358853],[121.5402711,29.3356504],[121.5406882,29.3355553],[121.5411182,29.3348671],[121.5418369,29.3334462],[121.5421963,29.3328252],[121.5425685,29.332372],[121.5434669,29.331544],[121.5439225,29.3314657],[121.5444359,29.3319077],[121.5447952,29.3324168],[121.5452252,29.333049],[121.5464445,29.333379],[121.547375,29.3336252],[121.5486263,29.3343413],[121.549313,29.334593],[121.549698,29.3344979],[121.5497651,29.3344378],[121.5498255,29.3343836],[121.5498854,29.3333605],[121.5507715,29.3315962],[121.551957,29.3286104],[121.5542443,29.3267834],[121.5573681,29.3246725],[121.5582548,29.3243266],[121.5595659,29.3241079],[121.5610239,29.3243199],[121.5626746,29.3245805],[121.5639191,29.3244562],[121.5667093,29.3232188],[121.5681609,29.3222248],[121.5687379,29.3215348],[121.5687779,29.3207022],[121.5686937,29.3192131],[121.5688731,29.3185797],[121.5692951,29.3181645],[121.5701117,29.3173402],[121.5706145,29.3169709],[121.5714118,29.316644],[121.5724581,29.3163084],[121.5740772,29.3155987],[121.5746591,29.3153436],[121.5752844,29.3146725],[121.5753686,29.3140747],[121.5752363,29.3129841],[121.5751471,29.3124551],[121.574771,29.3118644],[121.5741539,29.3112118],[121.5735887,29.3108972],[121.5714479,29.3090619],[121.57063,29.3076671],[121.5705344,29.3060738],[121.5705864,29.3054617],[121.5712915,29.3045441],[121.5735875,29.3013349],[121.5747611,29.2997775],[121.5748115,29.299714],[121.5751659,29.2992675]]},"properties":{"osmId":250066887,"kind":"river","name":null}},{"type":"Feature","geometry":{"type":"Polygon","coordinates":[[[121.6309715,29.2740662],[121.6311416,29.2738974],[121.6313734,29.2737973],[121.6315328,29.2736638],[121.631637,29.2736248],[121.6316668,29.2736434],[121.6316668,29.2737565],[121.6315945,29.2738659],[121.6314988,29.2740161],[121.6314393,29.274107],[121.6313861,29.2742405],[121.6313138,29.2742479],[121.6312437,29.274235],[121.6309715,29.2740662]]]},"properties":{"osmId":250066894,"kind":"water","name":null}},{"type":"Feature","geometry":{"type":"LineString","coordinates":[[121.4648261,29.2074086],[121.4646118,29.2066265],[121.4646248,29.2063884],[121.4647871,29.2061448],[121.4650598,29.2059407],[121.4653,29.2059577],[121.4657026,29.2065585],[121.465813,29.2066095],[121.4666051,29.2065358],[121.4670012,29.2064621],[121.4696048,29.2053343],[121.4700268,29.2050849],[121.4700983,29.2048356],[121.4700333,29.2044445],[121.4701112,29.2038381],[121.4704748,29.2037361],[121.4707475,29.2037361],[121.4710501,29.2038414],[121.4714535,29.2038414],[121.4723137,29.2035291],[121.4727019,29.203383],[121.4733413,29.2030773],[121.4738055,29.2026321],[121.4738817,29.2025591],[121.4741253,29.202074],[121.4740568,29.2007518],[121.4741024,29.2004461],[121.4742471,29.2003265],[121.4746581,29.200187]]},"properties":{"osmId":260242260,"kind":"stream","name":null}},{"type":"Feature","geometry":{"type":"LineString","coordinates":[[121.4746581,29.200187],[121.4761729,29.2001006],[121.477307,29.2000142],[121.4779008,29.200074],[121.4787076,29.2003132],[121.4791795,29.2002534],[121.4794764,29.200094],[121.4806791,29.1996886],[121.4822776,29.2000275],[121.4839217,29.2004129],[121.4843556,29.2003597],[121.4848123,29.2000474],[121.4849265,29.1995956],[121.4850483,29.19828],[121.4851624,29.1979876],[121.4856953,29.1975092],[121.486289,29.196951],[121.4868142,29.1968647],[121.4880854,29.1968779],[121.4884508,29.1967185],[121.488702,29.1963264],[121.4890749,29.1956221],[121.4897524,29.1953496],[121.4905973,29.1950573],[121.4909551,29.1945523],[121.4910616,29.194034],[121.4913052,29.1921335],[121.4914574,29.1911766],[121.4913889,29.1905453],[121.4909703,29.1888973],[121.4910692,29.1869502],[121.491328,29.1859401],[121.4911149,29.1850961],[121.4902243,29.1842522],[121.488877,29.1831224],[121.4884736,29.1823316],[121.4884888,29.1800521],[121.4889608,29.1756857],[121.4909535,29.171299],[121.4898771,29.1703308],[121.4893281,29.1689491],[121.4890697,29.1681219],[121.4892097,29.1670033],[121.4890482,29.1664205],[121.4888437,29.1660164],[121.4881547,29.165161],[121.4880148,29.1643338],[121.4888329,29.1621341],[121.4913303,29.1586559],[121.4940215,29.1554503],[121.5012737,29.1476769],[121.5064314,29.1440952]]},"properties":{"osmId":260242261,"kind":"river","name":"一市港"}},{"type":"Feature","geometry":{"type":"LineString","coordinates":[[121.4597749,29.1930931],[121.4598585,29.1930759],[121.4600011,29.19296],[121.4601289,29.1927412],[121.460183,29.1926339],[121.4604239,29.1925824],[121.460827,29.1925781],[121.4608909,29.192621],[121.4608172,29.1927755],[121.4608172,29.192857],[121.4609843,29.1929429],[121.461417,29.1932133],[121.4615546,29.1933034],[121.4617218,29.1933334],[121.4619479,29.193312],[121.4624445,29.1932562],[121.4625379,29.1932991],[121.4625133,29.1933463],[121.4621446,29.1936982],[121.4620118,29.1939343],[121.4619037,29.1940201],[121.4617759,29.1940459],[121.4615448,29.1941102],[121.4614416,29.1941918],[121.4614219,29.1942562],[121.4615055,29.1942819],[121.4616775,29.1948613],[121.4617513,29.19493],[121.462002,29.1949042],[121.4621102,29.1949257],[121.4622773,29.1950501],[121.4625133,29.1951875],[121.4626067,29.195269],[121.462587,29.1953892],[121.4624297,29.1954879],[121.4624248,29.1956166],[121.4625231,29.195754],[121.4626411,29.1958098],[121.4629017,29.1958055],[121.4631328,29.1957196],[121.4631819,29.1956381],[121.4631524,29.1953978],[121.4631475,29.195269],[121.4631967,29.1951703],[121.4633687,29.1951274],[121.4636195,29.195196],[121.4638407,29.195402],[121.4640029,29.1954578],[121.464175,29.1955995],[121.4646027,29.1961102],[121.4647994,29.1961788],[121.4651288,29.1961273],[121.4653402,29.1961617],[121.4655516,29.1962647],[121.4657974,29.1965265],[121.465817,29.1967926],[121.4659006,29.1968784],[121.4661366,29.1968827],[121.4665447,29.1970672],[121.466643,29.1970672],[121.466938,29.1969299],[121.46711,29.1969771],[121.4676262,29.1973076],[121.4676656,29.197402],[121.4676262,29.1976166],[121.4676705,29.1977625],[121.4677836,29.1979213],[121.467931,29.197977],[121.4686292,29.1979556],[121.469106,29.1978569],[121.4692535,29.1979127],[121.4693174,29.1982345],[121.4694207,29.1983676],[121.4696222,29.1984963],[121.4701139,29.198535],[121.4704335,29.1986321],[121.4710653,29.1990109],[121.4720777,29.1992567],[121.4726334,29.1993498],[121.4728084,29.1995092],[121.4732195,29.1998016],[121.4738817,29.2000076],[121.4743765,29.2001405],[121.4746581,29.200187]]},"properties":{"osmId":260242262,"kind":"stream","name":null}},{"type":"Feature","geometry":{"type":"LineString","coordinates":[[121.7413503,29.226369],[121.7436395,29.2253681],[121.7443481,29.2250865],[121.7448154,29.2247535],[121.7461677,29.2239185],[121.7519976,29.2219034],[121.7555313,29.2204672],[121.7590649,29.2201555],[121.7631344,29.2190309],[121.7638501,29.2188569]]},"properties":{"osmId":279130953,"kind":"canal","name":null}},{"type":"Feature","geometry":{"type":"LineString","coordinates":[[121.2617147,29.4221894],[121.2619508,29.4221146],[121.2623477,29.4220772],[121.2627447,29.4215539],[121.2628949,29.4214324],[121.2632704,29.4213296],[121.2634528,29.421367],[121.2637747,29.421367],[121.2639785,29.4212362],[121.2642038,29.4213203],[121.264869,29.4213483],[121.2653947,29.4214698],[121.2659741,29.4214511],[121.2663711,29.4213951],[121.2667573,29.4214137],[121.2676371,29.4214231],[121.2680448,29.4213203],[121.2682701,29.4214511],[121.2688065,29.4215165],[121.2694395,29.4216006],[121.2698424,29.4216787],[121.2702227,29.4216941],[121.270566,29.4214605],[121.2709523,29.4212549],[121.2714243,29.4213016],[121.2719501,29.4214511],[121.2723148,29.4214885],[121.2732053,29.4213016],[121.2736667,29.4213483],[121.2743104,29.4211614],[121.274724,29.4210152],[121.2750614,29.421124],[121.2752545,29.4213296],[121.2755013,29.4213483],[121.276027,29.42161],[121.276778,29.4221146],[121.2778509,29.4226847],[121.2782801,29.4230304],[121.2790847,29.4236752],[121.2794817,29.4238902],[121.279943,29.4244696],[121.2801147,29.4249181],[121.2803616,29.4254308],[121.280488,29.4255391],[121.2807475,29.4257602],[121.2807791,29.4258488],[121.2806731,29.4269641],[121.2808877,29.4275061],[121.281274,29.4276743],[121.2820732,29.4275099],[121.2829262,29.4277117],[121.2832749,29.4281266],[121.283704,29.4290424],[121.284278,29.4294311],[121.2849915,29.4296404],[121.285135,29.4296586],[121.2860215,29.4297712],[121.2872606,29.4294498],[121.2884033,29.4291919],[121.2889826,29.4295283],[121.2894118,29.4298273],[121.2895781,29.4301973],[121.2890416,29.4309636],[121.2886983,29.4315429],[121.2887828,29.4317743],[121.2888485,29.4319541],[121.2894279,29.432496],[121.2905007,29.4325895],[121.2930328,29.432795],[121.2954146,29.4328324],[121.2965572,29.4331538],[121.2991053,29.4336547],[121.3008433,29.4339724],[121.3016856,29.4338266],[121.3026887,29.4331875],[121.3033163,29.4325745],[121.3038474,29.432496],[121.3048559,29.4326829],[121.3055211,29.4329632],[121.3068783,29.4333594],[121.3085252,29.4331875],[121.3103706,29.4335425],[121.3123876,29.4336921],[121.313718,29.432739],[121.3145977,29.4316177],[121.3147694,29.4300478],[121.3146192,29.4274501],[121.3145396,29.4265699],[121.3140827,29.425712],[121.3138438,29.425103],[121.3138038,29.4244607],[121.3141954,29.4233421],[121.3150483,29.4221805],[121.3156415,29.4211339],[121.3158852,29.420704],[121.3171297,29.4206105],[121.3188038,29.4207668],[121.3194525,29.421417],[121.3198978,29.4230403],[121.3199407,29.4244981],[121.3201982,29.4258241],[121.3200962,29.426482],[121.3203108,29.4273604],[121.3210565,29.4285714],[121.3220435,29.4293937],[121.3239318,29.4302534],[121.3249028,29.4297899],[121.3270432,29.4286088],[121.3279004,29.4282911],[121.3288875,29.4281976],[121.3300033,29.4275435],[121.3317842,29.4264222],[121.3317199,29.4256559],[121.3311405,29.4245541],[121.3305826,29.4232085],[121.3305676,29.4222207],[121.3310397,29.4214918],[121.3329212,29.42119]]},"properties":{"osmId":301037503,"kind":"river","name":null}},{"type":"Feature","geometry":{"type":"Polygon","coordinates":[[[121.7367934,29.2448004],[121.7366411,29.2447939],[121.7364438,29.2449725],[121.736309,29.2450488],[121.7362666,29.2452623],[121.7361842,29.2454693],[121.7344554,29.2484557],[121.734283,29.2486975],[121.7342124,29.2490672],[121.733266,29.2513594],[121.7327717,29.2530353],[121.7324186,29.2559805],[121.7322632,29.2567568],[121.7317406,29.2571634],[121.7317406,29.2574592],[121.7323621,29.2571634],[121.7327575,29.2613161],[121.7328282,29.2648401],[121.7326869,29.2656533],[121.7321502,29.2667622],[121.7316135,29.2674276],[121.7294693,29.269277],[121.7280111,29.2701133],[121.7273719,29.2703224],[121.7273531,29.2705263],[121.7288468,29.2705786],[121.7289739,29.2701351],[121.7291575,29.2699349],[121.7305488,29.2690139],[121.7307112,29.2690139],[121.7311985,29.2684902],[121.7321589,29.2675969],[121.7323425,29.2675353],[121.7326957,29.2670671],[121.7328369,29.2669069],[121.73319,29.2669254],[121.7331829,29.2675045],[121.7333171,29.2682623],[121.7333524,29.2683793],[121.733303,29.268749],[121.7332041,29.2688167],[121.7331194,29.2700735],[121.7330911,29.2707142],[121.7334866,29.2707881],[121.7349132,29.2709791],[121.735351,29.2709298],[121.7355205,29.2709976],[121.7357112,29.2712317],[121.7357677,29.2713425],[121.7359089,29.2708559],[121.7359584,29.270708],[121.7354287,29.270591],[121.7350509,29.2704123],[121.7349979,29.2702675],[121.7350262,29.270055],[121.7348779,29.2700273],[121.7348037,29.2697809],[121.7346872,29.269365],[121.7343128,29.2666799],[121.7343428,29.2622539],[121.7345924,29.2622451],[121.7345813,29.2621904],[121.7345071,29.2621873],[121.7345106,29.262138],[121.7346377,29.2621195],[121.7346589,29.2620518],[121.7344435,29.261984],[121.7343376,29.2618392],[121.7341716,29.2599614],[121.7340664,29.2594292],[121.734023,29.2588968],[121.7339217,29.2573901],[121.7344161,29.2574206],[121.7344211,29.2573639],[121.7339317,29.2573117],[121.7339193,29.2566304],[121.7341062,29.2545652],[121.7344452,29.2527476],[121.7346782,29.2527599],[121.7348195,29.2527352],[121.7348755,29.2527054],[121.734903,29.2526313],[121.7348331,29.2526357],[121.7347432,29.2526662],[121.7346183,29.2526509],[121.7345434,29.252542],[121.734496,29.2524287],[121.7348098,29.2512155],[121.7349793,29.2508089],[121.7351417,29.2507904],[121.7353465,29.250852],[121.7353748,29.2507781],[121.7350005,29.2507103],[121.7353677,29.2497737],[121.7369355,29.2469701],[121.7374934,29.2462368],[121.737643,29.246066],[121.7377404,29.2461118],[121.7379077,29.2461314],[121.7381852,29.2461905],[121.7382152,29.2461186],[121.7380005,29.2460358],[121.737953,29.246062],[121.7379056,29.246038],[121.737998,29.2458376],[121.7380754,29.2456742],[121.7380903,29.2456023],[121.7374462,29.2452058],[121.7375011,29.2451121],[121.7380779,29.2454498],[121.7384624,29.2449944],[121.7384998,29.2450075],[121.7385373,29.2449487],[121.7385198,29.244916],[121.7372139,29.2441644],[121.7368344,29.2446677],[121.7370941,29.2448572],[121.7372814,29.2449901],[121.7372239,29.2450642],[121.7367934,29.2448004]]]},"properties":{"osmId":304127489,"kind":"water","name":null}},{"type":"Feature","geometry":{"type":"Polygon","coordinates":[[[121.6275683,29.1950472],[121.6272501,29.1949161],[121.6273612,29.1950167],[121.6274088,29.1951401],[121.6277084,29.1980635],[121.6278215,29.1988773],[121.6278743,29.1992978],[121.6278394,29.1994249],[121.6277021,29.199633],[121.627813,29.1997213],[121.6279214,29.1996026],[121.6279572,29.1995277],[121.6279705,29.1994392],[121.6279651,29.1992222],[121.6278743,29.1983948],[121.6278674,29.198332],[121.6278621,29.1982966],[121.6278237,29.1980393],[121.6275367,29.1951356],[121.6275683,29.1950472]]]},"properties":{"osmId":308287786,"kind":"water","name":null}},{"type":"Feature","geometry":{"type":"Polygon","coordinates":[[[121.6262998,29.2111653],[121.6261431,29.2111853],[121.627867,29.2118849],[121.628062,29.2119954],[121.6286867,29.2122116],[121.6286946,29.2123128],[121.6288158,29.2123704],[121.6288027,29.2121817],[121.628721,29.2120846],[121.6262998,29.2111653]]]},"properties":{"osmId":308287787,"kind":"water","name":null}},{"type":"Feature","geometry":{"type":"Polygon","coordinates":[[[121.627813,29.1997213],[121.6277021,29.199633],[121.6273929,29.2001705],[121.6273262,29.2002984],[121.627263,29.2004195],[121.6272465,29.2005109],[121.627284,29.2005597],[121.6273498,29.2006661],[121.6273909,29.2007326],[121.627634,29.2011255],[121.627643,29.2012801],[121.6275852,29.2013803],[121.6276063,29.2015385],[121.6272978,29.2034104],[121.627184,29.2040746],[121.627122,29.2044957],[121.6268219,29.2063308],[121.6268145,29.2064544],[121.6267194,29.2070563],[121.6264511,29.2088082],[121.6260857,29.2111238],[121.6261431,29.2111853],[121.6262998,29.2111653],[121.6262045,29.2111055],[121.6262119,29.2109461],[121.6264702,29.2093919],[121.6266626,29.2081404],[121.6269502,29.2063909],[121.6272671,29.2041551],[121.6276114,29.2021335],[121.6277526,29.2014806],[121.6278486,29.2011741],[121.6278189,29.2010625],[121.6274043,29.2004544],[121.627813,29.1997213]]]},"properties":{"osmId":308287789,"kind":"water","name":null}},{"type":"Feature","geometry":{"type":"Polygon","coordinates":[[[121.6288158,29.2123704],[121.6286946,29.2123128],[121.6285511,29.2153843],[121.628538,29.2155523],[121.6283249,29.2193595],[121.6282174,29.2211778],[121.6283386,29.2211957],[121.6286519,29.2153602],[121.6288158,29.2123704]]]},"properties":{"osmId":308287791,"kind":"water","name":null}},{"type":"Feature","geometry":{"type":"Polygon","coordinates":[[[121.6346044,29.1949801],[121.6348179,29.1950768],[121.6349101,29.1949571],[121.6349206,29.1948467],[121.635034,29.1946672],[121.6351763,29.1944578],[121.6350208,29.19452],[121.6348837,29.1946649],[121.6347045,29.1948697],[121.6346044,29.1949801]]]},"properties":{"osmId":308287793,"kind":"water","name":null}},{"type":"Feature","geometry":{"type":"LineString","coordinates":[[121.6583991,29.1873253],[121.6584353,29.1871793],[121.6588719,29.1830371],[121.6592154,29.1793428],[121.6599185,29.1788238],[121.6603275,29.1786229],[121.6622259,29.1786453],[121.6633893,29.1790024],[121.6644007,29.1790402],[121.6671848,29.1791112]]},"properties":{"osmId":308633523,"kind":"stream","name":null}},{"type":"Feature","geometry":{"type":"LineString","coordinates":[[121.6671848,29.1791112],[121.6685641,29.1749042],[121.6687404,29.1743991],[121.6689709,29.1742728],[121.6696489,29.1739176],[121.6699201,29.1737084],[121.6701689,29.1731757]]},"properties":{"osmId":308633525,"kind":"stream","name":null}},{"type":"Feature","geometry":{"type":"Polygon","coordinates":[[[121.7144702,29.2391322],[121.7144301,29.2393555],[121.7143068,29.2395842],[121.7142574,29.2398694],[121.7141002,29.2402973],[121.7141988,29.2403269],[121.7142759,29.2402946],[121.7145596,29.2392237],[121.7145473,29.2391241],[121.7145226,29.2390595],[121.7144702,29.2391322]]]},"properties":{"osmId":308965443,"kind":"water","name":null}},{"type":"Feature","geometry":{"type":"Polygon","coordinates":[[[121.7150361,29.2371828],[121.7150259,29.2372185],[121.7149448,29.2372089],[121.7149204,29.2373064],[121.7150967,29.2373359],[121.7151282,29.2372556],[121.7150487,29.2372254],[121.7150597,29.2371876],[121.7151471,29.2371945],[121.7151691,29.2371121],[121.7149771,29.2370654],[121.7149606,29.2371368],[121.7150361,29.2371828]]]},"properties":{"osmId":308965444,"kind":"water","name":null}},{"type":"Feature","geometry":{"type":"Polygon","coordinates":[[[121.7150967,29.2373359],[121.7149204,29.2373064],[121.7147687,29.2378974],[121.7147754,29.2380489],[121.7147164,29.2380625],[121.7146919,29.2380606],[121.7146786,29.2381179],[121.714752,29.2381548],[121.7148466,29.238179],[121.714949,29.2381752],[121.7150414,29.2381693],[121.7150403,29.2380557],[121.7148667,29.2380897],[121.7150967,29.2373359]]]},"properties":{"osmId":308965445,"kind":"water","name":null}},{"type":"Feature","geometry":{"type":"Polygon","coordinates":[[[121.7154189,29.2349829],[121.7153233,29.2349856],[121.7152771,29.234956],[121.7151753,29.2350367],[121.7149718,29.2350959],[121.7149749,29.2352277],[121.7150612,29.2354888],[121.7151753,29.2356502],[121.7152925,29.2357309],[121.7156039,29.2358117],[121.7158013,29.2356206],[121.7160511,29.235591],[121.7160264,29.2355264],[121.715863,29.2355533],[121.7160819,29.2352923],[121.7162268,29.234999],[121.7163749,29.2346358],[121.7163656,29.2345308],[121.7164304,29.2344824],[121.716381,29.2344178],[121.7164149,29.2342187],[121.7164427,29.2339684],[121.7163348,29.2338985],[121.7154929,29.2337639],[121.7155238,29.2338904],[121.7156471,29.2340115],[121.715678,29.2341541],[121.7156995,29.23459],[121.7156595,29.2347192],[121.7155299,29.2347407],[121.7155484,29.2347864],[121.7154189,29.2349829]]]},"properties":{"osmId":308965446,"kind":"water","name":null}},{"type":"Feature","geometry":{"type":"Polygon","coordinates":[[[121.7306713,29.2362769],[121.7308375,29.2362127],[121.7311847,29.2359058],[121.7319727,29.235226],[121.7327473,29.2352765],[121.733651,29.2353619],[121.7338113,29.2352687],[121.7343322,29.2352726],[121.7350044,29.2352609],[121.7355742,29.2352221],[121.7362643,29.2350239],[121.7370815,29.2348797],[121.737069,29.2347314],[121.7371004,29.2347094],[121.7370957,29.2346723],[121.7370422,29.234671],[121.7370154,29.234568],[121.7370076,29.2345048],[121.7365133,29.2345734],[121.735428,29.2347726],[121.7345532,29.2348464],[121.7343729,29.2348348],[121.734226,29.234862],[121.733418,29.2348814],[121.7331019,29.2348833],[121.7328837,29.2348581],[121.7327591,29.2348309],[121.7326077,29.2348212],[121.7324653,29.2347474],[121.7324141,29.234693],[121.7323317,29.234691],[121.7321937,29.2347765],[121.7317285,29.2348892],[121.7313056,29.2352737],[121.7305596,29.2358319],[121.7306713,29.2362769]]]},"properties":{"osmId":308965447,"kind":"water","name":null}},{"type":"Feature","geometry":{"type":"Polygon","coordinates":[[[121.7043449,29.2395846],[121.7045585,29.2395585],[121.7047465,29.2396069],[121.7048063,29.2396703],[121.7048063,29.2397299],[121.704943,29.2397635],[121.7050925,29.2398716],[121.7051737,29.2399275],[121.7052975,29.2398641],[121.7054513,29.2398604],[121.705588,29.2397001],[121.705588,29.2395063],[121.7056436,29.2393684],[121.7055966,29.2393087],[121.7056948,29.2391373],[121.7057247,29.2390776],[121.7055496,29.2390068],[121.7055154,29.2390441],[121.7051822,29.2388875],[121.7049387,29.2388913],[121.7046952,29.2388913],[121.7044475,29.2388577],[121.7042638,29.2387571],[121.7041783,29.2385819],[121.70411,29.2384514],[121.7038152,29.2382576],[121.7033923,29.238429],[121.702837,29.2378475],[121.7027473,29.2379333],[121.7029395,29.2382799],[121.7030762,29.2384961],[121.7030847,29.2387198],[121.7031702,29.2388353],[121.7031616,29.2388987],[121.7035589,29.2392305],[121.7038366,29.2393274],[121.7040886,29.2394541],[121.7042296,29.2395771],[121.7043236,29.2396554],[121.7043706,29.2396479],[121.7043449,29.2395846]]]},"properties":{"osmId":308965448,"kind":"water","name":null}},{"type":"Feature","geometry":{"type":"Polygon","coordinates":[[[121.7372139,29.2441644],[121.7385198,29.244916],[121.7386032,29.2448526],[121.7386817,29.2448507],[121.7387689,29.2447841],[121.7388867,29.2446262],[121.741843,29.2423583],[121.7424012,29.2417951],[121.7408236,29.2411719],[121.7406681,29.2414038],[121.7400968,29.241849],[121.7397654,29.2420697],[121.739229,29.2423323],[121.738758,29.2424693],[121.7383176,29.2425073],[121.7375806,29.2425073],[121.7370529,29.2424617],[121.736924,29.2425524],[121.7369039,29.242652],[121.7369286,29.2426614],[121.736927,29.2427381],[121.7368469,29.2427966],[121.7367975,29.2428047],[121.7367073,29.2428047],[121.7366672,29.2427932],[121.7366418,29.242771],[121.7366457,29.2426802],[121.7366318,29.2425101],[121.7366279,29.2424334],[121.7358277,29.2425663],[121.73588,29.2427908],[121.7360915,29.242766],[121.7361918,29.2428003],[121.7365974,29.2429354],[121.7366421,29.2428555],[121.7366791,29.2428393],[121.7368394,29.2428421],[121.7369179,29.2428688],[121.7371207,29.2428792],[121.7373961,29.2428387],[121.7376425,29.2427435],[121.7384841,29.2427397],[121.7386019,29.2428006],[121.7385059,29.2428634],[121.7378169,29.2434646],[121.7372139,29.2441644]]]},"properties":{"osmId":308965449,"kind":"water","name":null}},{"type":"Feature","geometry":{"type":"Polygon","coordinates":[[[121.7408236,29.2411719],[121.7424012,29.2417951],[121.7428107,29.2414243],[121.7434651,29.2406707],[121.7439548,29.2401036],[121.7441284,29.2402512],[121.7440111,29.2404046],[121.7440992,29.2404567],[121.7443007,29.2402645],[121.7441087,29.2400392],[121.744115,29.2399623],[121.7443322,29.2395805],[121.7448454,29.2387789],[121.745117,29.2385846],[121.7452416,29.238235],[121.74536,29.2383795],[121.7455363,29.2385251],[121.7457315,29.2386844],[121.7457944,29.2387256],[121.7458479,29.2386404],[121.7459203,29.2385416],[121.7458039,29.2384729],[121.7457724,29.2385251],[121.7456496,29.2384894],[121.7454733,29.2383246],[121.7453537,29.2381076],[121.7452782,29.2380609],[121.7451396,29.2380664],[121.7450987,29.2380911],[121.7451208,29.2379043],[121.7454172,29.2367827],[121.7455596,29.2366506],[121.7456264,29.2366739],[121.7456576,29.2364952],[121.7455596,29.2362815],[121.7456042,29.2356561],[121.7441217,29.235524],[121.7440193,29.2359319],[121.7440994,29.2361417],[121.743957,29.236705],[121.743819,29.236973],[121.7437834,29.2372683],[121.7434139,29.2382083],[121.7429954,29.2386823],[121.7429865,29.2388649],[121.7428357,29.2389493],[121.7428351,29.2390746],[121.742519,29.2394942],[121.7423098,29.2395835],[121.7423454,29.2397428],[121.7417043,29.2404808],[121.7414372,29.2406595],[121.7414506,29.2407838],[121.7410588,29.2410791],[121.7408236,29.2411719]]]},"properties":{"osmId":308965450,"kind":"water","name":null}},{"type":"Feature","geometry":{"type":"Polygon","coordinates":[[[121.7407415,29.2272719],[121.7411508,29.2285631],[121.7409619,29.228662],[121.7411759,29.2287664],[121.7413333,29.2289367],[121.7420762,29.2303377],[121.7424792,29.231008],[121.7434739,29.2326782],[121.7436376,29.2331068],[121.7434299,29.2332716],[121.7438013,29.2335243],[121.7439713,29.2339913],[121.7440657,29.2348868],[121.7441217,29.235524],[121.7456042,29.2356561],[121.7456901,29.2351725],[121.745646,29.2338814],[121.7459419,29.2335023],[121.7461811,29.2332386],[121.7462945,29.2331562],[121.7462063,29.2330903],[121.7458412,29.233354],[121.7456838,29.2334199],[121.745476,29.2331727],[121.7445032,29.2312732],[121.744245,29.2310168],[121.7440135,29.2309157],[121.7438176,29.2309157],[121.7434258,29.2303641],[121.7432655,29.229929],[121.743221,29.2295094],[121.7428605,29.2278976],[121.7423218,29.2261527],[121.7426156,29.2258963],[121.7429406,29.2257797],[121.7432166,29.2257681],[121.7433012,29.2256399],[121.7434614,29.2255777],[121.7435994,29.2255738],[121.7436395,29.2253681],[121.7435104,29.2252785],[121.743181,29.2253834],[121.7429762,29.2254845],[121.7427224,29.2255233],[121.7425711,29.2255272],[121.7425755,29.2256204],[121.7424509,29.2256593],[121.7423351,29.2256476],[121.7422016,29.2257098],[121.742117,29.2256787],[121.7418944,29.2250649],[121.7400246,29.2255],[121.740314,29.2262537],[121.7403184,29.2263508],[121.7403763,29.2265878],[121.7404876,29.2267627],[121.7406612,29.2271667],[121.7407415,29.2272719]]]},"properties":{"osmId":308965451,"kind":"water","name":null}},{"type":"Feature","geometry":{"type":"Polygon","coordinates":[[[121.7161951,29.2337778],[121.7153849,29.2336593],[121.715278,29.233467],[121.7151222,29.2333446],[121.7147705,29.2332145],[121.7145234,29.2331737],[121.7142541,29.2332281],[121.714125,29.2332941],[121.7140938,29.2332339],[121.7139224,29.2332164],[121.7137444,29.2331718],[121.7135485,29.2329717],[121.7133749,29.2328726],[121.7129742,29.232861],[121.7126492,29.2328474],[121.7125246,29.2328513],[121.7124222,29.2330475],[121.7123866,29.2330844],[121.7123932,29.233164],[121.7123643,29.2331997],[121.7123234,29.2332032],[121.7122667,29.2331778],[121.7122864,29.2331098],[121.7123234,29.232969],[121.7123541,29.2328914],[121.7123014,29.2327691],[121.7123892,29.2325373],[121.7124836,29.232334],[121.7125434,29.232301],[121.7126851,29.2321595],[121.7127842,29.231823],[121.712726,29.2315428],[121.7127779,29.2315415],[121.712833,29.2316513],[121.7128425,29.2317969],[121.712833,29.2319466],[121.7128094,29.2321019],[121.7127055,29.2322282],[121.7126914,29.2323202],[121.7127685,29.2324068],[121.7128944,29.2325757],[121.7135155,29.2327044],[121.7137737,29.2328197],[121.7139531,29.2329763],[121.7140601,29.2329626],[121.7143875,29.2329214],[121.7145355,29.2329131],[121.7145638,29.2327978],[121.7144505,29.2323967],[121.714271,29.2317099],[121.7144158,29.2316742],[121.7148723,29.2316605],[121.7149888,29.2324406],[121.715121,29.2325148],[121.7153571,29.2325121],[121.7161063,29.2322621],[121.7164494,29.2321192],[121.7166052,29.2319984],[121.7167973,29.2322154],[121.7165769,29.2323225],[121.7162086,29.2324915],[121.7161031,29.2325148],[121.7159363,29.2324983],[121.7158261,29.2325285],[121.7157553,29.2325986],[121.715691,29.232756],[121.7156153,29.2328803],[121.715582,29.2330998],[121.7156777,29.2333795],[121.715671,29.2334747],[121.7158557,29.2335],[121.7159559,29.2334553],[121.7160004,29.2333368],[121.7161117,29.2330649],[121.7162809,29.2331134],[121.7162898,29.233228],[121.7161473,29.2336748],[121.7161951,29.2337778]]]},"properties":{"osmId":308965452,"kind":"water","name":null}},{"type":"Feature","geometry":{"type":"Polygon","coordinates":[[[121.7149771,29.2370654],[121.7151691,29.2371121],[121.7153279,29.236608],[121.7152728,29.2365187],[121.7153797,29.2362536],[121.7152506,29.2362012],[121.7151638,29.2364459],[121.7150815,29.2366907],[121.7149771,29.2370654]]]},"properties":{"osmId":308965453,"kind":"water","name":null}},{"type":"Feature","geometry":{"type":"Polygon","coordinates":[[[121.7283531,29.2349171],[121.7286113,29.2354785],[121.7286203,29.2355853],[121.7286781,29.2356572],[121.7287405,29.2357737],[121.7286381,29.2358281],[121.7282485,29.2357776],[121.7280259,29.2358514],[121.7279423,29.2359718],[121.7279111,29.2361816],[121.7279467,29.2365041],[121.7280046,29.2366089],[121.7280936,29.2366089],[121.7281381,29.2365274],[121.7281292,29.236201],[121.7283296,29.2359835],[121.7287436,29.2360884],[121.7288861,29.2361544],[121.7289573,29.2361684],[121.7290801,29.2359568],[121.72911,29.235961],[121.7289935,29.2361711],[121.7290077,29.2362219],[121.7290675,29.2362357],[121.729505,29.2363867],[121.7297049,29.2364142],[121.7297978,29.2364554],[121.7299268,29.2364266],[121.7301425,29.2364087],[121.7302432,29.2363277],[121.7304132,29.2362878],[121.7304636,29.2362727],[121.7305029,29.2363126],[121.7306713,29.2362769],[121.7305596,29.2358319],[121.7303156,29.2359912],[121.7304006,29.2362659],[121.7302621,29.2362933],[121.7301755,29.2360557],[121.7299143,29.2361065],[121.7295664,29.2360599],[121.7293634,29.2359802],[121.7291729,29.2358648],[121.7290061,29.2356176],[121.7287387,29.2351672],[121.7285851,29.2348584],[121.7285183,29.2347379],[121.7284308,29.2345988],[121.7277585,29.234424],[121.7268415,29.2346454],[121.72596,29.2347853],[121.7256973,29.2349523],[121.7257864,29.235333],[121.7257018,29.2357137],[121.7254748,29.2358303],[121.7252566,29.2358691],[121.7251412,29.2358747],[121.7248559,29.2358886],[121.724482,29.2360206],[121.7243262,29.2360362],[121.7242906,29.2360012],[121.7240234,29.2361877],[121.7237341,29.2362537],[121.7234046,29.2362848],[121.7234314,29.2364946],[121.7239478,29.2363625],[121.724157,29.2363508],[121.7243662,29.2362498],[121.7246423,29.2361294],[121.7249138,29.2361333],[121.7249761,29.2361838],[121.7251631,29.2361255],[121.7255593,29.236075],[121.7258354,29.2359468],[121.7259155,29.2358497],[121.7260713,29.2351194],[121.7260713,29.2349912],[121.7263607,29.2348979],[121.7272733,29.2348047],[121.7275538,29.2347387],[121.7278698,29.2347154],[121.7280746,29.2347697],[121.7282215,29.2348513],[121.7283531,29.2349171]]]},"properties":{"osmId":308965454,"kind":"water","name":null}},{"type":"Feature","geometry":{"type":"LineString","coordinates":[[121.7237345,29.2407791],[121.7238835,29.2407494],[121.7247872,29.240664],[121.7274694,29.2404134],[121.7311781,29.2400454],[121.7362577,29.2395637],[121.7377639,29.2394222],[121.7418701,29.2390101],[121.7428357,29.2389493],[121.7435516,29.2389042]]},"properties":{"osmId":308965456,"kind":"stream","name":null}},{"type":"Feature","geometry":{"type":"LineString","coordinates":[[121.6828084,29.2464778],[121.6817531,29.2467999],[121.6809804,29.2470467],[121.6798808,29.2473924],[121.6792072,29.2475859],[121.6778928,29.2478532],[121.6765838,29.2478158],[121.6738587,29.2476098],[121.6722279,29.2473852],[121.6706825,29.2469239],[121.6705972,29.2468984],[121.6691809,29.2462618],[121.6681939,29.2456627],[121.6671425,29.2445206],[121.6665202,29.2436032],[121.665104,29.2415062],[121.6639453,29.2399522],[121.6621428,29.2380236],[121.6606837,29.2367317],[121.6586452,29.2353461],[121.6572719,29.2345971],[121.655963,29.2342413],[121.6542679,29.2340728],[121.6471868,29.2330055]]},"properties":{"osmId":308965463,"kind":"river","name":null}},{"type":"Feature","geometry":{"type":"LineString","coordinates":[[121.6328466,29.4286978],[121.6324067,29.4289034],[121.6319346,29.4290109],[121.6309315,29.4289268],[121.6304594,29.4291464],[121.6301054,29.4292538],[121.6297996,29.4291791],[121.6295099,29.4289782],[121.6292363,29.4289455],[121.6290379,29.4289828],[121.628952,29.4292678],[121.6286462,29.4293613],[121.6283673,29.4293706],[121.6277665,29.4294454],[121.6272676,29.4297818],[121.6268974,29.4298846],[121.6265756,29.4299547],[121.6261947,29.4302911],[121.6250682,29.4303798],[121.6243869,29.4304265],[121.6230565,29.4304406],[121.62193,29.4306041],[121.6206264,29.4302303],[121.6193497,29.4297584],[121.6160774,29.4271093],[121.6160129,29.4270933],[121.6146237,29.4267495],[121.6140336,29.4268149],[121.6128212,29.4287352],[121.6121668,29.429109],[121.6113943,29.4291651],[121.6107881,29.4286698],[121.6101068,29.4281465],[121.6090822,29.4281091],[121.6073549,29.4285156],[121.6068453,29.4287212],[121.6065395,29.4285764],[121.6059387,29.4281138],[121.6048014,29.4273709],[121.6042489,29.426329],[121.6038036,29.4258898],[121.6026288,29.425801],[121.6008317,29.4262262],[121.5995905,29.4263991],[121.5990494,29.4264879],[121.598856,29.4265196],[121.5981889,29.4267785],[121.5973985,29.4270672],[121.5965205,29.4272259],[121.5947159,29.4270912],[121.5931465,29.4265962],[121.5911373,29.4247815],[121.5907788,29.424422],[121.589162,29.4241746],[121.5867402,29.423332],[121.5861855,29.4232495],[121.5857931,29.423273],[121.5849813,29.4237916],[121.5834119,29.4250878],[121.5824648,29.4255003],[121.5816869,29.425353],[121.5812607,29.4252352],[121.5808074,29.4249111],[121.5801986,29.4241215],[121.5800701,29.4237562],[121.5799009,29.4233614],[121.5797251,29.4229725],[121.5793598,29.4225954],[121.5787626,29.4221151],[121.5782406,29.4219559],[121.5759924,29.42127],[121.5735911,29.42012],[121.5732562,29.419995],[121.5727109,29.4200283],[121.5718307,29.42017],[121.5707019,29.42062],[121.5670282,29.4235782],[121.5640433,29.4247365],[121.5634023,29.4248531],[121.5622447,29.4246698],[121.5611828,29.4238199],[121.5609769,29.4237782],[121.557356,29.4230449],[121.5565715,29.4230366],[121.556208,29.4232282],[121.5556148,29.4243698],[121.5548208,29.4270363],[121.554596,29.4308182],[121.5542915,29.4326741],[121.5541224,29.4330748],[121.5535622,29.4334774],[121.5532725,29.4335685]]},"properties":{"osmId":330172334,"kind":"river","name":null}},{"type":"Feature","geometry":{"type":"Polygon","coordinates":[[[121.4362037,29.3195277],[121.4364236,29.3196961],[121.4365926,29.3196633],[121.4367053,29.3195885],[121.4367777,29.3195815],[121.4368179,29.3196142],[121.4370003,29.3195674],[121.4370164,29.3195066],[121.4370781,29.3194856],[121.4371317,29.3194809],[121.4371934,29.3195113],[121.4373704,29.3194482],[121.4374439,29.3194097],[121.4375582,29.3193499],[121.4376601,29.3191933],[121.437703,29.319102],[121.4376816,29.3189734],[121.4377191,29.3187746],[121.4376655,29.3187021],[121.437526,29.3186296],[121.4373865,29.3185665],[121.4372953,29.318494],[121.4372202,29.3184051],[121.4371049,29.3182367],[121.4370861,29.3182087],[121.437172,29.3181385],[121.4371505,29.3181011],[121.4370271,29.318052],[121.4369091,29.3181876],[121.4367938,29.3182251],[121.436606,29.3181736],[121.4365497,29.3181736],[121.4365685,29.3182812],[121.4365577,29.3184168],[121.436403,29.3184814],[121.43632,29.3185057],[121.43617,29.3185285],[121.4361554,29.3186039],[121.4362841,29.3186156],[121.4364232,29.318536],[121.4365329,29.3185051],[121.4366141,29.3185431],[121.4367374,29.3186437],[121.4368313,29.3186881],[121.436952,29.3186039],[121.4370942,29.3185829],[121.4372417,29.3185829],[121.4373302,29.3186109],[121.437467,29.3187325],[121.4375314,29.3188729],[121.4375341,29.3190506],[121.4374241,29.3191044],[121.4371317,29.3191933],[121.4368233,29.3192821],[121.436783,29.3192704],[121.436669,29.3192759],[121.4363956,29.3193998],[121.4362037,29.3195277]]]},"properties":{"osmId":343905402,"kind":"water","name":null}},{"type":"Feature","geometry":{"type":"LineString","coordinates":[[121.6733587,29.3603621],[121.6682625,29.3555557],[121.6650116,29.3524417],[121.6647005,29.3518526],[121.6647005,29.350852],[121.6658592,29.3487478],[121.6668785,29.3454092],[121.6679299,29.3434733],[121.6678056,29.3418957],[121.6675398,29.3399855],[121.6675076,29.3379841],[121.6674431,29.337661],[121.6674351,29.3372116],[121.6684985,29.3360247],[121.6713664,29.3336299],[121.6725748,29.3324009],[121.6727359,29.3321059],[121.6726311,29.3316635],[121.6726714,29.3309752],[121.671455,29.329697],[121.6699324,29.3282712],[121.6695779,29.3279411],[121.6692799,29.3274706],[121.6694974,29.3254408],[121.6695941,29.3239026],[121.6709753,29.3213127],[121.6706726,29.3207797],[121.670365,29.3193592],[121.670308,29.3186837],[121.6700118,29.3183261],[121.6659332,29.3170646],[121.6650445,29.316856],[121.6642926,29.3149388],[121.6638141,29.314154],[121.662709,29.3140248],[121.6611026,29.3142931]]},"properties":{"osmId":360103658,"kind":"river","name":"中堡溪"}},{"type":"Feature","geometry":{"type":"LineString","coordinates":[[121.6972009,29.3286199],[121.6965287,29.3278601],[121.6963692,29.3276167],[121.696187,29.3268321],[121.6958395,29.3259729],[121.6952129,29.3259033],[121.6940622,29.3256501],[121.6935324,29.3254514],[121.6931052,29.3246369],[121.6934071,29.3225857],[121.6934641,29.3214484],[121.6935609,29.3207183],[121.6934869,29.3205594],[121.6930426,29.3205594],[121.692302,29.3206537],[121.690764,29.3209269],[121.6902399,29.3215279],[121.6894677,29.3222256],[121.6890299,29.3223731],[121.687707,29.3229572],[121.68725,29.3231092],[121.6853424,29.3232238],[121.6841131,29.3233341],[121.682811,29.3233773],[121.6820572,29.323465],[121.6810625,29.3236369],[121.680241,29.3239423],[121.678376,29.3248837],[121.6778756,29.3249558],[121.6771975,29.3249263],[121.6743111,29.3247041],[121.6735377,29.3246409],[121.6720876,29.3232713],[121.6709753,29.3213127]]},"properties":{"osmId":360103659,"kind":"river","name":null}},{"type":"Feature","geometry":{"type":"Polygon","coordinates":[[[121.7040459,29.3251094],[121.7039434,29.3249232],[121.7041969,29.3246972],[121.7043991,29.3246922],[121.7047209,29.3249381],[121.7048434,29.3251044],[121.7049232,29.3251963],[121.7049687,29.3252857],[121.7049687,29.325313],[121.7047836,29.3252336],[121.7046241,29.3251243],[121.7044817,29.3250076],[121.7043649,29.3249703],[121.7042424,29.3249952],[121.7041371,29.3250523],[121.7040459,29.3251094]]]},"properties":{"osmId":360103666,"kind":"water","name":null}},{"type":"Feature","geometry":{"type":"Polygon","coordinates":[[[121.6782763,29.3178645],[121.6780541,29.3175193],[121.6784899,29.3173901],[121.6787833,29.317415],[121.6793301,29.3175019],[121.6796975,29.3174696],[121.6797602,29.3174224],[121.679877,29.3174621],[121.6799282,29.3175441],[121.6799994,29.3176385],[121.6804751,29.3177279],[121.6805634,29.3177626],[121.6807086,29.3177602],[121.6807912,29.3176732],[121.6809052,29.3175888],[121.6811017,29.3176062],[121.6811159,29.317713],[121.680945,29.3178446],[121.6808112,29.3179439],[121.680589,29.3180706],[121.6796377,29.3182866],[121.6793187,29.3183214],[121.6791393,29.3182891],[121.6790652,29.3181426],[121.6789769,29.3178967],[121.6787178,29.3177254],[121.6785013,29.3177254],[121.6783817,29.31778],[121.6782763,29.3178645]]]},"properties":{"osmId":360103670,"kind":"water","name":null}},{"type":"Feature","geometry":{"type":"Polygon","coordinates":[[[121.6462674,29.3309878],[121.6464366,29.3308438],[121.6465695,29.3307982],[121.6467749,29.3308614],[121.6469119,29.3309527],[121.6469884,29.3309948],[121.6472663,29.3310053],[121.6475201,29.3309772],[121.647794,29.3309035],[121.647939,29.3308298],[121.6482733,29.3307139],[121.6484868,29.3306963],[121.6485392,29.3307244],[121.6486237,29.3308824],[121.6487647,29.3309351],[121.6488815,29.3309281],[121.6488856,29.3310369],[121.6487164,29.3314408],[121.6487365,29.3315637],[121.6488856,29.3316936],[121.6490064,29.3317954],[121.649095,29.331964],[121.6492722,29.3321958],[121.6491836,29.3322168],[121.6489258,29.3321115],[121.6486519,29.3320061],[121.6482169,29.3318306],[121.64808,29.3317498],[121.6480518,29.3315426],[121.6479672,29.3313705],[121.6478302,29.3312968],[121.6475886,29.3313986],[121.6474637,29.3314864],[121.6473106,29.3315075],[121.6471133,29.3314232],[121.6470246,29.3313179],[121.6468635,29.3312722],[121.6467467,29.3313776],[121.6466621,29.3314935],[121.6465695,29.3314724],[121.6465292,29.3311774],[121.6464084,29.3310615],[121.6462674,29.3309878]]]},"properties":{"osmId":360103672,"kind":"water","name":null}},{"type":"Feature","geometry":{"type":"Polygon","coordinates":[[[121.5157144,29.4752031],[121.5168801,29.4739416],[121.5173173,29.473561],[121.5173578,29.4734482],[121.5175359,29.4733918],[121.5176492,29.4732086],[121.5179325,29.473272],[121.5176573,29.4730324],[121.5176168,29.4727716],[121.5190416,29.472243],[121.5192521,29.4723699],[121.519584,29.4729901],[121.5197459,29.4729478],[121.5195597,29.4727364],[121.5192035,29.4720316],[121.5188797,29.4721021],[121.5179487,29.4724968],[121.5175116,29.4725954],[121.5176897,29.4714889],[121.5171149,29.471207],[121.5167587,29.4717638],[121.5163053,29.4719682],[121.5159168,29.4719752],[121.5154877,29.4714325],[121.5150344,29.4702908],[121.5148239,29.4686486],[121.5148401,29.4679438],[121.5149777,29.4670698],[121.5150991,29.4667738],[121.5149534,29.4663227],[121.5144029,29.4665764],[121.5139947,29.4642188],[121.5139819,29.4641447],[121.5138281,29.4634822],[121.5139496,29.4633553],[121.5138605,29.4631438],[121.5130753,29.4630875],[121.5130591,29.462869],[121.51263,29.4629535],[121.5124033,29.4623333],[121.5123864,29.4624883],[121.5123305,29.4630029],[121.5125086,29.4645112],[121.5125976,29.4663015],[121.5125814,29.4677746],[121.5125167,29.4685147],[121.5123671,29.4696314],[121.5123467,29.4697833],[121.5122657,29.4709392],[121.5118609,29.473568],[121.5123596,29.4737543],[121.5129458,29.4740106],[121.5132292,29.4742573],[121.5132992,29.4744609],[121.5133333,29.4748497],[121.5132695,29.475034],[121.5132857,29.4753511],[121.5134962,29.4754709],[121.5135772,29.4756964],[121.5135772,29.4758162],[121.5137796,29.4758867],[121.5140062,29.4757458],[121.5143867,29.4757881],[121.5146701,29.4755202],[121.5151234,29.4754075],[121.5153825,29.4753229],[121.5154877,29.4752172],[121.5157144,29.4752031]]]},"properties":{"osmId":381480421,"kind":"water","name":null}},{"type":"Feature","geometry":{"type":"Polygon","coordinates":[[[121.4556569,29.1851544],[121.4555865,29.1850492],[121.4559532,29.1841986],[121.4560988,29.1838785],[121.4560586,29.1837645],[121.4561641,29.1837382],[121.4562294,29.1838741],[121.456365,29.1847949],[121.4564051,29.185058],[121.4562946,29.1852114],[121.45637,29.1853999],[121.4562093,29.1854394],[121.4560435,29.1853912],[121.4556569,29.1851544]]]},"properties":{"osmId":396275903,"kind":"water","name":null}},{"type":"Feature","geometry":{"type":"LineString","coordinates":[[121.4024287,29.1939655],[121.4026058,29.1938297],[121.4027882,29.1937407],[121.4028579,29.1936143],[121.4028686,29.1934363],[121.4027506,29.1932116],[121.4025468,29.1929119],[121.4024717,29.1924576],[121.4025494,29.1921204],[121.4027023,29.1918535],[121.4029169,29.1915022],[121.4031851,29.1910433],[121.4033836,29.1908372],[121.4037752,29.190678],[121.4040649,29.1905235],[121.4042795,29.190308],[121.4043653,29.1901395],[121.404376,29.1898631],[121.4043814,29.1896009],[121.4044726,29.1894463],[121.404596,29.1892871],[121.4047462,29.1892075],[121.405009,29.1891981],[121.4052504,29.1893058],[121.4053343,29.1893469],[121.4056903,29.1895213],[121.4059585,29.1896524],[121.4062214,29.189732],[121.4064306,29.1896992],[121.406672,29.1895541],[121.4068705,29.1895072],[121.4072245,29.189526],[121.4074606,29.1896149],[121.4080077,29.1898772],[121.4085764,29.1901816],[121.4092684,29.190575],[121.4097673,29.1908045],[121.4105022,29.1910339],[121.4111459,29.1911651],[121.411972,29.1912868],[121.4127606,29.1912962],[121.4133024,29.1912728],[121.4137959,29.1911791],[121.4141715,29.1910386],[121.4146864,29.1907342],[121.4152068,29.190383],[121.4155447,29.1900505],[121.4160758,29.1894463],[121.4169127,29.1884722],[121.4173043,29.1881023],[121.4178246,29.1877697],[121.4192934,29.1869035],[121.4207854,29.1860043],[121.4219597,29.1855001],[121.4227971,29.1853992],[121.4235383,29.185332],[121.4237982,29.1850883],[121.4239137,29.1845925],[121.4242602,29.1836345],[121.4250688,29.1810041],[121.4254442,29.1792645],[121.4253479,29.1783821],[121.4242795,29.1762138],[121.4239233,29.1750372],[121.4226239,29.1730873],[121.4224891,29.1721292],[121.4225372,29.1707509],[121.422826,29.1700112],[121.4236831,29.169043],[121.4241786,29.1685869],[121.4240313,29.1672771],[121.42375,29.1652071],[121.4237768,29.1645288],[121.4253438,29.1636516],[121.426951,29.1628914],[121.4280626,29.1628329],[121.4300716,29.1633241],[121.4312368,29.1641077],[121.4341699,29.1647159],[121.4366476,29.1660374],[121.4383619,29.1675227],[121.4393798,29.1682711],[121.4399691,29.1686454],[121.4405735,29.1686973],[121.4411075,29.1684817],[121.4433861,29.1668146],[121.4460683,29.1668896],[121.4477634,29.1665711],[121.4493298,29.1657466],[121.4524412,29.163723],[121.4579344,29.158214],[121.4588141,29.1566774]]},"properties":{"osmId":396275904,"kind":"river","name":"东岙溪"}},{"type":"Feature","geometry":{"type":"LineString","coordinates":[[121.4728005,29.2126193],[121.4727972,29.2125343],[121.4726674,29.2120724],[121.4726641,29.2118542],[121.4727128,29.2114915],[121.4726057,29.2111005],[121.4725505,29.2109503],[121.4724563,29.21082],[121.4723727,29.2107421],[121.4723216,29.21065],[121.472302,29.2105046],[121.4723249,29.2103884],[121.4724351,29.2101399],[121.4724305,29.2100518],[121.4723433,29.2099416],[121.4722859,29.2098434],[121.4722055,29.2095809],[121.4721413,29.2094046],[121.4720058,29.2093104],[121.4718061,29.209064],[121.4717304,29.2088957],[121.4717464,29.2088356],[121.4719186,29.2087374],[121.4724121,29.2083366],[121.4726509,29.2082565],[121.4730319,29.2082144],[121.47325,29.2081202],[121.4734337,29.207988],[121.4735002,29.2078638],[121.4733956,29.206992],[121.473428,29.2068447],[121.4734767,29.206703],[121.4734767,29.2065301],[121.4734021,29.2064394],[121.473217,29.2064224],[121.4730872,29.2061787],[121.473006,29.2053286],[121.4730352,29.2050028],[121.4731748,29.2046854],[121.4736975,29.2035745],[121.4737299,29.2034074],[121.4737851,29.2027839],[121.4738055,29.2026321]]},"properties":{"osmId":396275905,"kind":"stream","name":null}},{"type":"Feature","geometry":{"type":"LineString","coordinates":[[121.4846017,29.2231436],[121.4843556,29.2227798],[121.4842501,29.2223108],[121.4842803,29.2220303],[121.4843857,29.2219164],[121.4845414,29.2219164],[121.4852997,29.2220216],[121.4855157,29.2219646],[121.4857668,29.2218068],[121.4860781,29.2213729],[121.4868264,29.2210485],[121.4883481,29.2200624],[121.4886092,29.2199528],[121.488785,29.2198213],[121.4889357,29.2196241],[121.4892169,29.2190806],[121.4893324,29.2189754],[121.4903418,29.218673],[121.4904674,29.2185634],[121.4907988,29.2183092],[121.4911905,29.2180988],[121.4915421,29.217941],[121.491984,29.2178884],[121.4923808,29.217849],[121.492888,29.2178402],[121.4930688,29.2177964],[121.4931893,29.2177306],[121.4932194,29.217643],[121.4932646,29.2174238],[121.4931642,29.2170995],[121.4930989,29.2167707],[121.4930537,29.2163017],[121.4929985,29.216087],[121.4928679,29.2158634],[121.4928579,29.2157582],[121.4929734,29.2155215],[121.493355,29.2153155],[121.4955497,29.2140444],[121.4966548,29.2134543],[121.4980007,29.2129283],[121.499678,29.2125689],[121.5033039,29.211666],[121.5066687,29.2107893],[121.5080146,29.2107367],[121.5095815,29.210614],[121.510395,29.2106929],[121.513137,29.2109997],[121.513579,29.21114],[121.514262,29.2111575],[121.5150956,29.2109734],[121.5157384,29.2109296],[121.5166324,29.2112627],[121.5193945,29.2114205],[121.5197761,29.2113241],[121.5201277,29.2112013],[121.5203989,29.2108682],[121.5204993,29.2105175],[121.5204893,29.2101055],[121.5202884,29.2097548],[121.5201478,29.2094041],[121.520188,29.209185],[121.5205797,29.2085537]]},"properties":{"osmId":396275906,"kind":"river","name":null}},{"type":"Feature","geometry":{"type":"LineString","coordinates":[[121.4341831,29.1988392],[121.4343847,29.1985539],[121.4347949,29.1977406],[121.4348783,29.1967635],[121.4347042,29.1956695],[121.4347451,29.1954021],[121.4349424,29.1951109],[121.4355958,29.1945881],[121.4359021,29.1942078],[121.4359838,29.1939701],[121.4359362,29.1935899],[121.4358068,29.1934057],[121.4356367,29.1933522],[121.435276,29.1934295],[121.4349833,29.1933819],[121.4347178,29.1932869],[121.4346157,29.1931205],[121.4345273,29.192045],[121.4345749,29.1916766],[121.4348948,29.1908685],[121.4349424,29.1903991],[121.4347246,29.1884918],[121.4347859,29.1875113],[121.434888,29.1872499],[121.4354121,29.1868696],[121.4367325,29.1860199],[121.4372906,29.1857941],[121.437665,29.1854435],[121.4383388,29.1851939],[121.4384068,29.1850037],[121.4382843,29.1845165],[121.4372702,29.1843263],[121.4357592,29.1842966],[121.4353372,29.1842253],[121.4350931,29.1841189],[121.4344329,29.1831682],[121.4342423,29.1830969],[121.4330512,29.1831741],[121.4326701,29.1830969],[121.4323366,29.1829008],[121.4321392,29.182669],[121.4320906,29.1824842],[121.4322063,29.1816137],[121.4321247,29.181272],[121.4315801,29.1800716],[121.4315665,29.1796794],[121.4317027,29.1791921],[121.431587,29.1787226],[121.4310629,29.1782591],[121.4306953,29.1779857],[121.4306545,29.1778788],[121.4307634,29.177237],[121.4306273,29.1767675],[121.4306341,29.1762327],[121.4301168,29.1749847],[121.4299058,29.1747529],[121.4294294,29.1746578],[121.4292252,29.1744023],[121.4290822,29.1736416],[121.4288032,29.1731186],[121.4285377,29.1729879],[121.4283472,29.1726432],[121.428633,29.1714249],[121.4287964,29.171104],[121.4290074,29.1704443],[121.429109,29.1697787],[121.4296296,29.1689144],[121.4314645,29.1685401],[121.4323082,29.1683647],[121.4325359,29.1677566],[121.4329511,29.1675812],[121.4336877,29.1674408],[121.4356029,29.1673706],[121.4372637,29.1673122],[121.4383619,29.1675227]]},"properties":{"osmId":396275907,"kind":"river","name":null}},{"type":"Feature","geometry":{"type":"Polygon","coordinates":[[[121.4372007,29.5116027],[121.4377074,29.5115239],[121.4379246,29.5115344],[121.4386426,29.5113716],[121.4392519,29.5111984],[121.439457,29.5111249],[121.4394268,29.5108676],[121.4389321,29.5104581],[121.4386667,29.5103951],[121.4384917,29.5104423],[121.4383349,29.5107049],[121.4379367,29.5108729],[121.4375204,29.5110724],[121.437261,29.5111879],[121.4372308,29.5113821],[121.4372007,29.5116027]]]},"properties":{"osmId":415696685,"kind":"water","name":null}},{"type":"Feature","geometry":{"type":"Polygon","coordinates":[[[121.4252669,29.2816102],[121.4261419,29.281636],[121.4263997,29.2816925],[121.4270546,29.2817103],[121.4274272,29.2815691],[121.4275104,29.281242],[121.4276581,29.2810081],[121.4282578,29.2806915],[121.4290992,29.2791975],[121.427871,29.278997],[121.4277086,29.2794266],[121.427436,29.2798165],[121.4271449,29.2800472],[121.4265148,29.2803941],[121.4262568,29.2804408],[121.4256635,29.2804782],[121.4254493,29.2805043],[121.424355,29.2804853],[121.4224271,29.280349],[121.4210723,29.2803035],[121.4188056,29.2801672],[121.4174899,29.2802581],[121.4167473,29.280383],[121.4153144,29.280758],[121.4141941,29.2812466],[121.4129695,29.282076],[121.4090171,29.2847388],[121.4091463,29.2848833],[121.4090562,29.285043],[121.4090148,29.2851454],[121.4085861,29.2853723],[121.4092223,29.2860978],[121.4096192,29.2858439],[121.4099343,29.285613],[121.4099774,29.2855826],[121.4106244,29.2851261],[121.411767,29.2843198],[121.4120967,29.2840872],[121.4124615,29.2839054],[121.4134436,29.2832011],[121.4136339,29.2830646],[121.4137796,29.2829666],[121.4145089,29.2824763],[121.4146565,29.2823771],[121.4146902,29.2823544],[121.4148547,29.2822438],[121.4148845,29.2822238],[121.4158646,29.281823],[121.4161351,29.2817124],[121.4171229,29.2814647],[121.4171772,29.2814511],[121.4177243,29.2813489],[121.4180011,29.2813472],[121.4188684,29.2813418],[121.4195611,29.2813375],[121.421037,29.2814018],[121.4213849,29.281417],[121.4216875,29.2814536],[121.422273,29.2814612],[121.4252669,29.2816102]]]},"properties":{"osmId":419394386,"kind":"water","name":null}},{"type":"Feature","geometry":{"type":"Polygon","coordinates":[[[121.2285748,29.1836604],[121.2285974,29.1832989],[121.2284694,29.183069],[121.2278146,29.1830164],[121.2277845,29.183115],[121.2276264,29.1831018],[121.2275662,29.1831938],[121.2276264,29.1833121],[121.2276264,29.1835158],[121.2274834,29.1836341],[121.2274308,29.1837589],[121.2273028,29.1838378],[121.2272276,29.1839495],[121.2272802,29.1840349],[121.2274834,29.1841137],[121.2276867,29.1842583],[121.2277544,29.184416],[121.227649,29.1846986],[121.2277017,29.1851454],[121.2276264,29.1855331],[121.2275662,29.1856842],[121.2275211,29.1864661],[121.2277619,29.1867881],[121.2277845,29.1874189],[121.2278221,29.1877211],[121.2279426,29.1880365],[121.2278974,29.1871429],[121.2279576,29.1866961],[121.2278447,29.1863281],[121.227792,29.1859667],[121.2278297,29.185717],[121.2278899,29.1855988],[121.228078,29.1855068],[121.2281307,29.1852111],[121.2280555,29.1848891],[121.2282361,29.1845014],[121.2281232,29.1842977],[121.2282135,29.1838969],[121.2283716,29.1838706],[121.2285748,29.1836604]]]},"properties":{"osmId":447277777,"kind":"water","name":null}},{"type":"Feature","geometry":{"type":"Polygon","coordinates":[[[121.1780468,29.2324401],[121.1772712,29.2322693],[121.1769926,29.2323876],[121.1766237,29.2323087],[121.1763601,29.2325124],[121.1761719,29.2328672],[121.1760859,29.2330129],[121.1759668,29.2330732],[121.1760629,29.2331509],[121.1759265,29.2332978],[121.1758536,29.233486],[121.1761915,29.2334079],[121.1763375,29.2331695],[121.1765235,29.2329482],[121.1766161,29.2326898],[121.1777463,29.2328355],[121.1779037,29.2327811],[121.1780196,29.2328061],[121.1782064,29.2329316],[121.1784164,29.2329583],[121.1787111,29.2329272],[121.1790325,29.2326865],[121.1792061,29.2328558],[121.1796058,29.233125],[121.1799544,29.2332324],[121.1800583,29.2334283],[121.1801744,29.233414],[121.1803089,29.2334956],[121.180479,29.2333732],[121.1806769,29.2332445],[121.1809118,29.2332328],[121.1809745,29.2331129],[121.1810789,29.2329444],[121.1812483,29.2328804],[121.1815067,29.2328637],[121.1814012,29.2327277],[121.1809576,29.2325028],[121.1806522,29.2324138],[121.1805572,29.2323459],[121.1808309,29.2318325],[121.1806956,29.2315124],[121.1805494,29.2312513],[121.1802716,29.231111],[121.1805189,29.2316857],[121.1805575,29.2318845],[121.1804198,29.2318966],[121.1801853,29.2324007],[121.1803209,29.2327358],[121.1797486,29.2325913],[121.1791236,29.2322364],[121.1787471,29.2322101],[121.1785513,29.2323941],[121.1780468,29.2324401]]]},"properties":{"osmId":447277778,"kind":"water","name":null}},{"type":"Feature","geometry":{"type":"LineString","coordinates":[[121.1824379,29.2255622],[121.1820915,29.2264494],[121.1818129,29.2267057],[121.1819334,29.2269488],[121.1820087,29.2272314],[121.1817978,29.2273825],[121.1815795,29.2273168],[121.1813008,29.2271788],[121.1808942,29.2273168],[121.1804951,29.2284536],[121.1802994,29.2285259],[121.1800509,29.2285851],[121.1798927,29.2287691],[121.1799982,29.2290779],[121.1793882,29.229413],[121.1791322,29.2297547],[121.1791397,29.2299913],[121.1801111,29.2308127],[121.1805604,29.2313633],[121.1807007,29.2318253],[121.1803912,29.2323515],[121.1804813,29.2326483],[121.1808343,29.2329162]]},"properties":{"osmId":447277810,"kind":"stream","name":"上李坑"}},{"type":"Feature","geometry":{"type":"LineString","coordinates":[[121.11841,29.2287451],[121.1191411,29.2284464],[121.1197789,29.2277677],[121.1203389,29.2273875],[121.1211634,29.2271839],[121.1222368,29.2271432],[121.1230924,29.2273197],[121.1247725,29.2272382],[121.1251147,29.2274011],[121.1251925,29.2278491],[121.1253325,29.2281613],[121.126157,29.2286772],[121.1271837,29.2292202],[121.1277904,29.2294646],[121.1283815,29.2295053],[121.1288171,29.2297225],[121.1293771,29.2301162],[121.1298594,29.2301434],[121.1304505,29.2296139],[121.1319594,29.2282564],[121.1328928,29.2281478],[121.1338418,29.2290845],[121.1349462,29.2297361],[121.1354129,29.2285415],[121.1366419,29.2263965],[121.1376064,29.2254733],[121.1385553,29.2258263],[121.1394264,29.2265458],[121.1413554,29.2265594],[121.1435201,29.2259494],[121.1438225,29.2254863],[121.1455732,29.2260296],[121.1463985,29.2262848],[121.1469372,29.2265023],[121.1474177,29.2265069],[121.147761,29.2263009],[121.1480185,29.2257766],[121.1486837,29.2252148],[121.1495849,29.2252523],[121.1504218,29.2253833],[121.1511299,29.2252897],[121.1519238,29.2248777],[121.1521598,29.2250837],[121.1527607,29.2250275],[121.1534902,29.2245219],[121.1538121,29.2245781],[121.1539408,29.225065],[121.1537906,29.2259826],[121.1541769,29.2262447],[121.1547777,29.2262447],[121.1551639,29.226638],[121.1550566,29.2270874],[121.1544344,29.227799],[121.1545202,29.228548],[121.1547053,29.2289017],[121.154893,29.2290796],[121.1551639,29.2291592],[121.155408,29.2291498],[121.1558399,29.229192],[121.1561403,29.2292599],[121.1564219,29.2293722],[121.1565694,29.2295407],[121.1567357,29.2297233],[121.1568028,29.2299527],[121.1568296,29.2301797],[121.1570281,29.2304489],[121.1573714,29.2307368],[121.1575565,29.2308562],[121.1577898,29.2309007],[121.1579266,29.230889],[121.1581063,29.2309451],[121.1581734,29.2311137],[121.1580715,29.2313524],[121.1578032,29.2316965],[121.157712,29.2319212],[121.1576986,29.2322161],[121.1576423,29.2324361],[121.1570307,29.2330983],[121.1569449,29.2334728],[121.1573955,29.2338098],[121.1576235,29.2339365],[121.1579856,29.2340956],[121.1581331,29.2340839],[121.1583772,29.2339856],[121.1585891,29.2338709],[121.158793,29.2340137],[121.1589217,29.2342548],[121.1590451,29.2346597],[121.1592623,29.2349333],[121.1597344,29.2350831],[121.160185,29.2348397],[121.1605498,29.2342592],[121.1607,29.2337724],[121.1608797,29.233473],[121.1611265,29.2334215],[121.1613196,29.2334449],[121.1615449,29.2335994],[121.1619794,29.2339739],[121.162194,29.2342875],[121.1624193,29.234662],[121.1625105,29.2348867],[121.1624891,29.2350272],[121.1623496,29.235205],[121.1621189,29.235308],[121.1618239,29.2354251],[121.1616012,29.2355512],[121.1615771,29.2358651],[121.1615235,29.2362068],[121.1615878,29.2366515],[121.1617005,29.2368668],[121.1618346,29.2370587],[121.1623522,29.2372925],[121.1626956,29.2371989],[121.1631676,29.2368993],[121.1635968,29.2363002],[121.1639106,29.2360898],[121.1641145,29.2360336],[121.1643693,29.236038],[121.1645704,29.236043],[121.1648172,29.2359259],[121.165123,29.2357902],[121.1653,29.2357715],[121.1656004,29.2358042],[121.1657721,29.2357621],[121.1658284,29.2356635],[121.1661073,29.2353639],[121.1663434,29.2353078],[121.1668154,29.2351018],[121.1669013,29.2347648],[121.1669791,29.2343718],[121.1671668,29.2341986],[121.1676121,29.2342033],[121.1681431,29.2342033],[121.1685348,29.2342501],[121.1686903,29.2343718],[121.1688888,29.2347837],[121.169098,29.2349991],[121.1695808,29.2352612],[121.1700958,29.2355374],[121.1704351,29.2356686],[121.1707287,29.2356489],[121.1710827,29.2353992],[121.1711128,29.234821],[121.1714215,29.234315],[121.1718607,29.2338475],[121.1722201,29.2333139],[121.1725359,29.2327446],[121.1730103,29.2320152],[121.1732287,29.2319561],[121.1734019,29.2320875],[121.1739516,29.2326],[121.1746745,29.2332177],[121.1754978,29.2334409],[121.1758156,29.2332442],[121.1760858,29.2332788],[121.1764613,29.2326558],[121.1766598,29.2325609],[121.177023,29.2326101],[121.1772763,29.2325615],[121.1783853,29.2326574],[121.178881,29.232467],[121.1791888,29.2325201],[121.1798057,29.232955],[121.1803801,29.2329845],[121.1808343,29.2329162],[121.1812632,29.2332308],[121.1816397,29.2335528],[121.1816849,29.2338748],[121.1816171,29.2342625],[121.1818656,29.2347093],[121.1821291,29.2348867],[121.1828068,29.2349656],[121.1837481,29.2354255],[121.1845915,29.2356621],[121.1856381,29.2354781],[121.1861878,29.2358329],[121.1870312,29.2360103],[121.1881531,29.2362731],[121.1885598,29.2365557],[121.1883489,29.2367922],[121.1865869,29.2375084],[121.1865417,29.2378238],[121.1867827,29.2381524],[121.1873118,29.2383531],[121.1877307,29.2385193],[121.1886676,29.2385924],[121.189673,29.2391773],[121.1899243,29.2396026],[121.1898253,29.240327],[121.18997,29.2407856],[121.1903661,29.2408919],[121.1908916,29.240646],[121.1916075,29.2382069],[121.1915085,29.2374692],[121.1918741,29.2368711],[121.1924682,29.2369242],[121.193306,29.2376686],[121.1953396,29.2387785],[121.1969315,29.2392637]]},"properties":{"osmId":447277811,"kind":"stream","name":"混水溪"}},{"type":"Feature","geometry":{"type":"LineString","coordinates":[[121.2102324,29.3393628],[121.2100875,29.339274],[121.2099937,29.3391781],[121.20994,29.3390612],[121.209881,29.3389279],[121.2098944,29.3388344],[121.2099588,29.3387081],[121.21005,29.3385258],[121.2101063,29.3383574],[121.2101841,29.3382241],[121.2102619,29.3381259],[121.210396,29.338009],[121.2104818,29.3379132],[121.210565,29.3377846],[121.2106776,29.3375648],[121.2108251,29.3372865],[121.2109297,29.3370784],[121.2110531,29.336896],[121.2111309,29.3367511],[121.2111685,29.3366248],[121.2111497,29.3365243],[121.2110531,29.3363208],[121.2109566,29.3359724],[121.2108064,29.3356568],[121.2107232,29.3355095],[121.2106374,29.3354113],[121.2105489,29.3353434],[121.2104577,29.335299],[121.2103611,29.3352873],[121.2102404,29.3352452],[121.2101465,29.3351704],[121.2100688,29.3350699],[121.2100098,29.3348968],[121.2099856,29.3347448],[121.2099132,29.3345134],[121.209822,29.3341626],[121.2097201,29.3338516],[121.2096718,29.3336248],[121.2096316,29.3333629],[121.2095699,29.3332179],[121.2094787,29.3331174],[121.2092078,29.3328719],[121.2090415,29.3327456],[121.2089717,29.3326567],[121.208944,29.3326055],[121.2089288,29.3325398],[121.2089556,29.3323528],[121.2090522,29.3320628],[121.209138,29.3318804],[121.2093097,29.3317027],[121.2094921,29.3314829],[121.2098461,29.3310526],[121.21005,29.3308375],[121.2102324,29.3306504],[121.210286,29.3305476],[121.2102914,29.3303839],[121.2101465,29.3294906],[121.2100768,29.3291118],[121.2100607,29.3287704],[121.2100822,29.3283728],[121.2100607,29.328139],[121.2099642,29.3279145],[121.2098139,29.3277789],[121.209594,29.3276573],[121.2092078,29.3274983],[121.2089664,29.327372],[121.2087035,29.3271802],[121.2085909,29.3270399],[121.2085319,29.3268809],[121.2085158,29.3267126],[121.2085587,29.3264834],[121.208623,29.3262729],[121.2087625,29.3260578],[121.2088644,29.3259081],[121.2091273,29.3256181],[121.2094867,29.3252861],[121.2097067,29.3250242],[121.2098032,29.3248184],[121.2098086,29.3246266],[121.209771,29.3244489],[121.2096959,29.3243226],[121.2094384,29.3240841],[121.2092024,29.3237754],[121.2090522,29.3235509],[121.2089825,29.3232142],[121.2088537,29.32255],[121.2086981,29.3214088],[121.2086499,29.3210393],[121.2087142,29.3205061],[121.2087893,29.3200337],[121.2088752,29.3197811],[121.2089878,29.3195519],[121.2091327,29.3193836],[121.2093097,29.3192853],[121.2095457,29.3191497],[121.209712,29.3190374],[121.2098676,29.3188597],[121.2100124,29.3186305],[121.210168,29.3183312],[121.2103558,29.3179242],[121.2105274,29.3175875],[121.2106454,29.3174004],[121.2108546,29.3172273],[121.2109888,29.3170917],[121.2111121,29.3170075],[121.2113428,29.316956],[121.2115306,29.3168999],[121.2119329,29.316797],[121.2121689,29.3166614],[121.212582,29.3165444],[121.212979,29.3164041],[121.2132686,29.3163947],[121.2135851,29.3164883],[121.2138373,29.3165725],[121.2140143,29.3165772],[121.2141538,29.3165351],[121.214363,29.316376],[121.2146634,29.3161983],[121.2152696,29.3160767],[121.2156075,29.3160065],[121.2158167,29.3159083],[121.2159294,29.3158007],[121.2159723,29.3156323],[121.2160474,29.3153797],[121.2161064,29.3152347],[121.2162459,29.3150009],[121.2163961,29.3146922],[121.2165624,29.3142993],[121.2167743,29.3138713],[121.2169459,29.3135976],[121.2170586,29.3134947],[121.2171739,29.3133942],[121.2172598,29.3133544],[121.2173188,29.3133521],[121.2173751,29.3133871],[121.2174234,29.3134807],[121.2174636,29.3135789],[121.2174985,29.3137613],[121.2175307,29.3139929],[121.2175629,29.3141706],[121.2176165,29.3142688],[121.2177104,29.3143484],[121.2178257,29.3144255],[121.2179625,29.3145261],[121.2180778,29.3145986],[121.2182119,29.314643],[121.2183702,29.3146758],[121.2184668,29.3146781],[121.2186223,29.3146594],[121.2187377,29.314608],[121.2188771,29.3145284],[121.2189683,29.3144559],[121.2190595,29.3143624],[121.2191668,29.314194],[121.2192526,29.3140233],[121.2192687,29.3138993],[121.2192526,29.3137075],[121.2192285,29.3134363],[121.2192312,29.3132211],[121.2192634,29.3130971],[121.2193385,29.3129428],[121.2193921,29.312758],[121.2194404,29.3125522],[121.2195101,29.3124282],[121.2196335,29.3122973],[121.2197006,29.312192],[121.2197354,29.3120377],[121.2197998,29.311757],[121.2199447,29.3113968],[121.2199983,29.3111349],[121.2199715,29.3108659],[121.2199125,29.3105385],[121.2198293,29.3103677],[121.2196201,29.3101315],[121.2193465,29.309893],[121.2191293,29.3096521],[121.2187269,29.3092498],[121.2185043,29.3090954],[121.218228,29.3089855],[121.2179491,29.3088452],[121.2177882,29.3087352],[121.2175977,29.3085481],[121.2173912,29.3083236],[121.2169915,29.30794],[121.2168534,29.3077889],[121.2166965,29.3076172],[121.2165543,29.3073319],[121.2165222,29.3070372],[121.2165624,29.3067986],[121.2166777,29.3066676],[121.2168092,29.3065834],[121.2171498,29.3065717],[121.2173912,29.3066302],[121.2176996,29.3067869],[121.2179464,29.3069647],[121.2181637,29.3070746],[121.2183997,29.3071214],[121.218684,29.307098],[121.2189576,29.3069764],[121.2191319,29.3067963],[121.2191883,29.3066255],[121.2191963,29.3064033],[121.2191319,29.3061554],[121.2190595,29.3059496],[121.2190032,29.3056946],[121.21903,29.3055005],[121.2191454,29.3053087],[121.2193118,29.3051334],[121.2199581,29.3048971],[121.220929,29.3045895],[121.2212214,29.304462],[121.221444,29.3043205],[121.2216344,29.3041661],[121.2220126,29.3039357],[121.2222379,29.3037393],[121.2226349,29.303365],[121.2227771,29.3032387],[121.2229487,29.3031452],[121.2231311,29.3031077],[121.2235388,29.3030586],[121.2239706,29.3030376],[121.2242711,29.3030563],[121.224432,29.3031265],[121.2247029,29.3032855],[121.2249175,29.3034305],[121.2251133,29.3035264],[121.2253869,29.3035638],[121.22558,29.3035498],[121.2257516,29.3034656],[121.2259474,29.3032925],[121.2260306,29.3031428],[121.226103,29.3029651],[121.2261727,29.3026914],[121.2263605,29.302392],[121.226508,29.3022002],[121.2265831,29.3019827],[121.2265724,29.3017839],[121.2265617,29.3014915],[121.2268111,29.3009325],[121.2268352,29.3007406],[121.2268165,29.3005629],[121.2268433,29.3003126],[121.2269425,29.3001442],[121.2270176,29.2999056],[121.2271276,29.2997489],[121.2273368,29.2995641],[121.2275943,29.299377],[121.2278518,29.2991618],[121.228061,29.2989208],[121.2283078,29.298563],[121.2286323,29.2980624],[121.2288013,29.2977092],[121.2288979,29.297349],[121.228922,29.2970004],[121.2288979,29.2964671],[121.2289274,29.2962425],[121.2290167,29.2958891],[121.2291558,29.2957041],[121.2293565,29.2955829],[121.2297185,29.2955212],[121.2303721,29.2954994],[121.2306279,29.2955852],[121.230813,29.2957045],[121.2309976,29.2959277],[121.2316482,29.29709],[121.2317088,29.2972063],[121.231829,29.2972787],[121.232183,29.2972656],[121.2323863,29.297108],[121.233162,29.295998],[121.2339526,29.2951755],[121.2351292,29.2943633],[121.235729,29.2939287],[121.2361633,29.2934853],[121.2368857,29.2925826],[121.2370411,29.2924835],[121.2372798,29.292482],[121.237775,29.292462],[121.2384225,29.2922827],[121.238872,29.2918707],[121.2388949,29.2911398],[121.2389558,29.2905352],[121.2391234,29.2904222],[121.2397101,29.2903292],[121.2397024,29.2900767],[121.2388187,29.2898442],[121.2385749,29.2895784],[121.2387197,29.2891996],[121.2387044,29.2883159],[121.239032,29.2877578],[121.2396339,29.287492],[121.24019,29.2875319],[121.240609,29.2878707],[121.2410357,29.2885883],[121.2416756,29.2889272],[121.242148,29.2886349],[121.2424908,29.2880169],[121.2426279,29.287399],[121.2426536,29.2858794],[121.2428158,29.2851637],[121.2441109,29.2843597],[121.2448499,29.2832899],[121.2443547,29.282034],[121.2447585,29.2813296],[121.2473564,29.2811103],[121.2478363,29.280705],[121.2471735,29.2800604],[121.2465564,29.2794623],[121.2460536,29.2791766],[121.2460765,29.2786782],[121.2465488,29.2783858],[121.2467926,29.2777811],[121.2471278,29.2776083],[121.2485372,29.2777545],[121.2494743,29.2776216],[121.2500381,29.2772628],[121.2505714,29.2764387],[121.2511428,29.2764387],[121.2516608,29.2763191],[121.2519808,29.2765916],[121.2524074,29.2763258],[121.2532531,29.2763856],[121.2539463,29.2760134],[121.2543577,29.2755815],[121.2544568,29.2739999],[121.2542587,29.2736011],[121.2533445,29.2730894],[121.2521865,29.27184],[121.2520113,29.2712552],[121.2522322,29.2703049],[121.2523998,29.2697201],[121.2521865,29.2693811],[121.251897,29.2694476],[121.251638,29.2697466],[121.2508609,29.2699527],[121.2504419,29.2697201],[121.2503885,29.2692748],[121.2506171,29.2687032],[121.2511275,29.2681251]]},"properties":{"osmId":447277814,"kind":"river","name":null}},{"type":"Feature","geometry":{"type":"Polygon","coordinates":[[[121.2517498,29.1989239],[121.2507542,29.198496],[121.2501055,29.1986079],[121.2501357,29.1987396],[121.2499547,29.1988317],[121.2500452,29.1990424],[121.2509427,29.1994704],[121.2515838,29.1996481],[121.2516517,29.1993914],[121.2516592,29.1991083],[121.2517498,29.1989239]]]},"properties":{"osmId":447347992,"kind":"water","name":null}},{"type":"Feature","geometry":{"type":"Polygon","coordinates":[[[121.302476,29.2027836],[121.302378,29.202586],[121.3022195,29.2025004],[121.3020913,29.2022766],[121.3015935,29.2018025],[121.3014275,29.2018881],[121.3014501,29.2021317],[121.3014426,29.2024083],[121.3016538,29.2025795],[121.3021894,29.2028231],[121.3023855,29.2028363],[121.302476,29.2027836]]]},"properties":{"osmId":447347993,"kind":"water","name":null}},{"type":"Feature","geometry":{"type":"Polygon","coordinates":[[[121.3400733,29.2798368],[121.3401543,29.2797465],[121.3401363,29.2796994],[121.3402353,29.2795306],[121.3402623,29.2793343],[121.3402128,29.2792283],[121.3400013,29.2792126],[121.3393487,29.279562],[121.3392136,29.2797465],[121.3395917,29.2795973],[121.3399563,29.2796916],[121.3399653,29.2798172],[121.3400733,29.2798368]]]},"properties":{"osmId":447347994,"kind":"water","name":null}},{"type":"Feature","geometry":{"type":"Polygon","coordinates":[[[121.2528057,29.1978376],[121.2528208,29.1970277],[121.2525492,29.1965208],[121.2521947,29.1958755],[121.2520665,29.1953422],[121.2521495,29.194855],[121.2512293,29.1949471],[121.2513425,29.1956451],[121.2512972,29.196185],[121.251267,29.1966985],[121.25135,29.1979363],[121.251878,29.1981404],[121.2520137,29.1979232],[121.252142,29.1978573],[121.2524135,29.1979034],[121.2528057,29.1978376]]]},"properties":{"osmId":447347996,"kind":"water","name":null}},{"type":"Feature","geometry":{"type":"Polygon","coordinates":[[[121.4201793,29.27958],[121.4200011,29.2795633],[121.4198483,29.2795078],[121.4198228,29.2795578],[121.4198992,29.2796938],[121.4199947,29.2797077],[121.4201666,29.2796355],[121.4201793,29.27958]]]},"properties":{"osmId":447348001,"kind":"water","name":null}},{"type":"Feature","geometry":{"type":"Polygon","coordinates":[[[121.3428792,29.26324],[121.342892,29.2633789],[121.3427774,29.2636121],[121.3429047,29.2637676],[121.3431466,29.2636787],[121.3432548,29.2634844],[121.3432357,29.2633344],[121.3429365,29.2631956],[121.3428792,29.26324]]]},"properties":{"osmId":447348002,"kind":"water","name":null}},{"type":"Feature","geometry":{"type":"LineString","coordinates":[[121.419853,29.2752743],[121.4203752,29.2760225],[121.4205654,29.276425],[121.4206631,29.2766318],[121.4208286,29.2768844],[121.4209686,29.2770649],[121.4213059,29.2773452],[121.4214937,29.2776312],[121.4218184,29.2781836],[121.4221175,29.2784584],[121.4223339,29.2786389],[121.4227922,29.2789248],[121.4229323,29.2791608],[121.4231805,29.2793773],[121.4234415,29.2796216],[121.4239062,29.2800102],[121.4242976,29.2803656],[121.4245995,29.2809373]]},"properties":{"osmId":447348083,"kind":"stream","name":null}},{"type":"Feature","geometry":{"type":"LineString","coordinates":[[121.4108224,29.2805044],[121.411287,29.2796716],[121.4119936,29.2793523],[121.412646,29.2791885],[121.4134549,29.2791484],[121.4137154,29.2791885],[121.41397,29.2791885],[121.4141387,29.2791053],[121.4145747,29.2787305],[121.4157109,29.2780032],[121.4163474,29.2777311],[121.416828,29.2777922],[121.4173499,29.2777783],[121.4178496,29.2781031],[121.418292,29.2784446],[121.418693,29.2786944],[121.4191513,29.2790414],[121.4196255,29.2791719],[121.4203066,29.2792524],[121.4207331,29.2792607],[121.4211977,29.2793218],[121.4215033,29.2791969],[121.4217165,29.2789554],[121.4219807,29.2788749],[121.4222957,29.2790747],[121.4224612,29.2792024],[121.4226522,29.2792163],[121.4229323,29.2791608]]},"properties":{"osmId":447348084,"kind":"stream","name":null}},{"type":"Feature","geometry":{"type":"Polygon","coordinates":[[[121.2708328,29.4093656],[121.2707684,29.4092394],[121.2708274,29.4091412],[121.2708757,29.4090852],[121.2711707,29.4090151],[121.2713746,29.4090151],[121.2715945,29.4090711],[121.2716589,29.4090805],[121.2717393,29.4092394],[121.2717769,29.4093609],[121.2717715,29.4094216],[121.2714389,29.4095618],[121.2713662,29.4095381],[121.2713102,29.4095198],[121.2712941,29.4094637],[121.271101,29.4093609],[121.2708328,29.4093656]]]},"properties":{"osmId":467813786,"kind":"water","name":"白岩水库"}},{"type":"Feature","geometry":{"type":"Polygon","coordinates":[[[121.3671107,29.4645705],[121.367395,29.4640101],[121.3674218,29.4639307],[121.3675183,29.4638139],[121.3682372,29.4638886],[121.368413,29.4638943],[121.3685269,29.463898],[121.3688273,29.4637485],[121.3687039,29.4639447],[121.3686985,29.4641548],[121.36872,29.4642669],[121.3688219,29.464393],[121.3688219,29.4644678],[121.368661,29.4642996],[121.368543,29.4642763],[121.3684464,29.4642389],[121.3683123,29.4642436],[121.3681513,29.4642903],[121.3680119,29.4643697],[121.3678724,29.4645098],[121.3677919,29.4646593],[121.367631,29.4646499],[121.367395,29.4646639],[121.3672179,29.4646779],[121.3671214,29.4646359],[121.3671107,29.4645705]]]},"properties":{"osmId":467823748,"kind":"water","name":null}},{"type":"Feature","geometry":{"type":"Polygon","coordinates":[[[121.3332797,29.4855727],[121.3338268,29.4841905],[121.3341916,29.4836582],[121.33461,29.4833873],[121.3349212,29.4832939],[121.3351787,29.4832005],[121.3354469,29.4829204],[121.3357473,29.4831912],[121.3360403,29.4836938],[121.3361121,29.4838169],[121.3362301,29.4839197],[121.3360584,29.4839851],[121.3360584,29.4841251],[121.3358117,29.4840691],[121.3355756,29.4842092],[121.3354254,29.484368],[121.3357151,29.484863],[121.3356507,29.4850217],[121.3356078,29.4851712],[121.3353825,29.4854327],[121.3353503,29.4852085],[121.3353289,29.4850124],[121.335243,29.4848349],[121.3350714,29.4847322],[121.3350606,29.4845921],[121.3341809,29.4845828],[121.3332797,29.4855727]]]},"properties":{"osmId":467824877,"kind":"water","name":null}},{"type":"Feature","geometry":{"type":"Polygon","coordinates":[[[121.2911376,29.2446719],[121.291094,29.2447107],[121.2910535,29.2446761],[121.2910972,29.2446373],[121.2911376,29.2446719]]]},"properties":{"osmId":494711446,"kind":"water","name":null}},{"type":"Feature","geometry":{"type":"Polygon","coordinates":[[[121.2697694,29.2247867],[121.2696889,29.2247446],[121.2695441,29.2245409],[121.2693536,29.2243583],[121.2692597,29.2241898],[121.2692839,29.2240119],[121.2692034,29.2237287],[121.2690774,29.2235906],[121.2687072,29.2236023],[121.2686187,29.2237333],[121.2685248,29.2237193],[121.2684846,29.2236538],[121.268439,29.2234688],[121.2686107,29.2229375],[121.2689808,29.2230568],[121.2693429,29.2231739],[121.2694824,29.2232839],[121.2695843,29.2235133],[121.269595,29.2236982],[121.2696514,29.2238504],[121.2697318,29.2239089],[121.2698069,29.2239908],[121.2698203,29.2240798],[121.2697694,29.2242038],[121.2697801,29.2243092],[121.2698847,29.2244496],[121.2698606,29.2245292],[121.2697989,29.2246486],[121.2697694,29.2247867]]]},"properties":{"osmId":496620876,"kind":"water","name":null}},{"type":"Feature","geometry":{"type":"Polygon","coordinates":[[[121.2775506,29.2323138],[121.2775752,29.2324361],[121.2776929,29.2325257],[121.2778591,29.2325983],[121.2779607,29.2325126],[121.2779027,29.2324776],[121.277904,29.2324479],[121.2778715,29.2324413],[121.2778814,29.2324144],[121.2778481,29.2324081],[121.2778481,29.2323817],[121.277819,29.2323606],[121.2778309,29.2323238],[121.2778076,29.2323061],[121.277813,29.2322443],[121.2777621,29.2322348],[121.2777463,29.2321978],[121.2775506,29.2323138]]]},"properties":{"osmId":496620888,"kind":"water","name":null}},{"type":"Feature","geometry":{"type":"Polygon","coordinates":[[[121.2800589,29.2282792],[121.2797031,29.2283686],[121.2796962,29.2285109],[121.2795799,29.2286624],[121.2797014,29.2286866],[121.2798246,29.2287336],[121.2798593,29.2288351],[121.279835,29.2289214],[121.2796823,29.2290577],[121.2796771,29.2291486],[121.2795608,29.2292834],[121.2794514,29.2293228],[121.2796042,29.229653],[121.279691,29.2298287],[121.2798975,29.229818],[121.279861,29.229344],[121.2801978,29.2288472],[121.2804737,29.2287291],[121.2801422,29.2286624],[121.2801526,29.2285503],[121.2800745,29.2284534],[121.2800589,29.2282792]]]},"properties":{"osmId":496620891,"kind":"water","name":null}},{"type":"Feature","geometry":{"type":"Polygon","coordinates":[[[121.2681534,29.2485819],[121.268325,29.2487211],[121.2684278,29.248816],[121.2684748,29.2488533],[121.2684933,29.2489889],[121.2683994,29.249113],[121.2684265,29.249175],[121.2681891,29.2492407],[121.2679801,29.2492345],[121.2677996,29.2493052],[121.2676375,29.2493325],[121.2675792,29.249317],[121.2674385,29.249361],[121.267441,29.2492341],[121.2674428,29.2491465],[121.2675551,29.2490708],[121.2675266,29.2490348],[121.267592,29.2488848],[121.2676446,29.2488463],[121.2676944,29.2488748],[121.2678621,29.248819],[121.2681534,29.2485819]]]},"properties":{"osmId":496643126,"kind":"water","name":null}},{"type":"Feature","geometry":{"type":"Polygon","coordinates":[[[121.5587665,29.4437881],[121.5590728,29.4443293],[121.5594591,29.444362],[121.5595771,29.444306],[121.5596093,29.4441752],[121.5597648,29.4441425],[121.5604354,29.4443667],[121.5605046,29.444302],[121.5605743,29.4441291],[121.5603817,29.4440397],[121.5602744,29.4438108],[121.5602959,29.4435071],[121.5600277,29.4433857],[121.5589972,29.4435592],[121.5587665,29.4437881]]]},"properties":{"osmId":496780928,"kind":"water","name":"小庙水库"}},{"type":"Feature","geometry":{"type":"Polygon","coordinates":[[[121.4525379,29.301398],[121.4525339,29.3012586],[121.4526613,29.3011641],[121.4529993,29.3012156],[121.4532621,29.3014588],[121.4532675,29.3016974],[121.4534244,29.3018668],[121.4534083,29.3020913],[121.4535102,29.3024843],[121.4533922,29.3024],[121.4532367,29.3021334],[121.4529684,29.3017825],[121.4527699,29.3015299],[121.4525379,29.301398]]]},"properties":{"osmId":496783069,"kind":"water","name":null}},{"type":"Feature","geometry":{"type":"Polygon","coordinates":[[[121.4566739,29.3010612],[121.4568362,29.3008095],[121.4571138,29.300977],[121.4580847,29.3013653],[121.4575175,29.3013568],[121.4568563,29.3012998],[121.4567396,29.3012165],[121.4566739,29.3010612]]]},"properties":{"osmId":496783071,"kind":"water","name":null}},{"type":"Feature","geometry":{"type":"LineString","coordinates":[[121.2863533,29.2452287],[121.2858627,29.2447828],[121.2856787,29.2447471],[121.2852495,29.2444439],[121.2850859,29.2440515],[121.2850246,29.2435878],[121.2846567,29.2434451],[121.2845749,29.2432132],[121.2841865,29.2428208],[121.2827147,29.2429278],[121.2821628,29.2427138],[121.2818358,29.2423036],[121.2816313,29.2420717],[121.28157,29.2416436],[121.2813861,29.2414831],[121.2814269,29.2408053],[121.2811408,29.2403237],[121.2811408,29.2401275],[121.2810181,29.2397351],[121.2809159,29.2391643],[121.2802004,29.2385935],[121.2796281,29.2385579],[121.2790557,29.2380584],[121.2784425,29.2377195],[121.2779928,29.2379336],[121.2770729,29.237666],[121.2768072,29.2378444],[121.2765006,29.2376303],[121.2760917,29.2372914],[121.2758873,29.2372914],[121.2754989,29.2368276],[121.2753558,29.2363817],[121.2756216,29.2362925],[121.275642,29.2361142],[121.2755398,29.2358466],[121.2750288,29.2357217],[121.2747835,29.2352936],[121.2745382,29.2351152],[121.2742316,29.2351152],[121.2738227,29.2349012],[121.2737614,29.234705],[121.273741,29.2345444],[121.2734343,29.2345266],[121.2726167,29.233938],[121.2726371,29.2337417],[121.271799,29.2333315],[121.2712471,29.2316012],[121.2711329,29.2314285],[121.2705337,29.2313137],[121.2701975,29.2308418],[121.2703875,29.2301403],[121.270256,29.229898],[121.2690722,29.2296301],[121.2685898,29.2293878],[121.2681514,29.2289542],[121.2679175,29.228495],[121.2674791,29.2282654],[121.2672306,29.227245],[121.2670698,29.2268369],[121.2666606,29.2268241],[121.2663829,29.2265945],[121.2662806,29.2263522],[121.2660468,29.2261354],[121.2656668,29.225944],[121.2648775,29.225944],[121.2638544,29.2257017],[121.2634744,29.2253828],[121.2629337,29.2253828],[121.2622906,29.2258548],[121.261516,29.2259313],[121.2605221,29.2262629],[121.2601129,29.2262502],[121.259426,29.2260078],[121.2585636,29.2259823],[121.258286,29.2258675],[121.2576867,29.225166],[121.2569121,29.2250512],[121.2564006,29.2252808],[121.2561667,29.2254849],[121.2557429,29.2255614],[121.2552606,29.2254211],[121.2550267,29.225217],[121.2548367,29.2248981],[121.2547052,29.2244772],[121.2544421,29.2241201],[121.2539159,29.2237119],[121.2531559,29.2232782],[121.2529075,29.2228828],[121.2525129,29.2225002],[121.251899,29.2222706],[121.2514313,29.2223471],[121.2513051,29.2222676],[121.2508705,29.2223716],[121.2508144,29.2222247],[121.2506882,29.2222247],[121.2501975,29.2215212],[121.2500013,29.2214967],[121.2494895,29.2217781],[121.249132,29.2220167],[121.2489498,29.2222737],[121.2487465,29.2223532],[121.2485642,29.2223471],[121.248438,29.2223165],[121.2484591,29.2221635],[121.2483609,29.2219739],[121.2481366,29.2218393],[121.247702,29.2217475],[121.2475337,29.2218271],[121.2472253,29.2216741],[121.2469724,29.2213286]]},"properties":{"osmId":496815042,"kind":"stream","name":null}},{"type":"Feature","geometry":{"type":"Polygon","coordinates":[[[121.2812906,29.2055635],[121.2812482,29.2054997],[121.2811963,29.2054595],[121.2811781,29.2054645],[121.2811454,29.2054217],[121.2811303,29.2053306],[121.2812129,29.205337],[121.2812866,29.2053427],[121.281328,29.2054174],[121.2813073,29.2054248],[121.2813261,29.2054535],[121.2812819,29.2054683],[121.2812734,29.2054896],[121.2812906,29.2055635]]]},"properties":{"osmId":496826108,"kind":"water","name":null}},{"type":"Feature","geometry":{"type":"LineString","coordinates":[[121.269829,29.2071129],[121.27001,29.2069988],[121.2701417,29.2070478],[121.2703583,29.2070023],[121.2706284,29.2071392],[121.2708637,29.2070859],[121.2713169,29.2072381],[121.2715696,29.2074282],[121.271648,29.2076488],[121.2718572,29.2078466],[121.2721395,29.2079323],[121.2723542,29.2079661],[121.2726073,29.2081178],[121.2729378,29.2083106],[121.2732515,29.2084095],[121.2734955,29.2085768],[121.2738266,29.2087061],[121.2740227,29.2087372],[121.2742188,29.2087974],[121.274456,29.2087651],[121.2745652,29.2087885],[121.2750414,29.2087389],[121.2753046,29.2087288],[121.2755529,29.2085304],[121.2757011,29.2084437],[121.2758697,29.2084408],[121.2759183,29.2084671],[121.2759834,29.2084584],[121.2760364,29.2084133],[121.2760799,29.2083612],[121.2760813,29.208312],[121.2760514,29.2082857],[121.2760162,29.208233],[121.2760263,29.2081722],[121.2762174,29.2079603],[121.2763126,29.2079252],[121.2763884,29.2079298],[121.2764501,29.2079767],[121.2765259,29.2079983],[121.2766184,29.2079691],[121.2767377,29.2078561],[121.2767787,29.207838],[121.2768893,29.2078666],[121.2770019,29.2078906],[121.2770898,29.2078561],[121.2771729,29.2077882],[121.2772071,29.207687],[121.2772733,29.2076289],[121.2773412,29.207588],[121.2773929,29.2074991],[121.2774586,29.2074862],[121.2775726,29.2075184],[121.2777738,29.2075447],[121.2778153,29.2075342],[121.2779092,29.2074025],[121.2779608,29.2073083],[121.2779474,29.2071731],[121.2779769,29.2070455],[121.27804,29.2069506],[121.2781231,29.2068113],[121.2781285,29.2066978],[121.2781848,29.2066463],[121.2782975,29.2065889],[121.2783591,29.2064812],[121.2783819,29.2063255],[121.2784705,29.2062085],[121.2786005,29.206205],[121.2787979,29.2062876],[121.2790056,29.2063642],[121.2791772,29.2063806],[121.2792604,29.20637],[121.2793804,29.2063103],[121.2794327,29.2062249],[121.2795702,29.2061816],[121.2797378,29.2061148],[121.2802742,29.2060317],[121.2804231,29.2060423],[121.2805586,29.2059673],[121.280863,29.2059182],[121.2809931,29.2058315],[121.281073,29.2057399],[121.2811942,29.2056606],[121.2812906,29.2055635],[121.2812204,29.2054054],[121.2812129,29.205337]]},"properties":{"osmId":496826109,"kind":"stream","name":null}},{"type":"Feature","geometry":{"type":"LineString","coordinates":[[121.2762687,29.2213808],[121.2763597,29.2215285],[121.2764918,29.221858],[121.2764855,29.2221435],[121.2766554,29.2225718],[121.2766239,29.2228134],[121.2766494,29.2231351],[121.2767242,29.2232475],[121.2766531,29.2234183],[121.2766815,29.2234742],[121.2766424,29.2235301],[121.2766744,29.223586],[121.2766531,29.223704],[121.2766459,29.2238252],[121.2765961,29.2239618],[121.2765285,29.2241327],[121.2764929,29.2241886],[121.2764965,29.2243532],[121.2765321,29.2243935],[121.2765463,29.2246855],[121.2765249,29.2247694],[121.2765819,29.2248346],[121.2765178,29.2249992],[121.2764884,29.225178],[121.2764315,29.2252581],[121.276354,29.2253111],[121.2762817,29.2253314],[121.2762042,29.2254464],[121.2761913,29.225523],[121.276221,29.2255997],[121.2761732,29.2256346],[121.2761176,29.2256425],[121.2760776,29.225629],[121.276013,29.2256053],[121.275929,29.2256166],[121.2758283,29.2256065],[121.2757495,29.2256279],[121.2755066,29.2258872],[121.2755363,29.2259357],[121.2754032,29.2261031],[121.2753929,29.2262795]]},"properties":{"osmId":496826110,"kind":"stream","name":null}},{"type":"Feature","geometry":{"type":"Polygon","coordinates":[[[121.2607558,29.2326003],[121.2606538,29.232607],[121.2605466,29.2325936],[121.2604752,29.2325647],[121.2604318,29.2325268],[121.2603654,29.2325112],[121.2603323,29.232558],[121.2603016,29.2326381],[121.2603016,29.2327406],[121.2603527,29.2328519],[121.2604803,29.2329699],[121.2604803,29.2330657],[121.2605211,29.2331325],[121.2606869,29.2331436],[121.2606155,29.2328987],[121.2606436,29.2328096],[121.2607558,29.2326003]]]},"properties":{"osmId":496826117,"kind":"water","name":null}},{"type":"Feature","geometry":{"type":"Polygon","coordinates":[[[121.2713694,29.2391771],[121.2711789,29.2391643],[121.271003,29.2391848],[121.271047,29.2394585],[121.2713723,29.2399649],[121.2713899,29.2403511],[121.2714603,29.2404022],[121.271472,29.2405915],[121.2717021,29.2408728],[121.2717885,29.2409188],[121.271897,29.2408869],[121.2720772,29.2410224],[121.2719996,29.2408421],[121.2718853,29.2407628],[121.2717241,29.240736],[121.2716581,29.2406273],[121.2717636,29.2401631],[121.2713225,29.2393971],[121.2713694,29.2391771]]]},"properties":{"osmId":496826119,"kind":"water","name":null}},{"type":"Feature","geometry":{"type":"LineString","coordinates":[[121.261105,29.233438],[121.2608805,29.233314],[121.2606869,29.2331436]]},"properties":{"osmId":496826122,"kind":"stream","name":null}},{"type":"Feature","geometry":{"type":"Polygon","coordinates":[[[121.2465753,29.2307673],[121.24672,29.2311778],[121.2463944,29.2315473],[121.2461266,29.2314241],[121.2461628,29.2312883],[121.2463328,29.231102],[121.2462749,29.2308336],[121.2465753,29.2307673]]]},"properties":{"osmId":496826124,"kind":"water","name":null}},{"type":"Feature","geometry":{"type":"LineString","coordinates":[[121.2853474,29.2677011],[121.284959,29.2678494],[121.2848989,29.267976],[121.2849517,29.2680246],[121.2848872,29.2682803],[121.2847788,29.268403],[121.284896,29.2686817],[121.2850323,29.2689169],[121.2850499,29.2691253],[121.2849385,29.2693068],[121.2849693,29.2693708],[121.2850455,29.2694002],[121.2851847,29.2694513],[121.2852448,29.2695587],[121.2852243,29.2697134],[121.285132,29.2699026],[121.2849253,29.2700586],[121.2848447,29.2702452],[121.284803,29.2703569],[121.284867,29.2705243],[121.28483,29.2706947],[121.284803,29.2708357],[121.2848872,29.2709561],[121.2849445,29.2710648],[121.2851128,29.2712116],[121.2852576,29.2712968],[121.2853821,29.2714289],[121.2855471,29.2715611],[121.2856751,29.2717608],[121.2857458,29.2718959],[121.2857491,29.2721485],[121.2857155,29.2723658],[121.2857559,29.2725979],[121.285931,29.2727388],[121.2861161,29.2727799],[121.2861464,29.2729356],[121.2860084,29.2731353],[121.2859738,29.2733211],[121.2860954,29.2736288],[121.2861806,29.2740815],[121.2864035,29.2746968],[121.2865414,29.2758002],[121.2865252,29.276122],[121.2863468,29.276267],[121.2863346,29.2765322],[121.285878,29.2767141]]},"properties":{"osmId":497403125,"kind":"stream","name":null}},{"type":"Feature","geometry":{"type":"LineString","coordinates":[[121.2812714,29.2505093],[121.2815143,29.2511231],[121.2814867,29.2517504],[121.2816398,29.2521274],[121.2815905,29.2526977],[121.2813289,29.2528635],[121.2812105,29.2531974],[121.2811939,29.253517],[121.2808525,29.2543747],[121.2807175,29.2548672],[121.2807423,29.2551329],[121.2807879,29.2552219],[121.2809247,29.2553506],[121.2811884,29.2554534],[121.2812322,29.2555302],[121.2811112,29.2557438],[121.2813399,29.2561982],[121.2814748,29.2563856],[121.2814803,29.2571472],[121.2816869,29.257313],[121.2819182,29.2572938],[121.2820614,29.2573394],[121.2820614,29.2575028],[121.2819485,29.2576229],[121.2822046,29.2578656],[121.2822321,29.258298],[121.2821468,29.2583797],[121.2822239,29.258644],[121.2821908,29.2589179],[121.2822652,29.2591461],[121.2821165,29.2594776],[121.2820896,29.2596846],[121.2821412,29.2598981],[121.2823175,29.2602272],[121.2823202,29.2607221],[121.2824745,29.2609599],[121.2824359,29.2612482],[121.2825047,29.2615677],[121.2825716,29.2619447],[121.2826037,29.262394],[121.2825608,29.2625531],[121.2824616,29.2626631],[121.2824374,29.2629603],[121.2823462,29.263096],[121.281909,29.2631475],[121.2815577,29.263117]]},"properties":{"osmId":497436067,"kind":"stream","name":null}},{"type":"Feature","geometry":{"type":"LineString","coordinates":[[121.2666704,29.2581698],[121.2669312,29.2578885],[121.266924,29.2576382],[121.2674006,29.2573859],[121.2675974,29.2569991],[121.2677135,29.2567695],[121.2676092,29.2565751],[121.2678748,29.2563951],[121.2681403,29.2558842],[121.2683375,29.2558498],[121.2686761,29.255586],[121.2686423,29.2554483],[121.2689767,29.2551665],[121.2689992,29.254996],[121.2690856,29.2550124],[121.2692885,29.2548223],[121.2693899,29.2546224],[121.2695777,29.2544028],[121.2694275,29.2537998],[121.2684845,29.2529968],[121.2682742,29.2528853],[121.2682364,29.2526929],[121.268135,29.2525693],[121.2680976,29.2523413],[121.2680638,29.2521043],[121.2674755,29.2519021],[121.2673688,29.2514957],[121.2670007,29.2513121],[121.2663733,29.2508008],[121.2659902,29.2505026],[121.2665199,29.2497192],[121.2668166,29.2497159],[121.2671998,29.2492702],[121.267441,29.2492341],[121.2680859,29.248977],[121.2683938,29.2485486],[121.2686185,29.2483088],[121.2688025,29.2481763],[121.2690774,29.2475635],[121.2691836,29.2471389],[121.2697278,29.246776],[121.2698119,29.2464672],[121.2699534,29.2463012],[121.2699844,29.2459383],[121.2701171,29.2455253],[121.2706038,29.2452937],[121.2713692,29.2446721],[121.2716258,29.2445679],[121.2717629,29.2442784],[121.2717629,29.2440584],[121.271993,29.2438229],[121.2723204,29.2436414],[121.2724973,29.2433326],[121.2726832,29.2432438],[121.2727672,29.2430469],[121.2727451,29.2427729],[121.2726257,29.2425374],[121.2724664,29.2423019],[121.2722629,29.2420934],[121.2718691,29.2418425],[121.2719886,29.2413831],[121.2720772,29.2410224],[121.2719083,29.2408325],[121.2717007,29.2408078],[121.2715654,29.2405744],[121.2715654,29.2401215],[121.2711911,29.2394106],[121.2711349,29.2388446],[121.2713161,29.2386692],[121.2712143,29.2385379],[121.2707542,29.2383642],[121.2706259,29.2382368],[121.27071,29.2378353],[121.270648,29.2375998],[121.2707454,29.2372987],[121.2706923,29.2367852],[121.2705595,29.2365768],[121.2702852,29.2364571],[121.2700817,29.2361791],[121.2695641,29.2359011],[121.2692323,29.2360015],[121.269042,29.2360285],[121.2687058,29.2358046],[121.268531,29.2357776],[121.2680576,29.2355884],[121.267728,29.235517],[121.26729,29.2353491],[121.2671153,29.2352062],[121.2668786,29.2349167],[121.2667901,29.2348047],[121.2667746,29.2346406],[121.2666419,29.2345538],[121.2664318,29.2344997],[121.2661796,29.234492],[121.2658522,29.234521],[121.265558,29.2344785],[121.2653567,29.2343878],[121.2652328,29.2342874],[121.2651111,29.234158],[121.2649806,29.2339052],[121.2646997,29.2334708],[121.2645758,29.2332643],[121.2644917,29.23305],[121.2644187,29.2330056],[121.2643988,29.2329207],[121.2639188,29.2327006],[121.263472,29.2325751],[121.2633127,29.2325751],[121.2631755,29.2326562],[121.2631202,29.2327991],[121.2631379,29.2329323],[121.2631976,29.2331234],[121.2631645,29.233245],[121.2630494,29.2333376],[121.2629344,29.2333492],[121.2627663,29.2333338],[121.262711,29.2333685],[121.2626313,29.2335481],[121.2624809,29.2336542],[121.2623394,29.233687],[121.2621624,29.2336446],[121.2619456,29.2335789],[121.2616492,29.2335654],[121.261105,29.233438],[121.2608727,29.2335249],[121.2606471,29.2335133],[121.2604878,29.2334457],[121.2604237,29.2333569],[121.2604546,29.2332701],[121.2605211,29.2331325],[121.260559,29.232735],[121.2606926,29.2323509],[121.2606986,29.2321757],[121.2604561,29.2319009],[121.2603512,29.2318473],[121.2597758,29.2316546],[121.2590956,29.2314146],[121.2589761,29.2312536],[121.258759,29.2311525],[121.2586432,29.2310641],[121.2583755,29.230941],[121.2582705,29.230581],[121.2579919,29.2302147],[121.2577567,29.2300631],[121.2576373,29.2300789],[121.2575215,29.2299779],[121.257431,29.2298579],[121.2572356,29.2297158],[121.2570583,29.2296715],[121.2569823,29.2296431],[121.2569461,29.2296021],[121.2567001,29.2295294],[121.2558931,29.2291379],[121.2555964,29.2289452],[121.2545,29.2285442],[121.2542792,29.2285568],[121.2539391,29.2286642],[121.2535989,29.2289263],[121.2534687,29.2292105],[121.2531937,29.2294315],[121.2528246,29.2296336],[121.2524808,29.2298136],[121.252289,29.2300978],[121.2519597,29.2303284],[121.2517137,29.2302778],[121.2515146,29.2302621],[121.2514097,29.2301705],[121.2506896,29.2300031],[121.2502698,29.2299747],[121.2500346,29.2299368],[121.2496475,29.2300821],[121.2494484,29.2304168],[121.2489925,29.2307262],[121.2487464,29.2308368],[121.2485619,29.2307957],[121.2482,29.2307957],[121.2479901,29.2308147],[121.2478924,29.2307199],[121.247498,29.230581],[121.2473388,29.2306505],[121.2472085,29.230641],[121.247071,29.230682],[121.2469118,29.2306852],[121.2468684,29.2307168],[121.2466368,29.2306726],[121.2465753,29.2307673],[121.2461503,29.2316617],[121.2460337,29.2318557],[121.2460428,29.2319974],[121.2461691,29.2321234],[121.2462142,29.232391],[121.2460247,29.2325485],[121.245718,29.2326036],[121.2457721,29.2326823],[121.2455195,29.2330051],[121.2452939,29.2331468],[121.2452037,29.2333122],[121.2449601,29.2334066],[121.2447707,29.2335405],[121.244509,29.2335798],[121.244197,29.2336762],[121.2439254,29.2335614],[121.243518,29.2334836],[121.2432166,29.2333354],[121.243119,29.233054],[121.2428983,29.2328836],[121.242771,29.2326207],[121.2426396,29.2322204]]},"properties":{"osmId":497436068,"kind":"stream","name":"Salamander Stream"}},{"type":"Feature","geometry":{"type":"LineString","coordinates":[[121.2701938,29.2501263],[121.2700726,29.2500415],[121.2698627,29.2500027],[121.2696578,29.2497361],[121.2692874,29.2497034],[121.2689341,29.2495351],[121.2687907,29.2494547],[121.2686917,29.2494293],[121.2686354,29.2492819],[121.2685531,29.2491629],[121.2684265,29.249175],[121.2680859,29.248977]]},"properties":{"osmId":497436077,"kind":"stream","name":null}},{"type":"Feature","geometry":{"type":"LineString","coordinates":[[121.2616933,29.2462056],[121.261986,29.246098],[121.2619937,29.2458763],[121.2622017,29.2457284],[121.2623172,29.2453923],[121.2627871,29.2444312],[121.2624766,29.244185],[121.2623888,29.2439621],[121.2623167,29.2437546],[121.2619637,29.2431335],[121.2617356,29.2431438],[121.2614139,29.2427865],[121.2611428,29.2427082],[121.2609751,29.2425312],[121.2607762,29.2424104],[121.2605832,29.2420293],[121.2604545,29.2419323],[121.2604331,29.2416295],[121.2603945,29.2412602],[121.2604921,29.241043],[121.2606248,29.2407317],[121.2608752,29.24034],[121.2609489,29.2402656],[121.2611156,29.240154],[121.2614064,29.2399882],[121.2615033,29.2399577],[121.2615964,29.239907],[121.2616468,29.2398495],[121.2616778,29.2396194],[121.2616778,29.2393488],[121.2616972,29.2392608],[121.2617359,29.2391763],[121.2618794,29.2390308],[121.262143,29.238794],[121.262395,29.2384827],[121.2626044,29.2381512],[121.2626625,29.2379651],[121.2626625,29.2376775],[121.2624183,29.2372614],[121.2623756,29.2371701],[121.2623407,29.236984],[121.2623524,29.2367066],[121.2623407,29.2362397],[121.2622942,29.2361484],[121.2622671,29.2360536],[121.2622826,29.2353939],[121.2622477,29.2353026],[121.2621779,29.2352248],[121.2620209,29.2349592],[121.2620093,29.2349135],[121.2620093,29.2347765],[121.2620345,29.2346344],[121.2620248,29.2345413],[121.2619608,29.2344652],[121.2618348,29.234357],[121.2618251,29.2343062],[121.2618309,29.2342571],[121.2618929,29.2341286],[121.2619356,29.2339527],[121.2620422,29.233792],[121.2621624,29.2336446]]},"properties":{"osmId":497436078,"kind":"stream","name":null}},{"type":"Feature","geometry":{"type":"Polygon","coordinates":[[[121.2604331,29.2416295],[121.2602924,29.2415575],[121.260203,29.2413557],[121.2598108,29.2412445],[121.2597917,29.2410208],[121.2600766,29.2410063],[121.26034,29.2409241],[121.2604921,29.241043],[121.2606035,29.24113],[121.2606022,29.241241],[121.2604598,29.2414036],[121.2604807,29.2415565],[121.2604331,29.2416295]]]},"properties":{"osmId":497436079,"kind":"water","name":null}},{"type":"Feature","geometry":{"type":"LineString","coordinates":[[121.2717645,29.2535248],[121.2722552,29.2535248],[121.2728862,29.2536624],[121.2737975,29.2536166],[121.2742357,29.2545187],[121.2744635,29.2547786],[121.2746738,29.2547786],[121.2747615,29.2550386],[121.2752171,29.2551915],[121.2756553,29.2551762],[121.2758656,29.2553138],[121.2762336,29.2553138],[121.2765141,29.2552832],[121.2767419,29.2550692],[121.2771275,29.2551456],[121.2783234,29.2553608],[121.2785559,29.2554693],[121.2788286,29.2557981],[121.2796264,29.2556407],[121.2801076,29.2553678],[121.2803,29.2553573],[121.2806529,29.2555987],[121.2811112,29.2557438]]},"properties":{"osmId":497436081,"kind":"stream","name":null}},{"type":"Feature","geometry":{"type":"LineString","coordinates":[[121.2759839,29.2209324],[121.2760157,29.2207859],[121.2759796,29.2206102],[121.2758364,29.2205068],[121.2758298,29.220502],[121.2757885,29.2203984],[121.2757812,29.2197818],[121.2756673,29.2196758],[121.2755747,29.2195057],[121.2753785,29.2192769],[121.2750634,29.2192308],[121.2752974,29.2190633],[121.2753099,29.2188474],[121.2754631,29.2186441],[121.2756294,29.2182953],[121.2757106,29.2179152],[121.2758541,29.217254],[121.2757856,29.2168991],[121.275795,29.2167212],[121.2757977,29.2166759],[121.275807,29.2165175],[121.2757708,29.2162542],[121.2756383,29.2159974],[121.2756666,29.215947],[121.2757428,29.2158109],[121.275803,29.215635],[121.275803,29.2154453],[121.2758822,29.2149675],[121.2758822,29.2144901],[121.2756231,29.2141195],[121.2756591,29.2136295],[121.27522,29.2131207],[121.2749106,29.2126244],[121.2751697,29.2120779],[121.274889,29.2117136],[121.2746659,29.2114812],[121.2746803,29.2111294],[121.2745625,29.2109236],[121.2744632,29.2108651],[121.2743667,29.210844],[121.274254,29.210741],[121.2742057,29.2106005],[121.2741762,29.2103851],[121.2741467,29.2100152],[121.2740824,29.2095552],[121.2739201,29.2094147],[121.2739697,29.2093012],[121.2741186,29.2090928],[121.2744351,29.2088458],[121.2745652,29.2087885]]},"properties":{"osmId":498711479,"kind":"stream","name":null}},{"type":"Feature","geometry":{"type":"LineString","coordinates":[[121.2799773,29.2280643],[121.2799524,29.228024],[121.2796254,29.227906],[121.2795907,29.2278454],[121.2796857,29.2276828],[121.2794719,29.2274915],[121.2792673,29.2274182],[121.2790463,29.227136],[121.2787996,29.2269096],[121.2784964,29.2269685],[121.2784306,29.2269574],[121.2783977,29.2268968],[121.2781566,29.2267772],[121.2779867,29.2267979],[121.2779063,29.2267182],[121.2777802,29.2267103],[121.2774568,29.2265381],[121.2771408,29.2265444],[121.2770933,29.2265588],[121.2770202,29.2265508],[121.2766749,29.2263276],[121.2765324,29.2262782],[121.2764539,29.2262814],[121.2762017,29.2262033],[121.2761232,29.2262128],[121.2757487,29.2261666],[121.2756993,29.2261762],[121.2756336,29.2262431],[121.2755879,29.2262575],[121.2753929,29.2262795],[121.2752243,29.2263563],[121.2747493,29.2264169],[121.2742268,29.2260008],[121.2738724,29.2261251],[121.2728403,29.2263871],[121.2726142,29.2263397],[121.2723298,29.2265728],[121.2719844,29.2267938],[121.2715584,29.2266239],[121.271353,29.2259672],[121.2712198,29.2253008],[121.2710867,29.2251288],[121.2709799,29.225015],[121.2707732,29.2250203],[121.270622,29.2250425],[121.2702856,29.2249843],[121.2702105,29.2249224],[121.2697694,29.2247867],[121.2695414,29.2240728],[121.2692463,29.2235344],[121.2688494,29.2233799],[121.2685248,29.2237193],[121.2683022,29.2236772],[121.2679777,29.2235461],[121.2678328,29.2232301],[121.267519,29.2230194],[121.2669074,29.2229024],[121.2654269,29.2229913],[121.2648261,29.223216],[121.2641823,29.2235718],[121.2638175,29.2240728],[121.2637693,29.2247048],[121.2634744,29.2253828]]},"properties":{"osmId":498711480,"kind":"stream","name":null}},{"type":"Feature","geometry":{"type":"Polygon","coordinates":[[[121.2894271,29.2532399],[121.2894313,29.253223],[121.289452,29.2532242],[121.2894493,29.2532411],[121.2894271,29.2532399]]]},"properties":{"osmId":498711483,"kind":"water","name":null}},{"type":"Feature","geometry":{"type":"LineString","coordinates":[[121.2756139,29.2593169],[121.2759787,29.2593848],[121.2761423,29.2593871],[121.2763113,29.2594129],[121.2765527,29.2595416],[121.2769952,29.2598434],[121.277132,29.2599183],[121.2772796,29.2599581],[121.2774351,29.2600283],[121.2780976,29.2602038],[121.278272,29.2605291],[121.2782907,29.2605922],[121.2783927,29.2606812],[121.2785295,29.2607724],[121.2786716,29.2608473],[121.2792027,29.2610462],[121.2792939,29.2611047],[121.2793878,29.2612006],[121.2795138,29.2612685],[121.279943,29.2613457],[121.2800342,29.2613668],[121.2800986,29.2614019],[121.2806511,29.2617763],[121.2807986,29.2619307],[121.280871,29.262043],[121.2810937,29.262277],[121.2813002,29.2625929],[121.2814155,29.2628596],[121.2815577,29.2630117],[121.2815577,29.263117],[121.2813951,29.2631493],[121.2811597,29.2631843],[121.2810434,29.2633207],[121.2811083,29.2636318],[121.2810758,29.2639676],[121.2808194,29.2641776],[121.2805371,29.264541],[121.2801552,29.2646944],[121.2799846,29.264974],[121.2799032,29.2652772],[121.2801102,29.2658295],[121.2799111,29.2661403],[121.2800306,29.2671607],[121.2802337,29.2675315],[121.2803312,29.2676896],[121.2800336,29.2677686],[121.2796762,29.2676704],[121.2793915,29.2677069],[121.2788709,29.2680899],[121.2783383,29.2681185],[121.2782294,29.2683361],[121.2783941,29.2685204],[121.2783483,29.2687021],[121.2785676,29.269029],[121.2787348,29.2694085],[121.278687,29.2696254],[121.2784183,29.2697373],[121.2779618,29.2696488],[121.2773965,29.2694654],[121.2771356,29.2695856],[121.276824,29.2701356],[121.2769399,29.2703126],[121.2772805,29.2703821],[121.2774979,29.2706097],[121.2770776,29.2711028],[121.2764181,29.2713051],[121.2761282,29.2719373],[121.2755122,29.2725189],[121.2751499,29.2727465],[121.2745846,29.2736062],[121.2739831,29.2740235],[121.2740483,29.2746177],[121.2743092,29.275193],[121.2740582,29.2754734],[121.2738973,29.2754921],[121.2737417,29.275464],[121.2734896,29.2753237],[121.2728566,29.275333],[121.272701,29.2753096],[121.2724757,29.2751318],[121.2721753,29.2751365],[121.2713438,29.2747855],[121.2709039,29.2746592],[121.2705928,29.2746592],[121.2704587,29.274706],[121.270405,29.2748417],[121.2700939,29.2751224],[121.2696594,29.2752581],[121.2694287,29.2754219],[121.2694287,29.2756746],[121.2693912,29.2757963],[121.2686187,29.2762127],[121.2685382,29.2763203],[121.2684792,29.2764373],[121.26849,29.2765683],[121.268667,29.276924],[121.2686938,29.277055],[121.2686884,29.2771813],[121.2686791,29.2773252]]},"properties":{"osmId":498711488,"kind":"stream","name":null}},{"type":"Feature","geometry":{"type":"Polygon","coordinates":[[[121.2550333,29.2200418],[121.2552613,29.2204655],[121.2551111,29.2205451],[121.2550655,29.2204936],[121.2549716,29.2204913],[121.2548026,29.2201682],[121.2550333,29.2200418]]]},"properties":{"osmId":498711505,"kind":"water","name":null}},{"type":"Feature","geometry":{"type":"Polygon","coordinates":[[[121.6145298,29.4455889],[121.6142589,29.4452502],[121.6140497,29.4450797],[121.6147256,29.4449185],[121.6149777,29.4452829],[121.6149187,29.44536],[121.6151118,29.4456636],[121.6148329,29.4456706],[121.6145298,29.4455889]]]},"properties":{"osmId":528535900,"kind":"water","name":null}},{"type":"Feature","geometry":{"type":"Polygon","coordinates":[[[121.5690342,29.4367478],[121.5693185,29.4371262],[121.569348,29.4374252],[121.569517,29.4376261],[121.5696403,29.4376541],[121.5696967,29.4374766],[121.5697074,29.4372617],[121.5698522,29.4372383],[121.5699649,29.4372897],[121.5700158,29.4372033],[121.56993,29.4370958],[121.569694,29.4369744],[121.5693587,29.4364908],[121.5690342,29.4367478]]]},"properties":{"osmId":528758524,"kind":"water","name":null}},{"type":"Feature","geometry":{"type":"Polygon","coordinates":[[[121.5696752,29.4430733],[121.5695089,29.4430032],[121.5693668,29.4427766],[121.5689,29.4426061],[121.569061,29.4423095],[121.5693909,29.4424496],[121.5695733,29.4426762],[121.5696537,29.4427836],[121.5696833,29.4429612],[121.5696752,29.4430733]]]},"properties":{"osmId":528758525,"kind":"water","name":null}},{"type":"Feature","geometry":{"type":"Polygon","coordinates":[[[121.5654641,29.4401115],[121.5652442,29.4401021],[121.5651584,29.4400694],[121.5649331,29.4397751],[121.5649277,29.439663],[121.5649599,29.4395929],[121.5647775,29.4394341],[121.5645683,29.4392612],[121.5645522,29.4390697],[121.5651101,29.4389062],[121.5656626,29.4390323],[121.5659898,29.4393126],[121.566022,29.4396396],[121.5660274,29.4398592],[121.5659577,29.4398592],[121.5660757,29.4401862],[121.5660328,29.4403544],[121.565845,29.4403824],[121.5656787,29.440289],[121.5655553,29.4401255],[121.5654641,29.4401115]]]},"properties":{"osmId":528758527,"kind":"water","name":null}},{"type":"Feature","geometry":{"type":"LineString","coordinates":[[121.600408,29.4433816],[121.5999949,29.4427463],[121.5997642,29.4424706],[121.5987235,29.4422978],[121.5980066,29.4420246],[121.5975807,29.441973],[121.5959394,29.4420782],[121.5953493,29.4419334],[121.594255,29.4419334],[121.5937453,29.4420549],[121.5928978,29.4423679],[121.592136,29.442209],[121.591664,29.4420549],[121.5913582,29.4414172],[121.5912498,29.4412904],[121.5904273,29.4410404],[121.5897482,29.4409533],[121.5892608,29.4409998],[121.5888333,29.4410421],[121.5884104,29.4410528],[121.587705,29.4407211],[121.5870774,29.4405109],[121.5865999,29.4404992],[121.5862673,29.4403217],[121.5862566,29.4399666],[121.586211,29.4388898],[121.585983,29.4386842],[121.5841886,29.4382007],[121.5831265,29.4373808],[121.5799078,29.435129],[121.5792078,29.4345006],[121.5790978,29.4342039],[121.5789905,29.4337554],[121.578894,29.4336409],[121.5784273,29.433405],[121.5778989,29.4334844],[121.5770137,29.4338699],[121.5762091,29.4340334],[121.5755063,29.4339703],[121.5747365,29.4330663],[121.5741116,29.432814],[121.5734839,29.432828],[121.5709144,29.4336129],[121.5697074,29.4343464],[121.5691012,29.434239],[121.5681732,29.4340007],[121.566655,29.4343184],[121.5660328,29.4341408],[121.5633935,29.4357994],[121.5621811,29.4359255],[121.5615642,29.4355751],[121.5610814,29.4351313],[121.5576267,29.4357527],[121.5564465,29.4337904],[121.5559423,29.4335475],[121.5556472,29.4335335],[121.5544188,29.4338745],[121.5539816,29.433669],[121.5535622,29.4334774]]},"properties":{"osmId":528758528,"kind":"river","name":null}},{"type":"Feature","geometry":{"type":"Polygon","coordinates":[[[121.5883863,29.443085],[121.5882817,29.4429471],[121.5882871,29.4428537],[121.5884614,29.4428023],[121.5885177,29.4429471],[121.5885419,29.4430009],[121.5884399,29.4430826],[121.5883863,29.443085]]]},"properties":{"osmId":528758530,"kind":"water","name":null}},{"type":"Feature","geometry":{"type":"Polygon","coordinates":[[[121.5892526,29.4445308],[121.5890595,29.4444631],[121.5888289,29.4442295],[121.5884802,29.4438161],[121.5885124,29.443746],[121.5891582,29.4438645],[121.589081,29.444059],[121.5893894,29.4445378],[121.5892526,29.4445308]]]},"properties":{"osmId":528758531,"kind":"water","name":null}},{"type":"Feature","geometry":{"type":"Polygon","coordinates":[[[121.5674785,29.4477284],[121.5674248,29.4476443],[121.5674114,29.4474808],[121.5674177,29.4472902],[121.5675455,29.4472613],[121.5679023,29.4473874],[121.5679559,29.4474551],[121.5679559,29.4475415],[121.5679103,29.4476303],[121.5675777,29.4477635],[121.5674785,29.4477284]]]},"properties":{"osmId":529131157,"kind":"water","name":"岙里山水库"}},{"type":"Feature","geometry":{"type":"Polygon","coordinates":[[[121.5642115,29.4461074],[121.5641633,29.4459649],[121.5645978,29.4459719],[121.5647373,29.4459696],[121.5647319,29.4460584],[121.5644234,29.4460934],[121.5643135,29.4461401],[121.5642115,29.4461074]]]},"properties":{"osmId":529131158,"kind":"water","name":null}},{"type":"Feature","geometry":{"type":"Polygon","coordinates":[[[121.5631896,29.4459182],[121.5631869,29.4458692],[121.563195,29.4457757],[121.5634256,29.4454861],[121.5635651,29.445402],[121.563836,29.445353],[121.5639594,29.4455609],[121.5640667,29.4456263],[121.5640318,29.4459673],[121.5640425,29.4460444],[121.563879,29.4460654],[121.5637341,29.4461191],[121.5636134,29.4461565],[121.5635705,29.4461564],[121.5635222,29.4461541],[121.5634712,29.4461612],[121.5634042,29.4460981],[121.5632942,29.446056],[121.5632191,29.446021],[121.5632138,29.4459906],[121.563195,29.4459532],[121.5631896,29.4459182]]]},"properties":{"osmId":529131159,"kind":"water","name":"乾隆水库"}},{"type":"Feature","geometry":{"type":"Polygon","coordinates":[[[121.5667811,29.464698],[121.5666845,29.4645673],[121.5666631,29.4644762],[121.5669072,29.4644085],[121.5669662,29.4644014],[121.56728,29.4644365],[121.5672693,29.4644972],[121.5670145,29.464621],[121.5668803,29.464656],[121.5667811,29.464698]]]},"properties":{"osmId":529131160,"kind":"water","name":null}},{"type":"Feature","geometry":{"type":"Polygon","coordinates":[[[121.5662903,29.4666316],[121.5664968,29.4664518],[121.5665531,29.4661552],[121.5664968,29.4658633],[121.5664324,29.4657536],[121.5665343,29.4656882],[121.5669903,29.4661506],[121.5671056,29.4667274],[121.5672505,29.4669095],[121.5672424,29.4669913],[121.5667731,29.4670006],[121.5662634,29.466676],[121.5662903,29.4666316]]]},"properties":{"osmId":529131163,"kind":"water","name":"虎角岙水库"}},{"type":"Feature","geometry":{"type":"Polygon","coordinates":[[[121.5691012,29.4528318],[121.5688169,29.4524861],[121.5689457,29.4523646],[121.5691468,29.4523273],[121.5692192,29.4522875],[121.5693319,29.4522058],[121.5694311,29.4522104],[121.5695035,29.452374],[121.5696511,29.4524604],[121.5697423,29.4525047],[121.5698442,29.4525071],[121.5699837,29.4524604],[121.5700802,29.452458],[121.5700882,29.4525328],[121.5697852,29.4526566],[121.5695706,29.452673],[121.569466,29.4526379],[121.56934,29.4526542],[121.569179,29.4527103],[121.5691012,29.4528318]]]},"properties":{"osmId":529131171,"kind":"water","name":"上雪岩头水库"}},{"type":"Feature","geometry":{"type":"Polygon","coordinates":[[[121.5649867,29.4610619],[121.5646353,29.4606135],[121.5648392,29.4605271],[121.5649921,29.4605131],[121.5654185,29.4602772],[121.5658557,29.4600343],[121.5660408,29.4599386],[121.5665773,29.4598055],[121.5667194,29.4598195],[121.5667891,29.4598919],[121.5665129,29.4599643],[121.5662795,29.4601721],[121.5661696,29.4602095],[121.5660354,29.4607583],[121.5659416,29.4607747],[121.5656707,29.4607093],[121.5652549,29.4608728],[121.5651262,29.4610292],[121.5650189,29.4610829],[121.5649867,29.4610619]]]},"properties":{"osmId":529131173,"kind":"water","name":"林家东坑水库"}},{"type":"Feature","geometry":{"type":"LineString","coordinates":[[121.5680954,29.4567671],[121.5673336,29.4568909],[121.5672532,29.4570497],[121.5668642,29.4571337],[121.5665236,29.4572669],[121.5659362,29.4572365],[121.5656492,29.4573977],[121.5653998,29.4573626],[121.5650377,29.4572458],[121.5648499,29.457456],[121.5648163,29.4575162],[121.5646367,29.4576954],[121.5644959,29.4579336],[121.5643416,29.4580502],[121.5639876,29.4583669],[121.5638159,29.4584182],[121.5637194,29.4584579],[121.5635169,29.4588059],[121.5631977,29.459231],[121.5630931,29.4597284],[121.5630877,29.4603403],[121.5630797,29.4604664],[121.5631145,29.4612698],[121.5629268,29.4614216],[121.5622348,29.4620241],[121.5619397,29.4625519],[121.5615132,29.4629722],[121.5609447,29.4637031]]},"properties":{"osmId":529131174,"kind":"river","name":null}},{"type":"Feature","geometry":{"type":"Polygon","coordinates":[[[121.5643725,29.4580854],[121.5643416,29.4580502],[121.5642692,29.4579675],[121.5643913,29.4579079],[121.5645133,29.4577456],[121.5645187,29.4577083],[121.5646219,29.4576662],[121.5646514,29.4576043],[121.5647654,29.4575471],[121.5647936,29.4575168],[121.5648163,29.4575162],[121.5648445,29.4575156],[121.5646756,29.4577199],[121.5646085,29.4577433],[121.5645696,29.457943],[121.5644328,29.4581193],[121.5643725,29.4580854]]]},"properties":{"osmId":529131176,"kind":"water","name":null}},{"type":"Feature","geometry":{"type":"Polygon","coordinates":[[[121.5687016,29.4567951],[121.568436,29.4562042],[121.568428,29.4561108],[121.5686533,29.4559964],[121.5689161,29.4554802],[121.5690396,29.4552677],[121.5692675,29.4550552],[121.5694365,29.4549337],[121.5695518,29.4548777],[121.569635,29.4549197],[121.5695894,29.4550668],[121.5695277,29.4552327],[121.569533,29.4553471],[121.5695116,29.4554685],[121.5695143,29.455597],[121.569517,29.4557535],[121.5695196,29.4558025],[121.5694633,29.4559567],[121.5694271,29.4560797],[121.5693909,29.4562042],[121.5692729,29.456356],[121.5690073,29.4566292],[121.5688652,29.4567227],[121.5687016,29.4567951]]]},"properties":{"osmId":529131177,"kind":"water","name":"大坂水库"}},{"type":"Feature","geometry":{"type":"LineString","coordinates":[[121.5725388,29.406344],[121.5721704,29.4073095],[121.5720482,29.4079471],[121.5719242,29.4089003],[121.5722482,29.4094849],[121.5721556,29.4098544],[121.5717006,29.4102374],[121.5705174,29.4107782],[121.5693855,29.411339],[121.5688813,29.4120213],[121.5687793,29.4130073],[121.5686721,29.4139559],[121.5678081,29.4145381],[121.5670713,29.4152932],[121.5656304,29.4170726],[121.5646112,29.4196286],[121.5635598,29.4206659],[121.5626854,29.4213294],[121.5612155,29.4232919],[121.5609769,29.4237782]]},"properties":{"osmId":529451113,"kind":"river","name":null}},{"type":"Feature","geometry":{"type":"Polygon","coordinates":[[[121.6225254,29.4204931],[121.6231424,29.4205818],[121.6231326,29.420091],[121.6231316,29.4200445],[121.6233301,29.419895],[121.6237646,29.4197454],[121.623711,29.419666],[121.6231477,29.4196847],[121.6227293,29.4197548],[121.6224879,29.4198389],[121.6224503,29.420152],[121.6224235,29.4203669],[121.6225254,29.4204931]]]},"properties":{"osmId":529451116,"kind":"water","name":null}},{"type":"Feature","geometry":{"type":"Polygon","coordinates":[[[121.5491885,29.4147853],[121.5491375,29.4139909],[121.5492554,29.4139459],[121.5497357,29.4139325],[121.5504205,29.4137531],[121.5513557,29.4141054],[121.5512124,29.4141522],[121.5505457,29.414068],[121.5501743,29.4144647],[121.5499073,29.4145353],[121.5494909,29.4147284],[121.5491885,29.4147853]]]},"properties":{"osmId":529451124,"kind":"water","name":null}},{"type":"Feature","geometry":{"type":"Polygon","coordinates":[[[121.5384114,29.4157923],[121.5385669,29.4156778],[121.5385133,29.4155657],[121.5384945,29.4154231],[121.5383577,29.4153367],[121.5382344,29.415554],[121.5383497,29.4156287],[121.5383604,29.4157432],[121.5384114,29.4157923]]]},"properties":{"osmId":529451125,"kind":"water","name":null}},{"type":"Feature","geometry":{"type":"Polygon","coordinates":[[[121.5388783,29.4131503],[121.5398249,29.4132269],[121.5398571,29.413075],[121.54001,29.4129909],[121.5400851,29.4129745],[121.5401602,29.4127129],[121.5400422,29.4123858],[121.5399349,29.4121521],[121.5399885,29.4119605],[121.5401655,29.4116988],[121.5406054,29.4106661],[121.5411584,29.4101659],[121.5412331,29.4100539],[121.5411848,29.4097501],[121.5409772,29.4096746],[121.5408575,29.4098389],[121.5395433,29.4111007],[121.539259,29.4115399],[121.5389532,29.4116287],[121.5386581,29.4112782],[121.5385938,29.4115212],[121.5387762,29.4120072],[121.5390122,29.4122456],[121.5389264,29.412839],[121.5388783,29.4131503]]]},"properties":{"osmId":529451127,"kind":"water","name":null}},{"type":"Feature","geometry":{"type":"Polygon","coordinates":[[[121.5884453,29.4138834],[121.5886397,29.4145263],[121.5888365,29.4148325],[121.5882793,29.4148194],[121.5880993,29.4148811],[121.5880376,29.414589],[121.5880468,29.4143628],[121.588195,29.4140762],[121.5883031,29.4138694],[121.5884453,29.4138834]]]},"properties":{"osmId":529451132,"kind":"water","name":null}},{"type":"Feature","geometry":{"type":"Polygon","coordinates":[[[121.5937319,29.4188857],[121.5936649,29.4187618],[121.5937266,29.4187245],[121.5939143,29.4187104],[121.5940511,29.4187361],[121.5940458,29.4188039],[121.5939546,29.4188249],[121.5938365,29.4188576],[121.5937534,29.4189137],[121.5937319,29.4188857]]]},"properties":{"osmId":529451134,"kind":"water","name":null}},{"type":"Feature","geometry":{"type":"Polygon","coordinates":[[[121.5951267,29.4162876],[121.5950784,29.4161755],[121.5954056,29.4161708],[121.5955344,29.4162199],[121.5955558,29.4162806],[121.5954405,29.4162876],[121.5951267,29.4162876]]]},"properties":{"osmId":529451135,"kind":"water","name":null}},{"type":"Feature","geometry":{"type":"LineString","coordinates":[[121.6510695,29.4117175],[121.6514075,29.4109979],[121.651783,29.4106941],[121.6518956,29.4101707],[121.652078,29.4093062],[121.6522711,29.4084977],[121.6520673,29.4082033],[121.6513431,29.4074042],[121.650973,29.4071565],[121.6503721,29.4069649],[121.6500181,29.4068014],[121.6492402,29.4064228],[121.6487092,29.4062686],[121.6480708,29.4064556],[121.6473359,29.4064275],[121.6462737,29.40632],[121.6456622,29.4064649],[121.6448575,29.4062967],[121.6446269,29.4060303],[121.6422558,29.405119],[121.6418159,29.4049134],[121.6412848,29.4049461],[121.6404855,29.4050489],[121.6398793,29.4049134],[121.6388655,29.4048292],[121.6384417,29.4045769],[121.6381305,29.4038338],[121.637755,29.4028618],[121.6378033,29.4024038],[121.6377765,29.4018196],[121.6374224,29.4013849],[121.6373581,29.4009363],[121.6372776,29.4001652],[121.6365588,29.3991884],[121.636076,29.3987818],[121.6352981,29.3970806],[121.6356736,29.3958093],[121.6358775,29.3952952],[121.6361725,29.3935799],[121.6361082,29.3925189],[121.6366231,29.3908223],[121.6364998,29.3898922],[121.6360491,29.38892],[121.6357648,29.3886208],[121.6355073,29.3881488],[121.6353947,29.3877748]]},"properties":{"osmId":529451141,"kind":"stream","name":null}},{"type":"Feature","geometry":{"type":"Polygon","coordinates":[[[121.61295,29.4338185],[121.613077,29.4335175],[121.6137293,29.433781],[121.6137492,29.4339426],[121.6135508,29.433982],[121.6129544,29.4338832],[121.61295,29.4338185]]]},"properties":{"osmId":529451152,"kind":"water","name":null}},{"type":"Feature","geometry":{"type":"LineString","coordinates":[[121.6422719,29.4249787],[121.6408771,29.4250534],[121.6399705,29.4247077],[121.6392356,29.4246936],[121.6384685,29.4249319],[121.6380233,29.4256094],[121.637814,29.4258337],[121.6373634,29.4257636]]},"properties":{"osmId":529451158,"kind":"river","name":null}},{"type":"Feature","geometry":{"type":"LineString","coordinates":[[121.6385114,29.4237498],[121.6381305,29.4240348],[121.637975,29.4242311],[121.6375136,29.4247123],[121.637401,29.4250955],[121.6373634,29.4257636],[121.6371918,29.426044],[121.6366902,29.4264154],[121.636591,29.4266981],[121.6364729,29.4270392],[121.6362074,29.4272541]]},"properties":{"osmId":529451159,"kind":"river","name":null}},{"type":"Feature","geometry":{"type":"Polygon","coordinates":[[[121.6334742,29.4287656],[121.6332248,29.4281675],[121.6341099,29.4278919],[121.6344452,29.4278475],[121.6346839,29.4276442],[121.6349012,29.4275695],[121.6350406,29.4275905],[121.6351935,29.427427],[121.6356522,29.4272775],[121.6359526,29.4272938],[121.6362074,29.4272541],[121.6360867,29.4274036],[121.6357031,29.4274223],[121.6347697,29.4280951],[121.634708,29.4284128],[121.6345793,29.4285296],[121.6343111,29.4284922],[121.6340724,29.4285016],[121.6339812,29.4287095],[121.6338471,29.4288847],[121.6336593,29.428852],[121.633485,29.42881],[121.6334742,29.4287656]]]},"properties":{"osmId":529451160,"kind":"water","name":null}},{"type":"Feature","geometry":{"type":"LineString","coordinates":[[121.6095436,29.4121241],[121.609168,29.4124699],[121.6088998,29.4130774],[121.6090929,29.4135166],[121.6097689,29.4141428],[121.6099298,29.4146101],[121.6098976,29.4149091],[121.6094363,29.4150306],[121.6092431,29.4152549],[121.6091895,29.4155306],[121.608637,29.41611],[121.6077733,29.4166988],[121.6075158,29.4170586],[121.6074246,29.4174652],[121.6069204,29.4177408],[121.6063635,29.4178431]]},"properties":{"osmId":530095764,"kind":"stream","name":null}},{"type":"Feature","geometry":{"type":"LineString","coordinates":[[121.6032457,29.4181591],[121.6031921,29.4185048],[121.6033208,29.4187665],[121.6037849,29.4190071],[121.603978,29.4190001],[121.6043964,29.4192525],[121.6044125,29.4196286],[121.6043937,29.4201263],[121.6047209,29.4213248],[121.6046619,29.4216051],[121.6040879,29.4222359],[121.6030204,29.4230816],[121.6027254,29.4235629],[121.6026449,29.4239694],[121.6019046,29.4247123],[121.6015291,29.4247357],[121.6004509,29.4250955],[121.6000915,29.4251329],[121.5994853,29.4255721],[121.5990494,29.4264879]]},"properties":{"osmId":530095765,"kind":"stream","name":null}},{"type":"Feature","geometry":{"type":"Polygon","coordinates":[[[121.6047907,29.4187875],[121.6055685,29.4193342],[121.605649,29.4191987],[121.6055417,29.4184044],[121.6057402,29.4181941],[121.6064429,29.4178997],[121.6063635,29.4178431],[121.6062069,29.4177315],[121.6049302,29.4183109],[121.6047907,29.4187875]]]},"properties":{"osmId":530095767,"kind":"water","name":null}},{"type":"Feature","geometry":{"type":"Polygon","coordinates":[[[121.604163,29.4303892],[121.6040075,29.4307536],[121.6038841,29.4307583],[121.6038787,29.4308704],[121.6039163,29.4309919],[121.6038948,29.4314684],[121.6042811,29.4319917],[121.6044259,29.4319777],[121.6044956,29.4317768],[121.6044313,29.4314451],[121.6046619,29.4306041],[121.604163,29.4303892]]]},"properties":{"osmId":530095768,"kind":"water","name":null}},{"type":"Feature","geometry":{"type":"Polygon","coordinates":[[[121.5604953,29.4443988],[121.5605986,29.4441968],[121.5607019,29.4442353],[121.5608092,29.4443708],[121.5610814,29.444421],[121.5611713,29.4445074],[121.5613362,29.4446324],[121.5612933,29.4446429],[121.5607609,29.4444923],[121.5605798,29.4444701],[121.5604953,29.4443988]]]},"properties":{"osmId":530095789,"kind":"water","name":null}},{"type":"Feature","geometry":{"type":"LineString","coordinates":[[121.5394682,29.4174862],[121.5390578,29.4177502],[121.5388593,29.4177665],[121.5385777,29.4176754],[121.5381029,29.4173857],[121.5376979,29.4172923],[121.5354556,29.4175843],[121.5351096,29.4178717],[121.5347019,29.4186637],[121.5338731,29.4192828],[121.5323952,29.4201263],[121.5322638,29.4204323],[121.532304,29.4207804],[121.5322852,29.4220584],[121.5321,29.42242]]},"properties":{"osmId":530095799,"kind":"river","name":null}},{"type":"Feature","geometry":{"type":"LineString","coordinates":[[121.5887243,29.4156381],[121.5884507,29.4168951],[121.58822,29.4174231],[121.5882951,29.4179885],[121.5884131,29.4184558],[121.5881073,29.4187688],[121.5879866,29.418909],[121.5874314,29.4190305],[121.5870023,29.4192969],[121.5866858,29.4194884],[121.5853018,29.4202641],[121.5850389,29.420479],[121.585063,29.4206729],[121.5844703,29.421278],[121.584135,29.4216448],[121.5839794,29.4220957],[121.5835851,29.4222383],[121.5834966,29.4222219],[121.5828207,29.422],[121.5826598,29.4218645],[121.5821877,29.4213108],[121.5819651,29.421208],[121.5814903,29.421208],[121.5794036,29.4215958],[121.5784407,29.4218481],[121.5782406,29.4219559]]},"properties":{"osmId":530104631,"kind":"stream","name":null}},{"type":"Feature","geometry":{"type":"LineString","coordinates":[[121.5890971,29.4191543],[121.5887699,29.4192641],[121.5884185,29.4192898],[121.5881342,29.4191427],[121.5879866,29.418909]]},"properties":{"osmId":530104634,"kind":"stream","name":null}},{"type":"Feature","geometry":{"type":"LineString","coordinates":[[121.6204011,29.4217406],[121.6204655,29.4221238],[121.6209215,29.4229415],[121.6209644,29.4233293],[121.6210341,29.4236891],[121.6209483,29.423932],[121.6206533,29.4242451],[121.6202027,29.4251936],[121.6199639,29.4254506],[121.6194114,29.4258898],[121.6184753,29.4264668],[121.618242,29.4266537],[121.6176841,29.4267845],[121.6171879,29.4265579],[121.6163993,29.4266374],[121.6161364,29.4269621],[121.6160129,29.4270933]]},"properties":{"osmId":530104651,"kind":"stream","name":null}},{"type":"Feature","geometry":{"type":"LineString","coordinates":[[121.2660143,29.2942425],[121.2660035,29.2940905],[121.2659016,29.2939923],[121.2656656,29.2938332],[121.2655047,29.2936531],[121.2654698,29.2935267],[121.2654564,29.2933115],[121.2653518,29.2930074],[121.2653732,29.2927384],[121.2655181,29.2923127],[121.2654859,29.2918448],[121.2655717,29.2917349],[121.2657031,29.291639],[121.2660384,29.291632],[121.2661135,29.291639],[121.2664515,29.291901],[121.2665319,29.2919244],[121.2667599,29.2919174],[121.2668323,29.291894],[121.266953,29.2918051],[121.2671354,29.2916016],[121.2671998,29.2914799],[121.2672535,29.2912858],[121.2671784,29.2908389],[121.2668645,29.2900693],[121.2666902,29.289309],[121.2667626,29.2890236],[121.2668028,29.2889652],[121.2668592,29.288916],[121.2669906,29.2888459],[121.267291,29.2885722],[121.2673366,29.2885113],[121.2673527,29.2884435],[121.2673044,29.2881932],[121.2669611,29.2876668],[121.2664676,29.2871452],[121.2662664,29.2868598],[121.2661082,29.2861907],[121.2657943,29.2857626],[121.2657326,29.2856339],[121.2655503,29.2846958],[121.2654564,29.284518],[121.2651948,29.2841144],[121.2650916,29.2839694],[121.2650433,29.2838723],[121.2649856,29.2837284],[121.2649789,29.2836535],[121.2650004,29.2833775],[121.2650124,29.2831026],[121.264995,29.2829728],[121.2649534,29.2828687],[121.2648877,29.2827716],[121.2646557,29.2825236],[121.2646115,29.2824417],[121.264594,29.2823516],[121.2645994,29.2822195],[121.264657,29.282058],[121.2647295,29.2819481],[121.2648676,29.2818463],[121.2649601,29.2817597],[121.2650822,29.2816147],[121.2651318,29.2815082],[121.2651452,29.2813866],[121.2650406,29.2811059],[121.2649762,29.2810181],[121.2648864,29.2808602],[121.2647804,29.2806461],[121.2647214,29.2805034],[121.2646959,29.2803888],[121.2646866,29.2803057],[121.2646879,29.2801759],[121.2647053,29.2801045],[121.2647348,29.2800461],[121.2647509,29.2799759],[121.2647429,29.2798636],[121.264708,29.2797185],[121.2646061,29.2794144],[121.2645846,29.2793091],[121.2645806,29.2792214],[121.2646047,29.27915],[121.2646343,29.2790272],[121.2646731,29.2789125],[121.264759,29.2787616],[121.2648207,29.2785253],[121.2648461,29.2783475],[121.2648917,29.2779065],[121.2649266,29.2777404],[121.2649507,29.2776609],[121.2649454,29.277579],[121.2649105,29.2775111],[121.2648166,29.2774386],[121.2647013,29.2773731],[121.2645833,29.2772631],[121.2645484,29.2771696],[121.264535,29.2770666],[121.2645672,29.276952],[121.2646235,29.276835],[121.2647737,29.2766782],[121.2648475,29.2765718],[121.2648435,29.2763554],[121.2647979,29.2762127],[121.2647549,29.2761331],[121.2646798,29.276077],[121.2646101,29.2760536],[121.2644846,29.2759939]]},"properties":{"osmId":544569877,"kind":"stream","name":null}},{"type":"Feature","geometry":{"type":"LineString","coordinates":[[121.2728043,29.2831038],[121.2727627,29.2830723],[121.2726246,29.2830266],[121.2724744,29.2829927],[121.2723524,29.2829799],[121.2722692,29.2830079],[121.2721794,29.2830582],[121.2720908,29.2831261],[121.2718119,29.2833121],[121.2717261,29.2833238],[121.2716228,29.2833729],[121.2714793,29.2833811],[121.2711306,29.2833436],[121.271077,29.2833261],[121.2710287,29.2832968],[121.2707605,29.2830021],[121.2707417,29.2829413],[121.2707243,29.2828266],[121.2706103,29.2825482],[121.2705901,29.2824511],[121.2705875,29.2823634],[121.2706009,29.282216],[121.2705928,29.2820043],[121.2706089,29.2818113],[121.2705955,29.2817376],[121.2705231,29.2816651],[121.270444,29.2816347],[121.2703595,29.2816171],[121.2702294,29.2816265],[121.27011,29.2816136],[121.2700255,29.2815808],[121.2699504,29.2815247],[121.26987,29.2814183],[121.2697426,29.2811469],[121.2696822,29.2809305],[121.2696541,29.2807866],[121.2696608,29.2807164],[121.2696956,29.2806755],[121.2697654,29.2806392],[121.2698727,29.2805983],[121.2699612,29.2805363],[121.2700188,29.2804684],[121.2700389,29.2804181],[121.2700309,29.2803421],[121.2700027,29.2802801],[121.2697479,29.2801011],[121.2695883,29.2800379],[121.2694515,29.2800145],[121.2693778,29.2800251],[121.2693483,29.280059],[121.269308,29.2802228],[121.2692812,29.2802567],[121.269237,29.2802719],[121.2691941,29.2802672],[121.2691498,29.2802543],[121.2691149,29.2802134],[121.2690921,29.2801619],[121.269076,29.2799525],[121.2690492,29.2798578],[121.2690291,29.2797315],[121.2689969,29.2796601],[121.268962,29.2794729],[121.2689835,29.2794016],[121.2690519,29.2792554],[121.2690559,29.2791817],[121.2691713,29.2789091],[121.2693094,29.2786143],[121.2695535,29.2782751],[121.269701,29.2780926],[121.2697305,29.2780177],[121.2697359,29.2779452],[121.2697278,29.2778657],[121.2696634,29.2778095],[121.2695561,29.2777557],[121.2695025,29.2777042],[121.2694703,29.2774094],[121.2694355,29.277358],[121.2693255,29.2773065],[121.2691511,29.277248],[121.2690734,29.2772504],[121.2689795,29.2772878],[121.2688615,29.2773018],[121.2687488,29.2772995],[121.2686791,29.2773252],[121.2685959,29.2774141],[121.2685262,29.2774773],[121.2684538,29.2775054],[121.268266,29.2774492],[121.2681587,29.2774516],[121.2680166,29.2774094],[121.2678422,29.2773439],[121.2676947,29.2772621],[121.267523,29.277227],[121.2673728,29.2772433],[121.2672494,29.2773205],[121.2671636,29.2774024],[121.2670295,29.277482],[121.2669195,29.2776177],[121.2668659,29.2777627],[121.2668042,29.2779943],[121.2667264,29.2781113],[121.2666433,29.2782634],[121.2665843,29.2783944],[121.2665869,29.2785114],[121.2666245,29.2786658],[121.2665816,29.2787641],[121.2665011,29.2788553],[121.2664528,29.2788459],[121.2663455,29.2787875],[121.2661766,29.2786728],[121.2659566,29.2785395],[121.2658279,29.2784014],[121.2657367,29.2782189],[121.2655033,29.2779008],[121.2654658,29.2777955],[121.265396,29.2776621],[121.2651332,29.2773556],[121.2650581,29.2771919],[121.2649803,29.2769813],[121.264932,29.2768035],[121.2649132,29.2767052],[121.2648475,29.2765718]]},"properties":{"osmId":544569878,"kind":"stream","name":null}},{"type":"Feature","geometry":{"type":"LineString","coordinates":[[121.3460139,29.279103],[121.3465645,29.2794738],[121.3473442,29.2799002],[121.3482141,29.2808927],[121.3496707,29.2817221],[121.3507935,29.2817618],[121.351102,29.2818588],[121.3510752,29.2820897],[121.35136,29.2822647],[121.3517618,29.2823002],[121.3520832,29.282225],[121.3522653,29.2823132],[121.3522754,29.2825779],[121.3525333,29.2830631],[121.3530745,29.2835219],[121.3534134,29.2837425],[121.3539444,29.2835837],[121.3542377,29.2835484],[121.3543844,29.2836851],[121.3542883,29.283941],[121.3543895,29.2840689],[121.3547283,29.2843998],[121.3547587,29.2846865],[121.3545766,29.2849688],[121.3555527,29.285657],[121.3562507,29.2860672],[121.3574696,29.2862966],[121.3586025,29.2864069],[121.3591386,29.2864598],[121.3594673,29.2868436],[121.3595988,29.2873641],[121.3617938,29.2884492],[121.3627497,29.2889918],[121.3637613,29.2893667],[121.364572,29.2892997],[121.3650602,29.289281],[121.3658488,29.289295],[121.3664496,29.2892716],[121.3667446,29.2892576],[121.3670021,29.2891968],[121.3672113,29.2890564],[121.3674045,29.2889394],[121.3675332,29.2888927],[121.3677156,29.2889254],[121.3681769,29.2890517],[121.3690674,29.2894213],[121.3695395,29.2895711],[121.3698345,29.2895991],[121.3701135,29.289557],[121.3705051,29.2893605],[121.37124,29.2889909],[121.3715297,29.2887616],[121.3718462,29.2884856],[121.3722861,29.2882751],[121.3726723,29.2879943],[121.3731658,29.28762],[121.3734609,29.2873487],[121.3739383,29.2869884],[121.3746303,29.2865486],[121.37492,29.2864176],[121.375156,29.2864083],[121.3755262,29.2864691],[121.3765481,29.2868574],[121.3767627,29.2868948],[121.377047,29.2868293],[121.3778074,29.2866434],[121.3784954,29.2864457],[121.3788173,29.2863241],[121.3790909,29.2861884],[121.3794288,29.2859357],[121.3800698,29.2853719],[121.3804105,29.285014],[121.3806573,29.2847309],[121.3806673,29.2847166],[121.381014,29.2842186],[121.3811374,29.2839706],[121.3811696,29.2837413],[121.3811481,29.2835635],[121.3810891,29.2833343],[121.3810998,29.2831424],[121.3811588,29.2829787],[121.3811696,29.2827962],[121.3812715,29.2826277],[121.3814324,29.2825295],[121.3816363,29.2825201],[121.3818884,29.2824125],[121.3822585,29.2821973],[121.3824946,29.2821224],[121.382677,29.2821505],[121.3831919,29.2823189],[121.3834119,29.2823751],[121.3837928,29.2823751],[121.3842648,29.2822628],[121.3846672,29.2821224],[121.3851178,29.2819633],[121.3857615,29.2816545],[121.3867217,29.281093],[121.3871133,29.2809246],[121.3874996,29.2808357],[121.388213,29.2807608],[121.3889533,29.2806813],[121.389538,29.2807234],[121.3900477,29.2808731],[121.3903588,29.2810322],[121.3911474,29.2815516],[121.3914049,29.2817762],[121.3915443,29.2819774],[121.3916302,29.2821645],[121.3916624,29.2825622],[121.3918877,29.283877],[121.3920909,29.2853203]]},"properties":{"osmId":544783599,"kind":"river","name":"龙眼溪"}},{"type":"Feature","geometry":{"type":"LineString","coordinates":[[121.3677934,29.267778],[121.3678953,29.2682647],[121.3678846,29.2684519],[121.3679275,29.2689128],[121.3679811,29.2691726],[121.3679865,29.2692545],[121.3679785,29.2693012],[121.3679087,29.2694393],[121.3677746,29.2696709],[121.3677344,29.2697294],[121.3676432,29.2697692],[121.3674688,29.2697973],[121.3673857,29.2697996],[121.3673294,29.2698254],[121.3673052,29.2698628],[121.3672677,29.2701787],[121.3672623,29.2703892],[121.3672891,29.2705437],[121.3673481,29.2706887],[121.3674152,29.2708174],[121.3675252,29.2709906],[121.3675547,29.2711239],[121.3675922,29.2711567],[121.3676754,29.2711707],[121.3677317,29.2711894],[121.3677719,29.2712292],[121.3677773,29.2712783],[121.3676834,29.2714725],[121.3676673,29.271531],[121.3676794,29.2715848],[121.3677143,29.2716106],[121.3677666,29.2716164],[121.3678148,29.2716082],[121.3678618,29.2716094],[121.3679731,29.2716468],[121.3680348,29.271648],[121.3683459,29.2715767],[121.3684358,29.2715661],[121.3684867,29.2715743],[121.3685136,29.2715919],[121.3685632,29.2717404],[121.368649,29.2718644],[121.3687885,29.2719931],[121.368877,29.2721312],[121.3689306,29.2721873],[121.3690312,29.2722365],[121.3691761,29.2722891],[121.3693048,29.2723066],[121.3693812,29.2723242],[121.3694228,29.2723499],[121.3694577,29.2723956],[121.3695288,29.2726319],[121.3696012,29.2728272],[121.3696977,29.2730097],[121.3697541,29.2731782],[121.3698319,29.2733583],[121.3698801,29.2733934],[121.3699847,29.2734168],[121.3701108,29.2734168],[121.3702127,29.2734051],[121.3703428,29.273356],[121.3704474,29.2733256],[121.3705024,29.2733338],[121.3705815,29.2733712],[121.3707907,29.2735233],[121.3709906,29.273735],[121.3710791,29.2738122],[121.3711971,29.2738871],[121.3712709,29.2739456],[121.3713339,29.2740333],[121.3713969,29.2741024],[121.3714305,29.274162],[121.3714385,29.2742217],[121.3714157,29.2742638],[121.3711984,29.2744568],[121.371173,29.2745118],[121.3710979,29.2747575],[121.3710576,29.2749189],[121.3709812,29.275154],[121.3709678,29.2752266],[121.3709812,29.2753377],[121.3710147,29.2754196],[121.3712145,29.2756851],[121.3714653,29.2759752],[121.3715512,29.2760595],[121.3716182,29.2761086],[121.3716879,29.2761402],[121.3717899,29.276153],[121.3720152,29.276146],[121.3720903,29.2761601],[121.372152,29.2762057],[121.3721734,29.2762537],[121.3721895,29.2763578],[121.3722217,29.27669],[121.372215,29.2767754],[121.3721815,29.2769181],[121.3721842,29.2770058],[121.3722083,29.277207]]},"properties":{"osmId":544783610,"kind":"stream","name":null}},{"type":"Feature","geometry":{"type":"LineString","coordinates":[[121.2771468,29.3226798],[121.2772098,29.3228178],[121.2772554,29.3229148],[121.2773211,29.3229756],[121.2774056,29.3230072],[121.2774955,29.3230306],[121.2776121,29.3230738],[121.2777972,29.3231849],[121.2778991,29.3232726],[121.2780748,29.3234363],[121.278221,29.3236059],[121.2784074,29.3238233],[121.2785831,29.3240338],[121.2786971,29.3242104]]},"properties":{"osmId":545027303,"kind":"stream","name":null}},{"type":"Feature","geometry":{"type":"LineString","coordinates":[[121.281614,29.3274772],[121.2817347,29.3273299],[121.28185,29.3271849],[121.2819681,29.327075],[121.2821075,29.3269885],[121.2822068,29.3269558],[121.2824401,29.32693],[121.2825716,29.3268716],[121.2826386,29.3268178],[121.2826708,29.3267102],[121.2826574,29.3265465],[121.2826842,29.326453],[121.2827352,29.326329],[121.2828344,29.3262028],[121.2830029,29.3259083]]},"properties":{"osmId":545027308,"kind":"stream","name":null}},{"type":"Feature","geometry":{"type":"LineString","coordinates":[[121.277183,29.3333758],[121.2772246,29.3332717],[121.2772581,29.3331969],[121.2772728,29.3331303],[121.2773426,29.3330309],[121.2773962,29.3329619],[121.2774459,29.3328824],[121.2774982,29.332797],[121.277525,29.3327351],[121.277533,29.3326626],[121.2775277,29.3325983],[121.2775572,29.3324954],[121.2775813,29.3324264],[121.2776054,29.3323025],[121.2776269,29.3322031],[121.277639,29.3321341],[121.2776108,29.3320687],[121.2775746,29.332009],[121.2775746,29.3319436],[121.2775867,29.3318968],[121.2776256,29.3318465],[121.2776873,29.3317834],[121.2778442,29.3316676],[121.2779474,29.3315963],[121.2779944,29.3315425],[121.2780319,29.3314771],[121.2780534,29.3313894],[121.2780695,29.331297],[121.2780949,29.331145],[121.2780856,29.3310129],[121.2780963,29.330917],[121.2781405,29.330848],[121.2782063,29.3307872],[121.2783055,29.3307206],[121.2784007,29.3306843]]},"properties":{"osmId":545027321,"kind":"stream","name":null}},{"type":"Feature","geometry":{"type":"LineString","coordinates":[[121.2914067,29.3115839],[121.2915516,29.3114904],[121.2916964,29.3114296],[121.2917957,29.311336],[121.2918735,29.3112635],[121.2919512,29.3112027],[121.2921041,29.3110951],[121.2922677,29.3110624],[121.2924179,29.3109922]]},"properties":{"osmId":545027346,"kind":"stream","name":null}},{"type":"Feature","geometry":{"type":"LineString","coordinates":[[121.3285728,29.3192815],[121.3287887,29.3188831],[121.3288692,29.3188012],[121.3289711,29.3187591],[121.3290569,29.3187334],[121.3292125,29.31871],[121.329411,29.318703],[121.3296872,29.3186282],[121.3298455,29.3186165],[121.3302103,29.318682],[121.3303202,29.3186492],[121.3304463,29.3186445],[121.330618,29.3186586],[121.3306931,29.3186305],[121.3310015,29.3186071],[121.331141,29.3186095],[121.3316774,29.3184271],[121.3318786,29.3183335],[121.3320208,29.3182189],[121.3322461,29.3179453],[121.3323238,29.3178681],[121.3324204,29.3177371],[121.3325277,29.3175407],[121.3326028,29.3174238],[121.3328147,29.3171969],[121.3329568,29.3171057],[121.3331553,29.3170098],[121.3333994,29.3169654],[121.3337186,29.3169233],[121.3339868,29.3169209],[121.3341343,29.3169373],[121.3343865,29.3169818],[121.3345313,29.3169934],[121.3345957,29.3169818],[121.3347271,29.3168976],[121.3348746,29.3168134],[121.3350409,29.3167455],[121.3352904,29.3167128],[121.33558,29.3167175],[121.3357812,29.3167549],[121.3361433,29.3168391],[121.3362211,29.3168344],[121.3363016,29.3168017],[121.3363659,29.3167502],[121.3365027,29.3165351],[121.3366127,29.3163831],[121.3367683,29.31621],[121.3369668,29.3160486],[121.3371196,29.3159387],[121.3372189,29.3158498],[121.3373342,29.3156347],[121.337412,29.3155505],[121.3374951,29.3154125],[121.337581,29.3152114],[121.337699,29.3150243],[121.3378277,29.3148886],[121.3379592,29.3147974],[121.3381094,29.3147226],[121.3382488,29.3147039],[121.3383937,29.3146968],[121.3384956,29.3146571],[121.3388872,29.3144466],[121.3393995,29.3141332],[121.339547,29.3141145],[121.3397241,29.3141309],[121.3398448,29.3141098],[121.3399816,29.3141168],[121.3402659,29.3141659],[121.3405019,29.3141519],[121.3408399,29.3141659],[121.3409954,29.3141963],[121.3411108,29.3141963],[121.341261,29.3141589],[121.3413951,29.3141379],[121.3415131,29.3140934],[121.3416123,29.3140256],[121.3416499,29.3139555],[121.3417464,29.3135602],[121.3418162,29.3133871],[121.3418913,29.3132889],[121.3419557,29.3131603],[121.3419852,29.3128773],[121.3420603,29.3126457],[121.3421139,29.3125148],[121.3421649,29.3124353],[121.3422266,29.3123698],[121.3423043,29.3123207],[121.3424411,29.3122832],[121.3427147,29.3122622],[121.3430607,29.3122505],[121.3431948,29.3122014]]},"properties":{"osmId":545526737,"kind":"river","name":null}},{"type":"Feature","geometry":{"type":"LineString","coordinates":[[121.3364079,29.335698],[121.3376114,29.3356111],[121.3391063,29.3352168],[121.3394206,29.3350899],[121.3394896,29.3341409],[121.3397962,29.3334793],[121.3400645,29.3327909],[121.3399189,29.3322429],[121.3393439,29.3310466],[121.3391216,29.3303917],[121.3395279,29.3294026],[121.3396352,29.3286407],[121.3400338,29.3271503],[121.3404401,29.326649],[121.3408399,29.3260554],[121.3410088,29.3257374],[121.34121,29.325403],[121.3413253,29.3250405],[121.3413817,29.3245962],[121.3413548,29.3243624],[121.3412717,29.3241051],[121.3410786,29.3238783],[121.340813,29.3236304],[121.3405877,29.3234503],[121.3405368,29.3233708],[121.3404912,29.3231791],[121.3404778,29.3229265],[121.3405341,29.3226131],[121.3407057,29.3221197],[121.3408372,29.3217689],[121.3408881,29.3213924],[121.3408908,29.3210463],[121.3408425,29.320602],[121.3407701,29.3202605],[121.3407218,29.3200641],[121.3406172,29.3198092],[121.3405073,29.3195823],[121.3404697,29.3194023],[121.3405019,29.3192573],[121.3405582,29.3191801],[121.3406414,29.3191357],[121.340805,29.3191146],[121.3409927,29.3190772],[121.341159,29.3190211],[121.3412636,29.3189603],[121.3413361,29.3188948],[121.3413951,29.3188199],[121.3414165,29.318717],[121.3414434,29.3185814],[121.3414997,29.318413],[121.3415614,29.3183358],[121.3416821,29.3182376],[121.3420066,29.3180973],[121.3423768,29.3179734],[121.3426504,29.3179102],[121.3428622,29.3178634],[121.343042,29.3178073],[121.3431707,29.3177442],[121.3433504,29.3176249],[121.3435194,29.3175126],[121.3437206,29.317363],[121.3438064,29.317253],[121.3438305,29.3171618],[121.3438627,29.3169911],[121.3438413,29.3168438],[121.3437742,29.3166941],[121.3437608,29.3164789],[121.3437554,29.316203],[121.3437957,29.3158849],[121.3438734,29.3155949],[121.3439083,29.315202],[121.3439083,29.3150196],[121.3438788,29.3146922],[121.3438386,29.3144092],[121.343801,29.3141542],[121.343734,29.3139835],[121.343632,29.3137356],[121.3435408,29.3134433],[121.3435221,29.3132211],[121.3434657,29.3130644],[121.3434094,29.31291],[121.3433531,29.3127674],[121.3433424,29.3126294],[121.3433209,29.3125475],[121.3432485,29.3124399],[121.3432217,29.3123698],[121.3432217,29.3122739],[121.3431948,29.3122014],[121.3431492,29.3121055],[121.3430822,29.3119769],[121.342999,29.3118061],[121.3429052,29.3115512],[121.3428475,29.3112927],[121.3428502,29.3111957],[121.342881,29.3111337],[121.3429642,29.3110519],[121.3430567,29.3109513],[121.3431922,29.3108098],[121.3433142,29.3106496],[121.3434041,29.3105303],[121.343506,29.3103631],[121.3436441,29.3101549],[121.3437138,29.3100415],[121.3437434,29.3099584],[121.3437796,29.3098076],[121.3437675,29.3096988],[121.3437273,29.3095714],[121.3436267,29.3093913],[121.3435985,29.3093281],[121.3436039,29.3092755],[121.3436361,29.3092112],[121.3437004,29.3091282],[121.3437554,29.3090323],[121.3437715,29.3089562],[121.3437809,29.3087762],[121.3437916,29.3086417],[121.3438198,29.3085551],[121.3438869,29.3084277],[121.3439713,29.3083084],[121.3440558,29.3081622],[121.3441282,29.3080102],[121.3442007,29.3077962],[121.3442194,29.3076547],[121.3442396,29.3074898],[121.3443026,29.3073401],[121.3444367,29.3070255],[121.3445453,29.3067799],[121.3445842,29.3066185],[121.3445494,29.3064291],[121.3444938,29.3061491]]},"properties":{"osmId":545526740,"kind":"river","name":null}},{"type":"Feature","geometry":{"type":"LineString","coordinates":[[121.2615457,29.2975127],[121.2615994,29.2974659],[121.2616369,29.2974215],[121.2616745,29.2974028],[121.2617241,29.2973922],[121.2617938,29.2974004],[121.2618501,29.297439],[121.2618944,29.2974835],[121.2619467,29.2975092],[121.2619802,29.2975104],[121.2620097,29.2974916],[121.2620607,29.297425],[121.2621304,29.2973221],[121.2621894,29.2972519],[121.2622257,29.2972004],[121.2622538,29.2971688],[121.2622941,29.2971536],[121.262408,29.2971724],[121.2624697,29.2971864],[121.262581,29.2971993]]},"properties":{"osmId":545526745,"kind":"stream","name":null}},{"type":"Feature","geometry":{"type":"Polygon","coordinates":[[[121.2625113,29.2971946],[121.2625757,29.2971548],[121.2625918,29.2970659],[121.2626266,29.2969513],[121.2626776,29.2968905],[121.2627366,29.2968975],[121.2627983,29.2969513],[121.2628573,29.2970379],[121.2629163,29.2970636],[121.2629995,29.2970472],[121.2630907,29.2970402],[121.2631282,29.2970028],[121.2631765,29.2969232],[121.2631738,29.2968624],[121.263096,29.2967922],[121.2628975,29.2966893],[121.2628546,29.2966449],[121.2628975,29.2965396],[121.2628949,29.296411],[121.2629592,29.2963993],[121.2630451,29.2963034],[121.2632194,29.2963923],[121.2632999,29.2963806],[121.2633508,29.2963431],[121.2633803,29.2962823],[121.2634313,29.2962355],[121.2635198,29.2961934],[121.2636566,29.2961583],[121.2637934,29.2961794],[121.2639007,29.2962472],[121.2641743,29.2963455],[121.2644157,29.2963946],[121.2644693,29.2963642],[121.2645508,29.2962849],[121.2649236,29.2963825],[121.2649059,29.2964659],[121.2649213,29.2965098],[121.2649266,29.2965572],[121.2649159,29.2966227],[121.2648877,29.296677],[121.2648401,29.2967244],[121.2647986,29.296746],[121.2647865,29.2967648],[121.2647784,29.2968104],[121.2647852,29.2968613],[121.2647778,29.2968835],[121.2647603,29.2968975],[121.2647261,29.2969028],[121.2645203,29.2968928],[121.264362,29.2969197],[121.2642829,29.2969221],[121.2642078,29.296901],[121.2641005,29.2968835],[121.2640187,29.2968788],[121.263957,29.2968577],[121.2639181,29.2968203],[121.2638712,29.2968016],[121.2637907,29.2967958],[121.263717,29.2968063],[121.2636204,29.296832],[121.2635533,29.2968577],[121.263497,29.2968952],[121.2634528,29.2969396],[121.2634447,29.2969735],[121.2634434,29.2970238],[121.2634273,29.297046],[121.2633911,29.2970765],[121.2632905,29.2971291],[121.2632355,29.2971747],[121.263202,29.2972379],[121.2631859,29.2972998],[121.2631859,29.297349],[121.2632114,29.2974285],[121.2632154,29.2974636],[121.2632087,29.2975057],[121.2631805,29.2975478],[121.2631443,29.2975735],[121.2631108,29.2975735],[121.2630665,29.2975642],[121.263025,29.2975384],[121.2630008,29.2975057],[121.2629713,29.2974823],[121.2628667,29.2974531],[121.2628385,29.2974378],[121.2628117,29.297418],[121.2627715,29.2973653],[121.2627232,29.2973291],[121.2626615,29.2972858],[121.2625381,29.2972215],[121.2625113,29.2971946]]]},"properties":{"osmId":545526746,"kind":"water","name":null}},{"type":"Feature","geometry":{"type":"LineString","coordinates":[[121.2548563,29.3475017],[121.2548509,29.3476536],[121.2548563,29.3477869],[121.254918,29.3479295],[121.2550011,29.3480394],[121.2551057,29.348161],[121.2551594,29.3482826],[121.2551969,29.3485701],[121.2552425,29.3486753],[121.2553579,29.3487852],[121.2555107,29.3489652],[121.2556931,29.3491757],[121.255787,29.3493393],[121.2558138,29.3494586],[121.2558246,29.3496105],[121.2558594,29.3497298],[121.2558192,29.3498864],[121.2557629,29.3499939],[121.2556906,29.3500652],[121.2556609,29.3500945],[121.2555993,29.3501745],[121.2555402,29.3502511],[121.2555483,29.3503446],[121.2556046,29.3504358],[121.2557012,29.3506111],[121.2558085,29.3507374],[121.2558889,29.3509198],[121.2559238,29.3510857],[121.2559935,29.3512237],[121.2561008,29.3513055],[121.2562269,29.3514364],[121.2564576,29.3516936],[121.25664,29.3518339],[121.2567955,29.3519274],[121.2569725,29.3519882],[121.2571442,29.3520349],[121.2572998,29.352049],[121.25745,29.3521004],[121.2576592,29.3521378],[121.2578738,29.3522313],[121.2580132,29.3523248],[121.2582171,29.3524137],[121.2583512,29.3524324],[121.2585819,29.3524604],[121.2587428,29.3525212],[121.2589467,29.35261],[121.2591505,29.3526895],[121.2593543,29.3528158],[121.259467,29.3529935],[121.2596601,29.3531758],[121.2597567,29.3533488],[121.2598425,29.3535592],[121.2598962,29.3537603],[121.2599981,29.3540361],[121.2601483,29.3542465],[121.260277,29.3544008],[121.2604326,29.3545505],[121.2605882,29.354644],[121.2608564,29.3547048],[121.261189,29.3547235],[121.261366,29.3547328],[121.2615001,29.3547796],[121.2616128,29.3549152],[121.2617952,29.3550975],[121.2619078,29.3552378],[121.2619883,29.3554108],[121.2620419,29.3556586],[121.2620312,29.3557801],[121.2620848,29.3559204],[121.2622404,29.3560139],[121.2624067,29.3560607],[121.2625194,29.3560466],[121.262632,29.3560279],[121.2627232,29.3560794],[121.262868,29.3562103],[121.2630397,29.3562945],[121.2631712,29.3562879],[121.2632275,29.3562851],[121.2632972,29.3562056],[121.2634742,29.3562664],[121.2636888,29.3563038],[121.2637961,29.3562711],[121.2639409,29.3562477],[121.264075,29.3563552],[121.2641448,29.3564628],[121.2642413,29.3566545],[121.2643701,29.3567854],[121.264531,29.3569116],[121.2645954,29.3570566],[121.2646919,29.3571968],[121.2648261,29.3573137],[121.2649816,29.3573277],[121.2652284,29.3573465],[121.2654269,29.3573511],[121.2655824,29.3574774],[121.2656307,29.3576504],[121.2656897,29.357814],[121.2658292,29.3579776],[121.2659526,29.3581506],[121.2660813,29.3582909],[121.2661081,29.3584639],[121.2661618,29.358679],[121.266312,29.358866],[121.2663764,29.3589969],[121.2665051,29.3591044],[121.266666,29.3591933],[121.2667841,29.3593382],[121.2668323,29.3595439],[121.2667841,29.3597263],[121.266827,29.3598478],[121.2670201,29.3599741],[121.2672239,29.3600255],[121.267401,29.3600816],[121.2676316,29.360105],[121.2678033,29.3601003],[121.2679481,29.3601237],[121.2681305,29.3601985],[121.2682432,29.3603528],[121.2682861,29.3604556],[121.26849,29.3605491],[121.2686562,29.3605819],[121.2687957,29.3606286],[121.2689298,29.3607502],[121.2690908,29.3608296],[121.2693107,29.3608624],[121.2695736,29.3609652],[121.2697828,29.3609699],[121.2700081,29.3610541],[121.2701422,29.3611663],[121.2702388,29.3612341],[121.2702656,29.3613089],[121.2702897,29.3614795],[121.2703273,29.3616034],[121.2703782,29.3617203],[121.2704238,29.3617484],[121.2704989,29.3617133],[121.270574,29.3617226],[121.2706545,29.3617764],[121.2707323,29.3617998],[121.2708503,29.3617928],[121.2709549,29.3618091],[121.2710837,29.3618722],[121.2711829,29.3618956],[121.2713116,29.3619096],[121.2714082,29.361905],[121.2715906,29.3619167],[121.2717327,29.3619821],[121.2719098,29.3620663],[121.2720868,29.3621387],[121.2722719,29.3621528],[121.2724838,29.3621528],[121.272634,29.3622229],[121.2728137,29.3623468],[121.2729746,29.3624403],[121.2731972,29.3625291],[121.2733126,29.3625899],[121.2734306,29.3626741],[121.2734681,29.3627606],[121.2735084,29.3628728],[121.2735888,29.3629663],[121.2736747,29.3630551],[121.2738195,29.3630925],[121.2739348,29.3631837],[121.2739992,29.3633122],[121.2740824,29.3633637],[121.2742648,29.3633777],[121.2743694,29.3634595],[121.2744498,29.3635787],[121.2745222,29.3637143],[121.2746537,29.3638616],[121.274761,29.3639808],[121.2748978,29.364093],[121.2749943,29.3642005],[121.2752303,29.3643548],[121.2754208,29.3644623],[121.2757024,29.3645979],[121.2759653,29.3647101],[121.2760967,29.3647896],[121.2762281,29.3648878],[121.2763381,29.3649836],[121.2764373,29.3651285],[121.276558,29.3652852],[121.2766573,29.3654324],[121.2767565,29.3655259],[121.2769014,29.3655867],[121.277191,29.3656288],[121.2774539,29.3656124],[121.2775692,29.365582],[121.2777275,29.36554],[121.2777803,29.3655261],[121.2780772,29.3654482]]},"properties":{"osmId":545526761,"kind":"stream","name":null}},{"type":"Feature","geometry":{"type":"LineString","coordinates":[[121.2071586,29.3396224],[121.2071344,29.3395265],[121.2071559,29.3394213],[121.2072363,29.339288],[121.2073302,29.3391805],[121.2074509,29.339115],[121.2075609,29.3390378],[121.2077191,29.3389981],[121.2078533,29.3389373],[121.2080061,29.3388438],[121.2081456,29.338776],[121.20832,29.3387105],[121.2084755,29.3386754],[121.2085801,29.3386661],[121.2087786,29.3386333],[121.2088913,29.3385749],[121.2090737,29.3384626],[121.2092614,29.3383621],[121.2094277,29.3383036],[121.2095726,29.3382569],[121.2096611,29.3382405],[121.2097523,29.3382522],[121.2101063,29.3383574]]},"properties":{"osmId":545587684,"kind":"stream","name":null}},{"type":"Feature","geometry":{"type":"LineString","coordinates":[[121.2056082,29.3325164],[121.205788,29.3325258],[121.2059516,29.3325539],[121.2061956,29.3326334],[121.2065068,29.332755],[121.2070352,29.3329841],[121.2071425,29.3330052],[121.2072927,29.3330052],[121.2074885,29.3329537],[121.2076628,29.3328859],[121.2079176,29.3328251],[121.2082341,29.3327783],[121.2085694,29.3327012],[121.2088564,29.3326287],[121.208944,29.3326055]]},"properties":{"osmId":545587685,"kind":"stream","name":null}},{"type":"Feature","geometry":{"type":"LineString","coordinates":[[121.2178445,29.3171244],[121.2179437,29.3169537],[121.217933,29.3168859],[121.2178069,29.3167222],[121.217705,29.3166099],[121.2176621,29.3165],[121.2176809,29.3164181],[121.2177613,29.3162778],[121.2179625,29.3160603],[121.2181744,29.3158147],[121.218389,29.3155271],[121.2184963,29.3153587],[121.2185526,29.3152043],[121.218566,29.315064],[121.2185472,29.3149705],[121.2184828,29.3149003],[121.2184533,29.3148208],[121.2184668,29.3146781]]},"properties":{"osmId":545587688,"kind":"river","name":null}},{"type":"Feature","geometry":{"type":"LineString","coordinates":[[121.2382024,29.4002212],[121.2381461,29.3999011],[121.2381193,29.399845],[121.2380657,29.39981],[121.2379235,29.3998123],[121.2377921,29.3998684],[121.2376499,29.3999104],[121.2375265,29.3998941],[121.2373227,29.3998076],[121.2371859,29.3997375],[121.2371215,29.3996721],[121.2370947,29.3995693],[121.2370706,29.3994361],[121.2370867,29.3993192],[121.2371296,29.3992024],[121.2372181,29.3990155],[121.2372422,29.398929],[121.2372395,29.3988332],[121.2372114,29.3987175],[121.2371604,29.3985796],[121.2371349,29.398513],[121.2371054,29.3984009],[121.2371188,29.3982934],[121.2371698,29.3980971],[121.2371752,29.3979242],[121.237143,29.3978026],[121.2370786,29.3976952],[121.2370411,29.3976017],[121.2370571,29.3975362],[121.2371269,29.3974615],[121.2372529,29.3973657],[121.2374219,29.3972301],[121.2375292,29.3971553],[121.2376338,29.3971226],[121.2377733,29.3970852],[121.2379047,29.3969848],[121.2380281,29.3968889],[121.2381703,29.3967814],[121.2382856,29.3967067],[121.2384036,29.3966366],[121.2384546,29.3965244],[121.2385243,29.3963608],[121.2386075,29.3962557],[121.238696,29.3960967],[121.2387818,29.3958958],[121.2388113,29.3957299],[121.238814,29.395599],[121.2388113,29.3955008],[121.2388301,29.3953933],[121.2388918,29.3953116],[121.2390098,29.3952111],[121.239109,29.395162],[121.2392458,29.3950849],[121.2394094,29.3949587],[121.2395301,29.3948862],[121.2397125,29.3948418],[121.2398225,29.3947741],[121.2399808,29.3945965],[121.2400693,29.3945053],[121.2400961,29.3943745],[121.2400371,29.3941969],[121.2400183,29.3940169],[121.2400103,29.393851],[121.2400585,29.3937178],[121.240131,29.3936383],[121.2402543,29.3934701],[121.2403992,29.3932107],[121.2405145,29.3930004],[121.2406245,29.3927503],[121.2406996,29.3925633],[121.2408096,29.3923764],[121.2409544,29.3921871],[121.2411502,29.391916],[121.2412709,29.391722],[121.241346,29.3915421],[121.2413648,29.3913645],[121.2413353,29.3911518],[121.2412333,29.3908714],[121.2412092,29.3907428],[121.241236,29.3906587],[121.241354,29.3904016],[121.2414882,29.3901259],[121.2415418,29.3898828],[121.2416813,29.3895416],[121.2418181,29.3892472],[121.2419173,29.3891116],[121.2421855,29.3887681],[121.242384,29.3884643],[121.2424806,29.3882843],[121.2425718,29.3881394],[121.2426683,29.3880342],[121.2428346,29.3879197],[121.2429956,29.3878519],[121.2433362,29.3876813],[121.2434542,29.3875902],[121.2435213,29.387485],[121.2435508,29.3873705],[121.2435159,29.387228],[121.2433067,29.386861],[121.2432933,29.3867348],[121.2433442,29.3866343],[121.2434328,29.3865385],[121.2435776,29.386438],[121.2437788,29.3863515],[121.2440094,29.3862744],[121.2442911,29.3861622],[121.2445271,29.3860501],[121.2447256,29.3859379],[121.2449348,29.3858467],[121.2451011,29.3858163],[121.245423,29.3857906],[121.2456778,29.3857719],[121.2459084,29.3857229],[121.2461767,29.3855873],[121.2462813,29.3854494],[121.246292,29.3852928],[121.2462464,29.3850942],[121.2461311,29.384767],[121.2460184,29.3844889],[121.2459084,29.3843183],[121.2458199,29.3842318],[121.2457395,29.3841617],[121.2456644,29.3840612],[121.2455893,29.3839186],[121.2454632,29.3834442],[121.245439,29.3832362],[121.2454578,29.3830539],[121.2455517,29.3827337],[121.2455732,29.3824252],[121.2455544,29.3822616],[121.2454846,29.382105],[121.2454203,29.3819343],[121.2453935,29.3817824],[121.2453908,29.3816352],[121.2454069,29.3815534],[121.2454498,29.381509],[121.245549,29.3814903],[121.2457207,29.381509],[121.2458414,29.3814716],[121.2460265,29.3813945],[121.2462142,29.3813454],[121.2463027,29.3812612],[121.2464771,29.3810252],[121.2465817,29.3808849],[121.2466139,29.3807634],[121.2466192,29.3805694],[121.2466353,29.3804128],[121.246697,29.3802913],[121.2468123,29.3801674],[121.2469625,29.3800108],[121.2470779,29.3798355],[121.2473193,29.379527],[121.2475392,29.3792793],[121.2477431,29.3791086],[121.2480301,29.3788586],[121.2482285,29.3786552],[121.2483922,29.3784752],[121.2484016,29.3784591],[121.2485236,29.3782509],[121.2485638,29.3780288],[121.2485129,29.3778489],[121.2483788,29.3776549],[121.248242,29.3774772],[121.2482044,29.3773136],[121.2481749,29.3770168],[121.2480998,29.3764815],[121.2480086,29.3760842],[121.2479603,29.3756681],[121.2479442,29.3753175],[121.2479603,29.3749155],[121.2480193,29.3745743],[121.2481373,29.3742657],[121.2482294,29.3740919],[121.2482661,29.3740226],[121.2484002,29.3739058],[121.2485397,29.373859],[121.2486148,29.3739198],[121.2487274,29.374032],[121.2488347,29.3741442],[121.2489796,29.3741956],[121.2491137,29.3742096],[121.2492746,29.3741863],[121.2494731,29.3740881],[121.2496179,29.3739432],[121.2496757,29.3738871]]},"properties":{"osmId":545674326,"kind":"river","name":null}},{"type":"Feature","geometry":{"type":"LineString","coordinates":[[121.400924,29.1919144],[121.4010662,29.1920431],[121.4011976,29.1921485],[121.4012861,29.192207],[121.4014122,29.1923077],[121.4015168,29.1923475],[121.4016187,29.1923358],[121.4019218,29.192275],[121.4021337,29.1922164],[121.4023402,29.1921181],[121.4024314,29.192104],[121.4025494,29.1921204]]},"properties":{"osmId":545789767,"kind":"stream","name":null}},{"type":"Feature","geometry":{"type":"LineString","coordinates":[[121.390733,29.2135936],[121.3908295,29.213576],[121.3909167,29.2135374],[121.3909529,29.2134871],[121.3909663,29.213418],[121.3909449,29.2133337],[121.3909288,29.2132635],[121.3909261,29.2131394],[121.3909596,29.2130903],[121.3909918,29.213054],[121.3910642,29.2129943],[121.391138,29.212965],[121.3913029,29.2128468],[121.3915041,29.2127087],[121.391665,29.2125904],[121.3918287,29.2124874],[121.3919494,29.2124336],[121.3921264,29.2124254],[121.3923772,29.2123634],[121.3926132,29.2123048],[121.3928318,29.2122498],[121.3929364,29.2122369],[121.3929874,29.2122299],[121.3930947,29.212258],[121.3932502,29.2122732],[121.3934045,29.2123154],[121.3935238,29.2123716],[121.3936405,29.2124406],[121.393725,29.2125085],[121.3938484,29.2126466],[121.3939127,29.2127473],[121.3939758,29.2128433],[121.3940187,29.2129053],[121.3940763,29.2129557],[121.3941662,29.2129849],[121.3942748,29.2129931],[121.3943633,29.2129568],[121.3945055,29.2128585],[121.394586,29.2127672],[121.3946141,29.2126876],[121.3946477,29.2125296],[121.3946973,29.2124313],[121.3947844,29.2123107],[121.3949078,29.2121527],[121.3949762,29.2120438],[121.3951103,29.2118811]]},"properties":{"osmId":545789769,"kind":"stream","name":null}},{"type":"Feature","geometry":{"type":"LineString","coordinates":[[121.4201488,29.228457],[121.4204948,29.2284067],[121.4207549,29.228409],[121.4209735,29.2284032],[121.4210902,29.2283891],[121.421231,29.2284137],[121.4213531,29.2284172],[121.4214885,29.2283727],[121.421687,29.2283072],[121.421746,29.2282826],[121.4218023,29.228285],[121.4219163,29.2283119],[121.4219861,29.2283224],[121.4220585,29.2283072],[121.4222449,29.2282346],[121.4223562,29.2281995],[121.4225145,29.2281691],[121.4226365,29.2281738],[121.422784,29.2282194],[121.4229557,29.2282943],[121.4231676,29.2284301],[121.4232655,29.2284886],[121.4234009,29.2285003],[121.4235444,29.2285225],[121.4236906,29.228574],[121.423822,29.2286501],[121.4239468,29.228684],[121.4242324,29.2287625],[121.4244913,29.2288104],[121.4246897,29.228842],[121.4249244,29.2288701],[121.4251269,29.2289158],[121.4253254,29.2289954],[121.4254944,29.2290609],[121.4256392,29.2290984],[121.4258042,29.22913],[121.4260094,29.2291381],[121.4262347,29.2291557],[121.4263795,29.2291932],[121.4265002,29.2292435],[121.4266223,29.2293418],[121.426814,29.2295056],[121.42692,29.2295864],[121.4270729,29.2296426],[121.4272848,29.2296824],[121.4276361,29.2297374],[121.4278977,29.2297865],[121.4280841,29.2298228],[121.4281833,29.229886],[121.4284033,29.2300791],[121.4285883,29.2302359],[121.4287895,29.2303623],[121.4289772,29.2304723],[121.4291677,29.2305402],[121.4292803,29.2305894],[121.4295351,29.2306924],[121.429739,29.2308094],[121.430077,29.2310341],[121.4302567,29.2311862],[121.430372,29.2313337],[121.4304498,29.2315022],[121.4305463,29.2319306],[121.4305893,29.2321084],[121.4305463,29.2322255],[121.4305249,29.2323121],[121.430541,29.232401],[121.4305946,29.2325157],[121.4307314,29.2328645],[121.4309299,29.2334145],[121.4310184,29.2337328],[121.431123,29.2339669],[121.4312115,29.2340558],[121.4314207,29.2342197],[121.431646,29.2343531],[121.432153,29.2345708],[121.4327055,29.2348142],[121.4329308,29.2349382],[121.4331079,29.2350506],[121.4332715,29.2352378],[121.4334163,29.2353946],[121.4335531,29.235507],[121.4336979,29.2356053],[121.4339983,29.2357317],[121.4342076,29.2358089],[121.4344302,29.2359095],[121.4345804,29.2360125],[121.4346904,29.2361202],[121.4347547,29.2362115],[121.4348379,29.2363823],[121.4349559,29.2367147],[121.4349908,29.2369253],[121.43509,29.2370939],[121.4352778,29.2373419],[121.4356184,29.2377796],[121.4358705,29.2380839],[121.4361227,29.2383156],[121.4363775,29.2385005],[121.4367154,29.2387205],[121.4369863,29.2389031],[121.4371848,29.2390692],[121.4374557,29.2393548],[121.4377239,29.2397222],[121.4379412,29.2400803],[121.4380726,29.2403565],[121.4381397,29.2405671],[121.4381987,29.2407567]]},"properties":{"osmId":545789789,"kind":"river","name":null}},{"type":"Feature","geometry":{"type":"LineString","coordinates":[[121.4381987,29.2407567],[121.4381611,29.2408971],[121.4381236,29.2411546],[121.4381611,29.2416461],[121.4383167,29.2421422],[121.4384991,29.2428069],[121.4386868,29.2432375],[121.4388317,29.243495],[121.4389282,29.2437618],[121.4389765,29.2440145],[121.4388961,29.2446605],[121.4389014,29.2450864],[121.4388961,29.2452502],[121.4388531,29.2453298],[121.4388049,29.2454468],[121.438778,29.2460132],[121.438821,29.2465795],[121.4388746,29.2470476],[121.4389229,29.2475437],[121.4389336,29.2478947],[121.4389819,29.2481147],[121.439116,29.2485079],[121.4391589,29.248784],[121.439116,29.2489993],[121.4390355,29.2491538],[121.4387888,29.2494627],[121.4384347,29.249912],[121.4382791,29.2500993],[121.4379519,29.2507545],[121.4377373,29.2511851],[121.4375898,29.2514285],[121.4373726,29.2518872],[121.4372358,29.2521399],[121.4371929,29.2522592],[121.4371821,29.2525377],[121.4372304,29.252863],[121.4372814,29.2530877],[121.4373672,29.2533264],[121.4375469,29.2536727],[121.4376649,29.2538622],[121.4377695,29.2539863],[121.4379278,29.2541173],[121.4381584,29.254225],[121.4382872,29.2542882],[121.4384025,29.254363],[121.4384535,29.2544613],[121.4384857,29.2545619],[121.4384615,29.2546251],[121.4383569,29.254707],[121.4382443,29.2548053],[121.4381853,29.254913],[121.4381129,29.2551376],[121.4380673,29.2556852],[121.4380092,29.2571772]]},"properties":{"osmId":545789792,"kind":"river","name":null}},{"type":"Feature","geometry":{"type":"LineString","coordinates":[[121.4714125,29.2820218],[121.4712998,29.2816428],[121.4711684,29.2811305],[121.4711469,29.2808918],[121.4711657,29.2807304],[121.4712301,29.2805573],[121.4713266,29.2804099],[121.4714581,29.2802461],[121.4715922,29.2801315],[121.4717987,29.2800005],[121.4721984,29.2797946],[121.4725605,29.2795887],[121.4728662,29.2793735],[121.4730486,29.2792004],[121.4732525,29.2789664],[121.4734054,29.2787909],[121.4735931,29.2786131],[121.4736629,29.2785453],[121.4737004,29.2784634],[121.4737031,29.2783511],[121.4735663,29.277923],[121.473569,29.277813],[121.4736199,29.2776422],[121.4737567,29.2772796],[121.4738479,29.2771439],[121.4739579,29.2770643],[121.4741322,29.2769707],[121.4745694,29.2767415],[121.4746928,29.2767157],[121.4750603,29.2766783],[121.4752883,29.2766385],[121.4766294,29.2764303],[121.4777157,29.2762595],[121.4781314,29.2762174],[121.478287,29.2761753],[121.4783996,29.2761051],[121.4785445,29.2759624],[121.4787376,29.2757214],[121.4788958,29.2755857],[121.4790139,29.2755038],[121.4791641,29.275436],[121.4793438,29.2754126],[121.4795718,29.2754219],[121.479722,29.2754523],[121.4798668,29.2755202],[121.4800706,29.2755904],[121.4802799,29.2756348],[121.4804971,29.2756886],[121.4806661,29.2757658],[121.4808458,29.2758571],[121.4811891,29.2759764],[121.482152,29.2762923],[121.4826375,29.2764397],[121.4829084,29.2764958],[121.4831445,29.2765332],[121.4833161,29.2765917],[121.483646,29.2766479],[121.4840484,29.2766526],[121.4843488,29.2766689],[121.484668,29.2766994],[121.4848396,29.2767602],[121.4849737,29.2768912],[121.4850435,29.2769567],[121.48514,29.2770058],[121.4852741,29.2770246],[121.4854538,29.2770246],[121.4856711,29.2770596],[121.485883,29.2771064],[121.4860439,29.2770901],[121.4862022,29.2770035],[121.4864248,29.276828],[121.4865401,29.2766596],[121.486626,29.2764326],[121.4867789,29.2759343],[121.4867842,29.2756559],[121.4867601,29.275216],[121.4866563,29.274316]]},"properties":{"osmId":545789815,"kind":"river","name":null}},{"type":"Feature","geometry":{"type":"LineString","coordinates":[[121.4587025,29.2894374],[121.4587692,29.2885789],[121.45954,29.2878251],[121.4613586,29.2868443],[121.4626933,29.286076],[121.4632371,29.2858445],[121.4634034,29.2857673],[121.4635402,29.2857392],[121.4637065,29.2857018],[121.4638138,29.285669],[121.4643878,29.2853813],[121.4646909,29.2851894],[121.4648491,29.2850842],[121.4650181,29.2849298],[121.4650865,29.2848397],[121.4651763,29.2846771],[121.46523,29.2845321],[121.4653802,29.2842537],[121.4654741,29.284118],[121.4656001,29.2839659],[121.4657932,29.2838185],[121.4659542,29.2836805],[121.4660266,29.283608],[121.4661446,29.283484],[121.4662036,29.283381],[121.4662814,29.2832009],[121.4663538,29.283105],[121.4664772,29.282995],[121.466614,29.2828921],[121.4667588,29.2827892],[121.4669949,29.2826698],[121.4674133,29.2825014],[121.467652,29.2824008],[121.4678183,29.2823259],[121.4679283,29.2823142],[121.4680383,29.282333],[121.4680973,29.2823704],[121.4682797,29.2824967],[121.4683279,29.2825201],[121.4684057,29.2825318],[121.4685291,29.2825131],[121.4689019,29.2823915],[121.4693016,29.2822862],[121.4696529,29.2822043],[121.4698809,29.2821458],[121.4700258,29.2821481],[121.4701653,29.2822113],[121.4703771,29.2824102],[121.4704978,29.2825061],[121.4705971,29.2825365],[121.4706561,29.2825435],[121.4707661,29.2824827],[121.4711013,29.2822394],[121.4714125,29.2820218]]},"properties":{"osmId":545789816,"kind":"stream","name":null}},{"type":"Feature","geometry":{"type":"LineString","coordinates":[[121.3645962,29.1862242],[121.3644192,29.1858262],[121.3642716,29.1855615],[121.3641778,29.1854328],[121.3640732,29.1853321],[121.3639846,29.1852595],[121.3638747,29.185222],[121.3637003,29.185215],[121.3635877,29.1852548],[121.3634294,29.1853438],[121.3632819,29.1853953],[121.363019,29.1854468],[121.3627401,29.1854351],[121.3623431,29.1853789],[121.3621956,29.1853297],[121.3620803,29.1852384],[121.3620105,29.1851026],[121.3619864,29.1848918],[121.3619462,29.184756],[121.3619569,29.1846413],[121.3620213,29.1844633],[121.362083,29.1843345],[121.3621071,29.1842127],[121.3620642,29.1840699],[121.3619462,29.183913],[121.3617772,29.1838053],[121.3615197,29.1837139],[121.3611871,29.1836858],[121.3609967,29.1836601],[121.3608357,29.1836296],[121.3606963,29.18355],[121.3605997,29.1834236],[121.3605702,29.1833229],[121.3605702,29.1832222],[121.3605487,29.1830231],[121.3604844,29.1828592],[121.3603315,29.1826344],[121.3601652,29.1825056],[121.360015,29.1824424],[121.3598621,29.1824143],[121.3596556,29.1824026],[121.3594705,29.1823674],[121.3592908,29.1823323],[121.3591298,29.1823042],[121.3589233,29.1822035],[121.3586739,29.1819881],[121.3585049,29.1817937],[121.3584432,29.1816204],[121.3584271,29.181501],[121.3584459,29.1812317],[121.3584486,29.180871],[121.3584244,29.1807095],[121.3583815,29.1806298],[121.3583091,29.1805947],[121.3582018,29.18059],[121.358006,29.1806556],[121.3578021,29.180761],[121.3575929,29.1809202],[121.3573971,29.1810748],[121.3571906,29.1811848],[121.3569385,29.1812832],[121.3566783,29.1813675],[121.3565281,29.1813675],[121.3564101,29.1813183],[121.3563296,29.1812246],[121.3562947,29.181049],[121.3562599,29.1807188],[121.3562196,29.1801732],[121.3561526,29.1797704],[121.3561311,29.1794449],[121.356107,29.1792411],[121.3560614,29.1791545],[121.3559997,29.1790936],[121.355938,29.1790632],[121.3558495,29.1790749],[121.3557127,29.1791709],[121.3554874,29.1793044],[121.3552165,29.1794215],[121.3549402,29.1795362],[121.3547525,29.1796346],[121.3545781,29.1797376],[121.3544226,29.1798055],[121.354318,29.1798547],[121.3542455,29.1798524],[121.3541731,29.1798172],[121.3541195,29.1797423],[121.3541168,29.179658],[121.3540927,29.1795456],[121.3540417,29.1793699],[121.3539827,29.1791194],[121.3539907,29.1789554],[121.3540471,29.1787493],[121.3541409,29.1786088],[121.3542831,29.1784332],[121.3544387,29.178199],[121.3545299,29.1779625],[121.3545755,29.1777751],[121.3546452,29.1775269],[121.3547042,29.1772412],[121.3548169,29.1769836],[121.3549107,29.1767752],[121.354951,29.176644],[121.3549188,29.1765386],[121.3547417,29.1763208],[121.354562,29.1761663],[121.3544574,29.176096],[121.3542402,29.1759695],[121.3540417,29.1758688],[121.3539371,29.1757916],[121.3538486,29.1756604],[121.3538271,29.1755316],[121.3538164,29.1752693],[121.3538754,29.1751054],[121.3539398,29.1748361],[121.3539827,29.1745082],[121.35398,29.1742248],[121.3539317,29.1740702],[121.3537896,29.1739719],[121.3534784,29.1738524],[121.3530976,29.173747],[121.3527355,29.1736018],[121.3525799,29.1735152],[121.3524136,29.1733349],[121.3523465,29.1731569],[121.35225,29.1729297],[121.3521132,29.1726229],[121.3518664,29.1722693],[121.3517377,29.1720351],[121.3515687,29.1716908],[121.351499,29.1714964],[121.3514614,29.1712763],[121.351499,29.1711217],[121.3515794,29.1709601],[121.3516679,29.1707751],[121.3517189,29.1706158],[121.3517645,29.1704261],[121.3517565,29.1702036],[121.3517377,29.1699858],[121.3516733,29.1697844],[121.3516155,29.1697175],[121.3514295,29.1695021]]},"properties":{"osmId":545809968,"kind":"river","name":null}},{"type":"Feature","geometry":{"type":"LineString","coordinates":[[121.3886864,29.2013199],[121.3888179,29.2013761],[121.3888822,29.2013937],[121.3889386,29.2013995],[121.3890848,29.2014182],[121.3892162,29.2014452],[121.3892739,29.2014639],[121.3893047,29.2014967],[121.3893315,29.2015412],[121.389357,29.2015739],[121.3894026,29.2015985],[121.3895434,29.2016383],[121.3895984,29.2016793],[121.3896561,29.2017273],[121.3897017,29.2017706],[121.389762,29.2018678],[121.389813,29.2019743],[121.3898934,29.2020633],[121.3899833,29.2021089]]},"properties":{"osmId":545809969,"kind":"stream","name":null}},{"type":"Feature","geometry":{"type":"LineString","coordinates":[[121.7395801,29.2426291],[121.7386126,29.2426497],[121.7372982,29.2426382],[121.7368295,29.2428233],[121.7364748,29.2427998],[121.7358765,29.242626],[121.7344897,29.2431181],[121.7332594,29.2438981],[121.7314215,29.2447806],[121.7296261,29.2453308],[121.7282568,29.2456733],[121.7267653,29.2461603],[121.7249076,29.2470126],[121.7234161,29.2472561],[121.7228056,29.2472561],[121.7220207,29.2471724],[121.7210525,29.247005],[121.720224,29.2466473],[121.7192035,29.2460918],[121.7180958,29.2453993],[121.7176859,29.2449351],[121.717199,29.2431742],[121.717042,29.2426795],[121.716606,29.2422229],[121.7163356,29.2417815],[121.7159344,29.2412944],[121.714975,29.2407769],[121.7143993,29.2405943],[121.7139371,29.2404649],[121.7134835,29.2403888],[121.7113412,29.2403324],[121.7093676,29.2403378],[121.7085844,29.2404239],[121.7070549,29.2406499],[121.7066047,29.2407683],[121.7058708,29.2409082],[121.7052972,29.2408974],[121.7050506,29.2409943],[121.7027363,29.2420288],[121.7023355,29.2421876],[121.7015769,29.2424136],[121.7012593,29.2424432],[121.7001535,29.2423979],[121.699031,29.2423441],[121.6983711,29.2422903],[121.6974152,29.2425163],[121.6967121,29.2429898],[121.6963075,29.243713],[121.6959717,29.2440897],[121.6957406,29.2443066],[121.6954833,29.2444854],[121.6953786,29.2446909],[121.6952304,29.244885],[121.6943582,29.2452426],[121.6937651,29.2455737],[121.693291,29.2456668],[121.6926866,29.2456991],[121.6915518,29.2455269],[121.6909438,29.2453009],[121.6906908,29.2450422],[121.6896791,29.2446845],[121.6884493,29.2442126],[121.6875866,29.2441297],[121.6863846,29.2444949],[121.6859572,29.2445958],[121.6846661,29.2454582],[121.6841141,29.2458622],[121.6835977,29.246094],[121.6828084,29.2464778]]},"properties":{"osmId":573534444,"kind":"river","name":null}},{"type":"Feature","geometry":{"type":"LineString","coordinates":[[121.6887871,29.2695101],[121.6885665,29.2693946],[121.6883238,29.269231],[121.688048,29.2689135],[121.6881694,29.2686633],[121.6881473,29.2684035],[121.6880811,29.2681629],[121.6875847,29.2679801],[121.6874524,29.2677877],[121.687662,29.2673354],[121.6874634,29.2668639],[121.6873752,29.2666041],[121.687695,29.2662673],[121.6878384,29.2659883],[121.6880811,29.2655938],[121.6880811,29.2653628],[121.6875517,29.2646122],[121.6872318,29.2642273],[121.6870884,29.2638713],[121.6870001,29.2634383],[121.6869009,29.2632073],[121.6867575,29.2630437],[121.6865148,29.2629283],[121.686217,29.2627743],[121.6860074,29.2626011],[121.6857206,29.2622643],[121.6855993,29.262043],[121.6855441,29.2618216],[121.6855662,29.2616099],[121.6856434,29.2614848],[121.685864,29.2612635],[121.6869119,29.2603686],[121.6871325,29.2601761],[121.687309,29.2599163],[121.687331,29.2595987],[121.6873808,29.2593381],[121.6873972,29.2592523],[121.6874965,29.2587711],[121.6874193,29.2586075],[121.6872097,29.2582226],[121.6871876,29.2579916],[121.687298,29.2578473],[121.6877833,29.2574239],[121.6880149,29.2571833],[121.6882135,29.2568561],[121.6885665,29.2564423],[121.6887981,29.2561921],[121.6887871,29.2558841],[121.6886326,29.2556532],[121.6883458,29.2554992],[121.6881032,29.2552778],[121.6877612,29.254941],[121.6874965,29.2544213],[121.6871656,29.253892],[121.6868347,29.2534397],[121.6866913,29.2532472],[121.6863273,29.2527757],[121.6861177,29.2498789],[121.6861067,29.2496575],[121.6861949,29.2494843],[121.6863493,29.2490705],[121.6863383,29.2488106],[121.686228,29.2486181],[121.6859302,29.248493],[121.685522,29.2483679],[121.6848382,29.248108],[121.684419,29.2479829],[121.684044,29.2478963],[121.6838123,29.2478193],[121.683702,29.2476461],[121.6828084,29.2464778]]},"properties":{"osmId":573534450,"kind":"stream","name":null}},{"type":"Feature","geometry":{"type":"LineString","coordinates":[[121.6857206,29.2622643],[121.685489,29.2620237],[121.6851249,29.2612154],[121.6850036,29.2608305],[121.6849485,29.2606188],[121.6850257,29.260484],[121.6853014,29.2599644],[121.6854669,29.2597238],[121.6856875,29.2595795],[121.6858861,29.2593678],[121.6861177,29.258877]]},"properties":{"osmId":573534455,"kind":"stream","name":null}},{"type":"Feature","geometry":{"type":"LineString","coordinates":[[121.6774367,29.2553067],[121.6773374,29.2551912],[121.6770176,29.2546908],[121.6768521,29.2543925],[121.6761572,29.2541711],[121.6745026,29.2536418],[121.6731238,29.2531799],[121.6720097,29.2519673],[121.6710611,29.2513995],[121.6701566,29.2505622],[121.6700017,29.2501506],[121.6699139,29.2499174],[121.6698699,29.2498095]]},"properties":{"osmId":573534457,"kind":"river","name":null}},{"type":"Feature","geometry":{"type":"LineString","coordinates":[[121.6865148,29.2590598],[121.6865479,29.2584536],[121.6866913,29.2577126],[121.6868457,29.2567502],[121.6870663,29.256423],[121.6871876,29.2562209],[121.6870994,29.255836],[121.686945,29.2556339],[121.6865258,29.2554222],[121.6863273,29.2551912],[121.6861949,29.2548448],[121.6872207,29.2544213],[121.6871656,29.2542289],[121.6866692,29.2537958],[121.6862611,29.2537573],[121.6859633,29.2536899],[121.6856213,29.2531606],[121.6851801,29.2533339],[121.6843859,29.2527372],[121.6835255,29.2525255],[121.6830292,29.2523619],[121.6824225,29.2524196],[121.6820364,29.2519384],[121.6808231,29.2508509],[121.6805694,29.2508798],[121.6801281,29.2517267],[121.6798083,29.2525543],[121.6795877,29.2535167],[121.6796428,29.2541519],[121.6797322,29.2544939]]},"properties":{"osmId":573534465,"kind":"stream","name":null}},{"type":"Feature","geometry":{"type":"LineString","coordinates":[[121.1503574,29.2609383],[121.1509347,29.2610694],[121.1518759,29.2612212],[121.1525718,29.2609659],[121.1529356,29.2610418],[121.1529435,29.2614281],[121.1525639,29.2619732],[121.1520498,29.26247],[121.1519075,29.2628563],[121.1519075,29.2632082],[121.1522871,29.2635877],[121.1529831,29.2637463],[121.1532987,29.2636643],[121.1534026,29.2634811],[121.1533597,29.2628634],[121.1536747,29.2623914],[121.1541751,29.2623767],[121.1544325,29.2625639],[121.1547544,29.2632752],[121.1553767,29.2636496],[121.1553552,29.264024],[121.1549904,29.2645294],[121.1550763,29.2647727],[121.1555054,29.2649038],[121.1562779,29.2645668],[121.1566212,29.2643422],[121.1571148,29.264623],[121.1576727,29.2649973],[121.1579516,29.2657835],[121.158252,29.2661579],[121.1586168,29.2663264],[121.1589387,29.2661392],[121.1591318,29.2658771],[121.1596682,29.265222],[121.1604192,29.2651658],[121.1612132,29.2650348],[121.1614707,29.2651658],[121.161814,29.2657461],[121.1615136,29.2661392],[121.1613419,29.266682],[121.1615136,29.2669628],[121.1618784,29.2668879],[121.1626938,29.2664761],[121.16308,29.2664761],[121.1631444,29.2663264],[121.1631444,29.2658584],[121.1636808,29.2653343],[121.1641529,29.2651658],[121.164582,29.2653904],[121.1653545,29.2661766],[121.1661914,29.2663825],[121.1667922,29.2663077],[121.1674144,29.265952],[121.1679723,29.2659707],[121.168659,29.2664761],[121.1690667,29.2665323],[121.1697319,29.2662515],[121.1702254,29.2658771],[121.1706545,29.2658023],[121.1713197,29.2652594],[121.1714914,29.2642673],[121.1718562,29.2638742],[121.1724355,29.264155],[121.173034,29.2642116],[121.1734558,29.2639327],[121.1735585,29.2636446],[121.1733414,29.2633521],[121.1733762,29.2628569],[121.1740051,29.2625843],[121.1743375,29.262713],[121.1745622,29.2628507],[121.1748274,29.2629175],[121.1752458,29.2627041]]},"properties":{"osmId":574666598,"kind":"stream","name":null}},{"type":"Feature","geometry":{"type":"LineString","coordinates":[[121.1739376,29.2935772],[121.173723,29.2932778],[121.1738303,29.2930158],[121.1739805,29.2925667],[121.1742809,29.2925293],[121.1748388,29.2926977],[121.1752679,29.2922298],[121.1753538,29.2918556],[121.1751821,29.2915374],[121.1752465,29.2912567],[121.1754396,29.2906953],[121.1756756,29.290583],[121.1764696,29.2906953],[121.1769846,29.2906017],[121.1772635,29.290321],[121.1772635,29.2898157],[121.1774781,29.2891981],[121.1773923,29.2887864],[121.1768129,29.2888613],[121.1763623,29.2891233],[121.1761048,29.289011],[121.1761048,29.2886367],[121.1758258,29.288356],[121.1754611,29.2884121],[121.1749461,29.2882811],[121.1747315,29.2878694],[121.1749246,29.2874577],[121.1752036,29.2873828],[121.1759546,29.2875138],[121.1762335,29.2873641],[121.1763837,29.2870272],[121.1763194,29.2867278],[121.1759546,29.2865219],[121.1753967,29.2863535],[121.1752465,29.2861102],[121.1748931,29.2854999],[121.1745022,29.2853706],[121.1740684,29.2853286],[121.1736604,29.2851853],[121.1736047,29.2849553],[121.1736586,29.2847253],[121.1738975,29.2837846],[121.1737208,29.2835779],[121.1734357,29.2834745],[121.1730167,29.2832542],[121.1728218,29.2828911],[121.1728003,29.282442],[121.1729291,29.2821425],[121.1729001,29.2819164],[121.1726501,29.2815249],[121.1723926,29.2810383],[121.1723712,29.2806265],[121.1723254,29.2801723],[121.1720627,29.2799573],[121.1718776,29.2795784],[121.1719249,29.279116],[121.1719489,29.2788631],[121.1718895,29.2787013],[121.1717093,29.278506],[121.1715254,29.2782174],[121.1715002,29.2779357]]},"properties":{"osmId":574666599,"kind":"stream","name":"山井坑"}},{"type":"Feature","geometry":{"type":"LineString","coordinates":[[121.6825935,29.3903619],[121.6826498,29.3900698],[121.6828269,29.3898221],[121.6831326,29.3897052],[121.6835403,29.3896725],[121.6838676,29.3895112],[121.6840097,29.389343],[121.6847903,29.3882048],[121.6849136,29.3869989],[121.6849834,29.3858164],[121.6852194,29.3855499],[121.6856325,29.3854377],[121.6867483,29.3848955],[121.6872686,29.384386],[121.6874242,29.3839794],[121.6881591,29.3822826],[121.6886955,29.3816562],[121.6887921,29.3814646],[121.6889906,29.3802025],[121.6896129,29.3787207],[121.6896933,29.3779727],[121.6896021,29.3769957],[121.6896719,29.375958],[121.6903853,29.3748033],[121.6911256,29.3737235],[121.6912061,29.3729895],[121.6912115,29.3725875]]},"properties":{"osmId":576072751,"kind":"river","name":null}},{"type":"Feature","geometry":{"type":"LineString","coordinates":[[121.6722321,29.4038712],[121.6725433,29.4033384],[121.6732728,29.4031048],[121.6741848,29.4024318],[121.6753542,29.4017588],[121.6762716,29.4012541],[121.6766417,29.4012307],[121.6769797,29.4012214],[121.6774464,29.4008896],[121.6775644,29.4007587],[121.6776878,29.4003194],[121.6778916,29.4002446],[121.6780579,29.4001511],[121.6781625,29.3998637],[121.6781652,29.3996791],[121.6782671,29.3994945],[121.6782269,29.3991229],[121.6783798,29.398499],[121.6785461,29.3983471],[121.6793776,29.3977162],[121.6796189,29.3975339],[121.6796243,29.3973049],[121.6794795,29.3969544],[121.6794956,29.3966926],[121.6794795,29.3962066],[121.6795063,29.3955429],[121.67934,29.3952578],[121.6792059,29.3949073],[121.6793346,29.3946315],[121.6794687,29.3945708],[121.6798013,29.3946362],[121.6800535,29.3946035],[121.6806275,29.3942389],[121.6812068,29.3938837],[121.6815555,29.3934163],[121.6817379,29.3925002],[121.6823012,29.3917758],[121.6827357,29.3913224],[121.6828,29.3911822],[121.6825935,29.3903619]]},"properties":{"osmId":576072752,"kind":"stream","name":null}},{"type":"Feature","geometry":{"type":"LineString","coordinates":[[121.6353947,29.3877748],[121.6355717,29.3870644],[121.6362476,29.384802],[121.6364729,29.3834091],[121.6364086,29.3824742],[121.635502,29.3811233],[121.6349494,29.3800716],[121.6349387,29.3796649],[121.6348046,29.3786505],[121.6341518,29.3764],[121.6340697,29.3761169],[121.63459,29.3751539],[121.6349816,29.3741302],[121.6349843,29.3735598],[121.6349548,29.3734897],[121.6337746,29.3731017],[121.6333348,29.3729147],[121.6333401,29.3716151],[121.6329914,29.3699555],[121.6328788,29.3692449],[121.6330612,29.3689878],[121.6332382,29.3688382],[121.6344559,29.368698],[121.6348743,29.3684642],[121.6355932,29.3660753],[121.6354537,29.3649252],[121.6352177,29.3640743],[121.6351855,29.3632702],[121.6356307,29.3611756],[121.6367412,29.3602032],[121.6385651,29.3595205],[121.639123,29.3590811],[121.638962,29.3584265],[121.635915,29.3562477],[121.6353249,29.3554155],[121.6355073,29.3543027],[121.6355913,29.3522584],[121.6361189,29.3511232],[121.6375673,29.3488881],[121.6391766,29.347663],[121.6415799,29.3414344],[121.6413975,29.3406956],[121.6396165,29.3391524],[121.6374922,29.3381236],[121.6365266,29.3373754],[121.6336298,29.3358134],[121.6333455,29.3353645],[121.6329914,29.3333489],[121.6327769,29.3309357],[121.6332811,29.33044],[121.6348368,29.3298928],[121.6355503,29.3296824],[121.6358775,29.3290229],[121.6359901,29.328153],[121.635164,29.3257397],[121.6352498,29.3251177],[121.6354859,29.3239999],[121.6351587,29.3228447],[121.6344398,29.3214789],[121.6337907,29.3205856],[121.6332596,29.3192386],[121.6324282,29.317957],[121.6313446,29.3168952],[121.6301644,29.3158194],[121.6299176,29.3153423],[121.6287214,29.3107256],[121.6281742,29.3093504],[121.6280562,29.3083821],[121.6282654,29.3067402],[121.6289681,29.301819],[121.6293222,29.3014166],[121.6301161,29.3006494],[121.6302717,29.3001489],[121.6307867,29.2993817],[121.6312265,29.2990121],[121.6322082,29.2989793],[121.6329646,29.2990027],[121.6342521,29.2984179],[121.6352445,29.2974683],[121.6359633,29.296556]]},"properties":{"osmId":576072759,"kind":"river","name":null}},{"type":"Feature","geometry":{"type":"LineString","coordinates":[[121.6510534,29.3935238],[121.6501307,29.3931125],[121.6489828,29.392533],[121.6482103,29.3919441],[121.6474593,29.3915421],[121.6469765,29.3911308],[121.6469335,29.3906914],[121.6464293,29.3904484],[121.6450989,29.390196],[121.6447127,29.3902053],[121.6442621,29.390168],[121.6437578,29.3899716],[121.6425133,29.3895603],[121.6420734,29.389551],[121.641612,29.3893453],[121.6413009,29.3894201],[121.6408718,29.389336],[121.6404533,29.3892051],[121.6400456,29.3892986],[121.6391551,29.389551],[121.6385865,29.3895697],[121.6380072,29.3893547],[121.6378677,29.3892612],[121.6375171,29.3885437],[121.6369031,29.3883309],[121.6365051,29.3882983],[121.6356522,29.3879945],[121.6353947,29.3877748]]},"properties":{"osmId":576072760,"kind":"stream","name":null}},{"type":"Feature","geometry":{"type":"LineString","coordinates":[[121.6719961,29.3920375],[121.6730368,29.3912149],[121.67382,29.3906634],[121.674689,29.390383],[121.6756225,29.3900932],[121.6767919,29.3901119],[121.6771674,29.3903082],[121.6773927,29.3905512],[121.6778326,29.3905232],[121.6780901,29.3901586],[121.6782296,29.3901212],[121.6788304,29.390224],[121.6799247,29.390411],[121.6805953,29.390626],[121.6809547,29.39064],[121.6810727,29.3905606],[121.6810727,29.3904624],[121.6810727,29.3901913],[121.6812444,29.3900698],[121.6814107,29.3900417],[121.6816091,29.3901399],[121.6817647,29.3903643],[121.6820168,29.390439],[121.6823387,29.3904367],[121.6825935,29.3903619]]},"properties":{"osmId":576072761,"kind":"stream","name":null}},{"type":"Feature","geometry":{"type":"LineString","coordinates":[[121.6955954,29.4047186],[121.6957712,29.4042731],[121.6955561,29.4039546],[121.6956961,29.4036208],[121.6960891,29.4034261],[121.6963224,29.4019923],[121.6969733,29.401789],[121.6971256,29.4013845],[121.6972264,29.4007959],[121.6977668,29.400278],[121.6988843,29.399743],[121.6994394,29.398904],[121.6992724,29.3984652],[121.6995058,29.3979067],[121.6998006,29.3974229],[121.6998546,29.3970249],[121.7001052,29.3961923],[121.7002722,29.3951352],[121.7003924,29.394643],[121.7008363,29.3944467],[121.7015881,29.3939203],[121.7015935,29.3936281],[121.7015178,29.3930373],[121.7016837,29.3929839],[121.7021543,29.3926242],[121.7027636,29.3925958],[121.7029619,29.3921921],[121.703162,29.3916361],[121.7036344,29.3915183],[121.7039283,29.3913188],[121.70437,29.3911413],[121.7050732,29.3905161],[121.7052427,29.3903951],[121.7055654,29.389908],[121.7060557,29.3895577],[121.7065208,29.3888083],[121.7067227,29.3885365],[121.7071664,29.3880416],[121.7072319,29.387792],[121.7072112,29.3868307]]},"properties":{"osmId":588850197,"kind":"stream","name":null}},{"type":"Feature","geometry":{"type":"LineString","coordinates":[[121.7142579,29.3987723],[121.7142466,29.398509],[121.7142659,29.3982921],[121.7141302,29.3981006],[121.7141156,29.3977965],[121.7144793,29.3975641],[121.7151225,29.3974501],[121.7157367,29.3971457],[121.7160292,29.3967542],[121.7163428,29.3962737],[121.71638,29.3959822],[121.7162701,29.3957427],[121.7161311,29.3955244],[121.7164285,29.3953962],[121.716742,29.3954145],[121.7169538,29.3951892],[121.717012,29.3948329],[121.7170024,29.3945588],[121.7168514,29.3943816],[121.716346,29.394279],[121.7160301,29.3939812],[121.7159382,29.3936322],[121.7158004,29.3932557],[121.7154945,29.3930256],[121.7152992,29.3929042],[121.7151556,29.3926528],[121.7150006,29.3925925],[121.7149145,29.392346],[121.7147192,29.3916665],[121.7143473,29.391574],[121.7141779,29.3914663],[121.7140644,29.3912423],[121.7137643,29.3908741],[121.7134513,29.3907377],[121.7130535,29.3908065],[121.712887,29.3906912],[121.7126616,29.3907613],[121.7123628,29.3905822],[121.7119908,29.389989],[121.7116892,29.3898698],[121.711122,29.3899636],[121.7109654,29.3898335],[121.7107343,29.3892943],[121.7106597,29.3887688],[121.7103481,29.3887451],[121.7099732,29.3883759],[121.7095553,29.3880281],[121.7089867,29.3877904],[121.7088244,29.387579],[121.7086349,29.3867317],[121.7083348,29.3865239],[121.7078522,29.3865965],[121.707499,29.3867691],[121.7073615,29.3868155],[121.7072112,29.3868307],[121.7071363,29.3868382],[121.7062679,29.3866144],[121.7060245,29.3863272],[121.705905,29.3859228],[121.7058565,29.3852182],[121.7058481,29.3844361],[121.7051984,29.3837259],[121.7049605,29.3829795],[121.7050421,29.3827336],[121.7054253,29.3825938],[121.7059342,29.382431],[121.706536,29.3822369],[121.7072897,29.3819415],[121.7073976,29.3817728],[121.7072995,29.3815741],[121.7071363,29.3811704],[121.7065395,29.3802231],[121.7053823,29.3795392],[121.7045694,29.3789374],[121.703252,29.3775365],[121.7029456,29.3772572],[121.7013454,29.3772654],[121.6996369,29.377015],[121.6984397,29.3768956],[121.6974264,29.3770066],[121.6966628,29.3769284],[121.6957293,29.3760245],[121.6923504,29.373314],[121.6912115,29.3725875]]},"properties":{"osmId":588850198,"kind":"river","name":null}},{"type":"Feature","geometry":{"type":"Polygon","coordinates":[[[121.7464864,29.2671276],[121.7467225,29.2671065],[121.746988,29.2672516],[121.7472348,29.2674388],[121.7478007,29.2676353],[121.7482352,29.2681454],[121.7482674,29.2682951],[121.7482728,29.2684496],[121.7482728,29.2686321],[121.7481011,29.2688567],[121.7477256,29.2688567],[121.7474306,29.268721],[121.7474252,29.2683513],[121.7471194,29.268005],[121.7468888,29.2679255],[121.7464113,29.2679208],[121.7460304,29.2677991],[121.745671,29.2678646],[121.7455316,29.2680471],[121.7455369,29.2681548],[121.7453867,29.2681782],[121.7454886,29.2683185],[121.745612,29.2685946],[121.745773,29.2691843],[121.7454712,29.269093],[121.7451721,29.2684309],[121.7451668,29.268136],[121.7452258,29.2678974],[121.745156,29.2678038],[121.7446732,29.2676026],[121.7446357,29.2675043],[121.7445767,29.2673499],[121.7444104,29.2673499],[121.7443728,29.2674715],[121.7435628,29.2673311],[121.7433643,29.2673779],[121.7419749,29.2671112],[121.7420286,29.2666105],[121.7427528,29.2666853],[121.7456067,29.2669615],[121.74595,29.2669381],[121.7462397,29.2670597],[121.7462879,29.267144],[121.746186,29.2671674],[121.7461002,29.2672797],[121.7460948,29.267392],[121.7461324,29.2674481],[121.7464703,29.2675183],[121.7466634,29.2673873],[121.7466527,29.267275],[121.7465132,29.2672001],[121.7464489,29.2671627],[121.7464864,29.2671276]]]},"properties":{"osmId":687812721,"kind":"water","name":null}},{"type":"Feature","geometry":{"type":"Polygon","coordinates":[[[121.7492545,29.2691],[121.7496085,29.269437],[121.7498606,29.2693574],[121.7500377,29.2693902],[121.7500699,29.2694557],[121.7499036,29.2695212],[121.7498821,29.2699096],[121.7502254,29.2703074],[121.7506975,29.270649],[121.7511213,29.2708127],[121.7512983,29.2708127],[121.75147,29.2706724],[121.7515343,29.2708736],[121.751706,29.2710233],[121.7520601,29.2710654],[121.7525375,29.270897],[121.7529505,29.2707425],[121.753267,29.2706583],[121.7537552,29.270546],[121.7540073,29.2703822],[121.7548656,29.2701155],[121.7552197,29.2700687],[121.7557561,29.2700827],[121.7559439,29.2699891],[121.7564052,29.2698862],[121.7565662,29.269919],[121.7565876,29.2700359],[121.7564964,29.2700968],[121.756314,29.2701342],[121.756196,29.2702793],[121.755622,29.2704477],[121.7553323,29.2704711],[121.7545062,29.2707285],[121.7541951,29.2707379],[121.7537659,29.2710561],[121.7534441,29.2710467],[121.7533529,29.2714023],[121.7535031,29.2715708],[121.7539751,29.2720013],[121.7545921,29.2724365],[121.7548603,29.2726705],[121.7547476,29.2727477],[121.7551741,29.2729325],[121.7554933,29.2729091],[121.7555362,29.2730308],[121.75515,29.2731384],[121.7552036,29.27348],[121.7552412,29.2736063],[121.7547798,29.273845],[121.7545545,29.273466],[121.7546833,29.2731992],[121.7546511,29.2729419],[121.7543936,29.2727313],[121.7538249,29.272357],[121.7535138,29.2723289],[121.7533904,29.272268],[121.7531329,29.2719171],[121.7528218,29.2717907],[121.7526823,29.2716129],[121.7524195,29.2715848],[121.7523766,29.2716457],[121.7522478,29.2717954],[121.7520815,29.2718235],[121.7519367,29.2717159],[121.7518777,29.2716504],[121.7514431,29.271524],[121.7510837,29.2714023],[121.7509818,29.2713883],[121.7500484,29.2708782],[121.7493188,29.2704852],[121.749174,29.270319],[121.7486,29.2696709],[121.7482728,29.2694884],[121.7481869,29.2693808],[121.7481011,29.2692077],[121.7482379,29.2688801],[121.7485705,29.2685361],[121.748769,29.2685034],[121.7489621,29.268487],[121.7492464,29.2686204],[121.7493591,29.2685595],[121.7496407,29.2683045],[121.7498606,29.2682109],[121.7499089,29.2681126],[121.7499733,29.2679442],[121.7500699,29.2677757],[121.7501557,29.2678272],[121.7499518,29.2682998],[121.7497265,29.2684917],[121.7496031,29.2686414],[121.7496031,29.2688473],[121.7495817,29.2689737],[121.7494637,29.2690439],[121.7492384,29.2690111],[121.7492357,29.2690743],[121.7492545,29.2691]]]},"properties":{"osmId":687812722,"kind":"water","name":null}},{"type":"Feature","geometry":{"type":"Polygon","coordinates":[[[121.7391264,29.2715053],[121.7394751,29.2715708],[121.7397863,29.2717299],[121.7403281,29.2717486],[121.7403549,29.2718843],[121.7410147,29.2721838],[121.7412615,29.2724037],[121.7413312,29.2725628],[121.7416316,29.2726658],[121.7417067,29.2725441],[121.7419374,29.2725675],[121.7422163,29.2724693],[121.742624,29.2725862],[121.7427152,29.2725956],[121.7429995,29.272488],[121.7431658,29.2725067],[121.743595,29.2726143],[121.7437613,29.2725675],[121.7439973,29.2724646],[121.7442012,29.2725628],[121.7442977,29.2725769],[121.7444855,29.2723616],[121.7445606,29.2722166],[121.744625,29.2720996],[121.7443031,29.271992],[121.7442548,29.2715942],[121.7442763,29.2714023],[121.7440188,29.2709157],[121.743418,29.2709484],[121.7433268,29.2708782],[121.7433214,29.2707519],[121.7433,29.2705413],[121.7431068,29.270312],[121.7427689,29.2702418],[121.7418945,29.2695539],[121.7392659,29.2713462],[121.7390513,29.2714913],[121.7391264,29.2715053]]]},"properties":{"osmId":687812724,"kind":"water","name":null}},{"type":"Feature","geometry":{"type":"Polygon","coordinates":[[[121.7578965,29.2780212],[121.7575371,29.277806],[121.7578536,29.2772889],[121.7578053,29.2772492],[121.7577329,29.2772609],[121.7576095,29.2773498],[121.7576551,29.2772796],[121.757682,29.277193],[121.7575693,29.2771415],[121.7575666,29.2771158],[121.7575318,29.2770784],[121.7574808,29.2771064],[121.7573883,29.2771193],[121.7573708,29.2770854],[121.7573829,29.2769719],[121.7573038,29.2769181],[121.7571455,29.2767391],[121.7568263,29.2765754],[121.7563274,29.2761472],[121.7563543,29.2760489],[121.7558795,29.2754406],[121.7557454,29.2753938],[121.7553645,29.2744346],[121.7552948,29.2736812],[121.7552009,29.2737303],[121.7547771,29.2740064],[121.7549622,29.2746966],[121.7551231,29.274968],[121.7550266,29.2750569],[121.755445,29.2757869],[121.7556408,29.2760677],[121.7556381,29.2762618],[121.7558581,29.2763975],[121.7562282,29.2767812],[121.7564723,29.2769146],[121.756703,29.2772211],[121.7568344,29.2772445],[121.7570141,29.2775205],[121.7571536,29.2775369],[121.757336,29.2777779],[121.757454,29.2779814],[121.7575639,29.278061],[121.7577785,29.2780587],[121.7578965,29.2780212]]]},"properties":{"osmId":687812732,"kind":"water","name":null}},{"type":"Feature","geometry":{"type":"Polygon","coordinates":[[[121.6272501,29.1949161],[121.6270022,29.1947879],[121.6255897,29.194098],[121.6254272,29.1942105],[121.6252582,29.1944829],[121.6251045,29.1948993],[121.6249026,29.1949471],[121.6251189,29.1944405],[121.6253207,29.1940442],[121.6259204,29.1928454],[121.6268284,29.1913725],[121.6268172,29.1912159],[121.6266883,29.1911328],[121.6264921,29.1910643],[121.6265258,29.1910055],[121.6267107,29.1910055],[121.6269069,29.1911279],[121.6270078,29.1912355],[121.627047,29.1913676],[121.626991,29.1914753],[121.6269405,29.1915829],[121.6260009,29.1932503],[121.6259092,29.193413],[121.6256794,29.1940148],[121.6276046,29.1949898],[121.6275683,29.1950472],[121.6272501,29.1949161]]]},"properties":{"osmId":693635100,"kind":"water","name":null}},{"type":"Feature","geometry":{"type":"Polygon","coordinates":[[[121.4329684,29.3338493],[121.4326411,29.3345414],[121.4326894,29.3353224],[121.4330971,29.3362624],[121.4332795,29.3369311],[121.4336443,29.337684],[121.4340305,29.3382779],[121.4343792,29.338942],[121.4346689,29.3395873],[121.434921,29.3404852],[121.4350122,29.3414064],[121.4351571,29.3430103],[121.435377,29.3442214],[121.4356935,29.3449416],[121.4368039,29.3465969],[121.4378983,29.348327],[121.4380431,29.3489349],[121.4373994,29.3490143],[121.4364123,29.3473076],[121.4353663,29.3455681],[121.4348674,29.3445441],[121.4347064,29.3438754],[121.4345187,29.3419535],[121.4343363,29.3405132],[121.4340734,29.3397884],[121.4336711,29.339288],[121.4335102,29.3390074],[121.4330596,29.3384837],[121.4324856,29.3375344],[121.4323193,29.3371135],[121.4321154,29.3362858],[121.4320135,29.335748],[121.4318097,29.3354393],[121.4318311,29.3349342],[121.4318687,29.3345882],[121.4319116,29.334027],[121.4319706,29.3337932],[121.4329684,29.3338493]]]},"properties":{"osmId":738851000,"kind":"water","name":null}},{"type":"Feature","geometry":{"type":"LineString","coordinates":[[121.5761846,29.3808465],[121.575905,29.3800715],[121.5754163,29.3798682],[121.5745686,29.3795735],[121.5736902,29.379351],[121.5731722,29.378941],[121.5727017,29.3785354],[121.5721386,29.3781276],[121.5714679,29.3776239],[121.5708247,29.3771027],[121.5703117,29.3769805],[121.5696811,29.376974],[121.569133,29.3769609],[121.5686625,29.3768606],[121.5684097,29.3766796],[121.5681795,29.3765269],[121.5676214,29.3763656],[121.5670258,29.3763176],[121.5666654,29.3763917],[121.5661399,29.3765248],[121.5653591,29.3766273],[121.5644081,29.3765117],[121.5634846,29.3762761],[121.5630767,29.3761213],[121.5627689,29.3760842],[121.562401,29.3763525],[121.5618354,29.3767646],[121.5613549,29.3770852],[121.5609045,29.3773905],[121.5606542,29.3774123],[121.5603464,29.3773098],[121.5597533,29.3770176],[121.5590926,29.3766774],[121.5585821,29.3764811],[121.5577462,29.37625],[121.5570104,29.3761366],[121.5563623,29.376106],[121.5558818,29.3763198],[121.5552486,29.3766949],[121.5542676,29.377264],[121.5534943,29.3776391],[121.5529713,29.3776348],[121.552203,29.3775977],[121.5511219,29.3774974],[121.5506739,29.3773905],[121.5503486,29.3771746],[121.5501458,29.3767952],[121.5501308,29.3763568],[121.5499757,29.3761518],[121.5494401,29.3759447],[121.5490272,29.3758422],[121.5482314,29.3753711],[121.5473304,29.3749001],[121.5470576,29.3748499],[121.5467673,29.37502],[121.5465671,29.3752555],[121.5462468,29.3753558],[121.5455411,29.3754692],[121.5446076,29.3755041],[121.5441221,29.3754082],[121.5433088,29.3749611],[121.5426291,29.3746492],[121.5425104,29.3745947],[121.5422101,29.3744508],[121.5419273,29.3743985],[121.5410765,29.3744181],[121.5400879,29.374429],[121.5394273,29.3745969],[121.5377956,29.3747736],[121.537285,29.3749982],[121.5362289,29.3755761],[121.535338,29.3759272],[121.5348,29.3759534],[121.5332208,29.3758923],[121.531902,29.3756917],[121.5307908,29.37572],[121.5297147,29.3757549],[121.5290615,29.375864],[121.5286811,29.3759556],[121.5285535,29.3762936],[121.5284109,29.3765858],[121.5281055,29.3770263],[121.5276551,29.37765],[121.5272947,29.3781342],[121.5268192,29.3785965],[121.5262912,29.3793074],[121.5260684,29.3796956],[121.5257956,29.380051],[121.5253877,29.380352],[121.5244317,29.3804087],[121.5234607,29.3803193],[121.5226524,29.3794644],[121.5225973,29.3790763],[121.5226574,29.3786248],[121.5226849,29.378217],[121.5225473,29.3779663],[121.522227,29.377818],[121.5216989,29.3772357],[121.5211008,29.3769456],[121.5207654,29.3768039],[121.5204059,29.3767681],[121.5203926,29.3767668],[121.5203773,29.3767784],[121.5200047,29.3770612],[121.5192339,29.377855],[121.5182203,29.3785071],[121.5171842,29.3793467],[121.5161782,29.3797588],[121.5156218,29.3799734],[121.5155757,29.3799912],[121.5146741,29.3803389],[121.5142837,29.3806551],[121.5138107,29.3809996],[121.5135853,29.381165],[121.5133027,29.3813725],[121.5130149,29.3817367],[121.5127496,29.3822492],[121.5125474,29.3826086],[121.5121766,29.3832675],[121.5118462,29.3838323],[121.5113507,29.3843077],[121.5099417,29.3849706],[121.5091584,29.3850927],[121.50826,29.3851625],[121.5074517,29.3853653],[121.5060452,29.3862157],[121.5047514,29.3871905],[121.5045937,29.3874478],[121.5034175,29.3901211],[121.5029996,29.3904569],[121.5015856,29.3916714],[121.500547,29.3927529],[121.4998813,29.3938606],[121.4997562,29.3948549],[121.4997787,29.3963571],[121.4996484,29.3973381],[121.4995641,29.3983573]]},"properties":{"osmId":830580605,"kind":"river","name":"汶溪"}},{"type":"Feature","geometry":{"type":"Polygon","coordinates":[[[121.4218508,29.4415542],[121.4219267,29.440986],[121.4220784,29.4408472],[121.4223667,29.440768],[121.422526,29.4404046],[121.4219722,29.4400742],[121.4217067,29.4402064],[121.4214412,29.4406953],[121.4210998,29.4408472],[121.4206218,29.4405896],[121.4199391,29.4403848],[121.4194384,29.440061],[121.4186797,29.4396712],[121.4180576,29.4397505],[121.4175797,29.4398166],[121.4169576,29.4399355],[121.4166693,29.4399884],[121.416802,29.4397572],[121.4179285,29.4394582],[121.4180996,29.4392193],[121.4166885,29.4375875],[121.41673,29.4371408],[121.4171017,29.4368765],[121.4176555,29.4366849],[121.4178841,29.4367659],[121.4177783,29.4375802],[121.4184864,29.4382436],[121.4195163,29.4393274],[121.4204283,29.4393368],[121.4210077,29.438963],[121.4216836,29.4385612],[121.421866,29.4379259],[121.4219874,29.4375702],[121.422215,29.4374711],[121.4224502,29.4375438],[121.4224502,29.4378874],[121.4226247,29.4382243],[121.4228656,29.4382593],[121.4231254,29.438297],[121.4237854,29.4381649],[121.4240888,29.4381054],[121.424764,29.438112],[121.4250675,29.4385348],[121.4249689,29.4391162],[121.4249613,29.4397835],[121.4250371,29.4399619],[121.4249249,29.4400765],[121.4248171,29.4401866],[121.424673,29.4401403],[121.4245495,29.4402621],[121.4236412,29.4411577],[121.4226019,29.4425121],[121.422435,29.4424262],[121.4221771,29.4424593],[121.4219343,29.4425782],[121.4215019,29.4427037],[121.4213805,29.4423403],[121.4214488,29.4421421],[121.4218508,29.4415542]]]},"properties":{"osmId":830583829,"kind":"water","name":"洞口庙水库"}},{"type":"Feature","geometry":{"type":"LineString","coordinates":[[121.1752458,29.2627041],[121.1753701,29.2624618],[121.1758044,29.2623579],[121.1761503,29.262118],[121.1763897,29.2618338],[121.17663,29.2612486],[121.176784,29.2606589],[121.176992,29.2599193],[121.1770265,29.2596411],[121.1769241,29.2594425],[121.1767046,29.2593048],[121.176534,29.259082],[121.1765303,29.2588192],[121.1763869,29.2585175],[121.176198,29.2583752],[121.1761263,29.2581647],[121.1763859,29.2579082],[121.1764698,29.2576858],[121.1768544,29.2575457],[121.1773123,29.2576697],[121.177925,29.2577071],[121.1783229,29.2576593],[121.1788728,29.257472],[121.17927,29.2570951],[121.1803722,29.2564484],[121.181083,29.2556936],[121.1813778,29.2552035],[121.1813552,29.2546452],[121.1814157,29.2541994],[121.1822965,29.253318],[121.1832069,29.2524476],[121.1836225,29.2522421],[121.1850051,29.2520306],[121.1861529,29.2517511],[121.1864732,29.2515497],[121.1866762,29.2512972],[121.1869607,29.2505042],[121.1871198,29.2500876],[121.1874256,29.2498231],[121.1876294,29.2496687],[121.1879486,29.2494417]]},"properties":{"osmId":908806239,"kind":"stream","name":"清水溪"}},{"type":"Feature","geometry":{"type":"LineString","coordinates":[[121.1760537,29.2670966],[121.1761158,29.2669439],[121.1761836,29.2665584],[121.1760861,29.2659003],[121.176019,29.2639678],[121.1757466,29.2634845],[121.175453,29.2631854],[121.1752711,29.2630278],[121.1752458,29.2627041]]},"properties":{"osmId":908806240,"kind":"stream","name":"清水溪"}},{"type":"Feature","geometry":{"type":"LineString","coordinates":[[121.1759297,29.2696204],[121.1758715,29.269344],[121.1758641,29.268979],[121.1758992,29.2687516],[121.1759698,29.2684933],[121.1761378,29.2684383],[121.177006,29.2685913],[121.1774046,29.2684287],[121.1775886,29.268281],[121.177793,29.2681377],[121.1777563,29.2679149],[121.1775049,29.2677009],[121.1771013,29.2676905],[121.176668,29.2677284],[121.1763948,29.2676988],[121.1762415,29.2675721],[121.1761238,29.2674183],[121.1760571,29.2672825],[121.1760378,29.2671675],[121.1760537,29.2670966]]},"properties":{"osmId":908806241,"kind":"stream","name":"清水溪"}},{"type":"Feature","geometry":{"type":"LineString","coordinates":[[121.1879486,29.2494417],[121.1882195,29.2491608],[121.1882275,29.2489759],[121.1881605,29.2487326],[121.188131,29.2485266],[121.1883458,29.2479813],[121.1888713,29.2466392],[121.1891271,29.2461904],[121.1894264,29.2459748],[121.189677,29.2461024],[121.189785,29.2464997],[121.190181,29.246513],[121.1903029,29.2460479],[121.1902191,29.245224],[121.189945,29.2447257],[121.1894957,29.2444599],[121.1894652,29.244028],[121.1897165,29.2436958],[121.1900668,29.2437091],[121.1910643,29.2444001],[121.1919781,29.2444931],[121.1929528,29.2448519],[121.1939123,29.244626],[121.194689,29.2438885],[121.195222,29.2434965],[121.1961206,29.2423337],[121.1967831,29.2423005],[121.1976055,29.2424334],[121.1981385,29.2419749],[121.1980014,29.2411975],[121.1973999,29.2403537],[121.1969315,29.2392637]]},"properties":{"osmId":908816767,"kind":"stream","name":"清水溪"}},{"type":"Feature","geometry":{"type":"Polygon","coordinates":[[[121.5089943,29.3691608],[121.5093523,29.3692169],[121.5095589,29.3692964],[121.5096098,29.3693431],[121.5097037,29.3695137],[121.5097734,29.3695208],[121.5098405,29.3694997],[121.5099612,29.3694296],[121.5101033,29.3693969],[121.5104708,29.3693899],[121.510739,29.3692146],[121.5108114,29.3692005],[121.5110341,29.3692543],[121.5111065,29.3692356],[121.5110877,29.3690463],[121.5111065,29.3689831],[121.5111387,29.3689247],[121.5112433,29.3688289],[121.5115284,29.3687229],[121.5117905,29.3686255],[121.5119487,29.3684853],[121.5120158,29.3684525],[121.5121536,29.3684508],[121.5123779,29.3684479],[121.5125844,29.3686255],[121.5127158,29.3686793],[121.5127748,29.3686419],[121.5128016,29.3685133],[121.5129063,29.3684151],[121.5138262,29.3681931],[121.5138745,29.3679897],[121.5138316,29.3678658],[121.5138718,29.3678144],[121.5139255,29.3677723],[121.5139952,29.3677583],[121.5144432,29.3675643],[121.5147355,29.3674661],[121.5148026,29.3674334],[121.5148535,29.3673866],[121.5148616,29.3673165],[121.5147945,29.3671996],[121.5147436,29.3671552],[121.5146738,29.3671272],[121.5145934,29.3671201],[121.5145129,29.3671318],[121.5142339,29.367251],[121.5139335,29.3672955],[121.5137753,29.3672697],[121.5137109,29.367237],[121.5135527,29.3670921],[121.5135178,29.3670383],[121.5135178,29.3669729],[121.5138128,29.3666222],[121.5138692,29.3665872],[121.5139443,29.3665778],[121.5141615,29.3665732],[121.5145585,29.3666643],[121.5147409,29.3667625],[121.514816,29.3667742],[121.5148723,29.3667298],[121.5150842,29.3664423],[121.5151271,29.3662576],[121.5152612,29.3660682],[121.5153712,29.3659864],[121.5155885,29.3659444],[121.5156823,29.3658485],[121.5157333,29.3657223],[121.5157521,29.3654441],[121.5157387,29.365381],[121.5155992,29.3652291],[121.5154356,29.3650911],[121.5153149,29.365014],[121.5151674,29.3649743],[121.5150923,29.3649719],[121.5150735,29.3650374],[121.515103,29.3650982],[121.5150869,29.3651589],[121.514985,29.3652594],[121.5149125,29.3652852],[121.5142983,29.3654184],[121.5142313,29.3654535],[121.514191,29.3655096],[121.5141749,29.3655727],[121.5141937,29.3660659],[121.514132,29.3661828],[121.5140811,29.3662366],[121.5140086,29.3662599],[121.5139335,29.3662599],[121.5138665,29.3662202],[121.5138262,29.3661688],[121.5138343,29.3656498],[121.5137619,29.3656264],[121.5136868,29.3656311],[121.5136144,29.3656171],[121.5135634,29.3654909],[121.5135071,29.3654488],[121.513432,29.3654628],[121.5133864,29.3655142],[121.5133488,29.3657153],[121.5132952,29.365762],[121.5132147,29.365769],[121.512976,29.3656896],[121.5129009,29.3656755],[121.5128526,29.3656288],[121.5128258,29.3655703],[121.5128392,29.3652992],[121.5128124,29.3651613],[121.5127051,29.3650795],[121.5126246,29.3650701],[121.5123966,29.3652735],[121.5122035,29.3654722],[121.512123,29.3654839],[121.5120453,29.3654885],[121.51182,29.3653717],[121.5115973,29.3652828],[121.5114284,29.3652828],[121.5113533,29.3652665],[121.5112218,29.3651917],[121.5111494,29.3651706],[121.5109187,29.3651449],[121.5108463,29.3651683],[121.5107927,29.3652197],[121.5107954,29.3653483],[121.5108409,29.3653997],[121.510908,29.3654254],[121.511077,29.365554],[121.5112084,29.3657223],[121.5112165,29.3657877],[121.5111655,29.3658345],[121.5110072,29.3658462],[121.5109751,29.365914],[121.5109348,29.3662108],[121.5108892,29.3662693],[121.5108383,29.366316],[121.5107015,29.3663745],[121.5103474,29.3666316],[121.5101516,29.3667251],[121.5100792,29.3667438],[121.5097037,29.3667298],[121.5095696,29.3667859],[121.509414,29.3668022],[121.5093577,29.3668443],[121.5093148,29.3668957],[121.5093094,29.3669612],[121.5094918,29.367064],[121.509693,29.3671412],[121.5098459,29.3672814],[121.5099397,29.3674825],[121.5099505,29.3675526],[121.5099344,29.3677606],[121.5098519,29.3679142],[121.5097976,29.3680154],[121.5097064,29.3681276],[121.5095589,29.3682048],[121.5093443,29.3682842],[121.509296,29.368331],[121.5092048,29.368518],[121.5091243,29.3686278],[121.50906,29.3686699],[121.5088722,29.3686956],[121.5088655,29.3687213],[121.5089943,29.3691608]]]},"properties":{"osmId":927240087,"kind":"water","name":null}},{"type":"Feature","geometry":{"type":"Polygon","coordinates":[[[121.3293064,29.2711239],[121.3291159,29.271159],[121.328955,29.2711192],[121.3287163,29.2710935],[121.3286358,29.2710701],[121.3284802,29.2709321],[121.3283193,29.2706981],[121.3282147,29.2705998],[121.3279787,29.2705577],[121.3278955,29.2705577],[121.3278231,29.2705834],[121.3275683,29.2708385],[121.3274905,29.2708665],[121.3270238,29.2708665],[121.3269594,29.2709157],[121.3269326,29.2709789],[121.3269782,29.2710303],[121.327123,29.2710865],[121.3272813,29.2711192],[121.3276783,29.2711239],[121.3277453,29.2711473],[121.3278633,29.2712245],[121.3278982,29.2712854],[121.3278982,29.2714187],[121.3277855,29.2715989],[121.327756,29.2717299],[121.3278177,29.271758],[121.3278902,29.271758],[121.3280323,29.2717042],[121.3280994,29.2717276],[121.3281986,29.2718258],[121.3282657,29.2718609],[121.3283461,29.2718796],[121.3286626,29.2719077],[121.3288155,29.2719381],[121.3293466,29.2719639],[121.3294217,29.2719592],[121.3296229,29.2718913],[121.3295612,29.2716644],[121.3294485,29.2713743],[121.3293064,29.2711239]]]},"properties":{"osmId":927662027,"kind":"water","name":null}},{"type":"Feature","geometry":{"type":"Polygon","coordinates":[[[121.3819478,29.4273165],[121.3819317,29.4274754],[121.3820068,29.4275245],[121.3820845,29.4274182],[121.3822388,29.427167],[121.3823796,29.4270117],[121.3822085,29.4270108],[121.3820336,29.4269907],[121.3819478,29.4273165]]]},"properties":{"osmId":928026077,"kind":"water","name":null}},{"type":"Feature","geometry":{"type":"Polygon","coordinates":[[[121.3519053,29.4192081],[121.3516787,29.4190807],[121.3513608,29.4189347],[121.3510028,29.4187934],[121.3509169,29.4190142],[121.3509169,29.4192805],[121.3508552,29.4197034],[121.3508847,29.4197618],[121.3509786,29.4198622],[121.3510135,29.419923],[121.3509974,29.4202267],[121.3510939,29.4204043],[121.3512576,29.4205281],[121.3515526,29.4208785],[121.3515848,29.4210748],[121.3516518,29.4210911],[121.3517082,29.4211309],[121.35203,29.4216075],[121.3522983,29.4218878],[121.3527891,29.4223364],[121.3530171,29.4226471],[121.3535401,29.423133],[121.3536045,29.4231634],[121.3536769,29.4231751],[121.3537976,29.4232592],[121.3539639,29.4234788],[121.3540202,29.4234368],[121.3539693,29.4231844],[121.3539425,29.423126],[121.3535482,29.4228036],[121.3534194,29.4226471],[121.3529071,29.4216612],[121.3528642,29.4216028],[121.3525826,29.4213668],[121.3524887,29.4212617],[121.3523868,29.4209954],[121.3522768,29.4208342],[121.3522902,29.4207594],[121.3523251,29.4207057],[121.3523224,29.4204767],[121.3522178,29.4203015],[121.3520622,29.4202921],[121.3520113,29.4202454],[121.3519683,29.4201263],[121.351971,29.4199253],[121.3518664,29.4197524],[121.3517511,29.4195118],[121.3517404,29.4194464],[121.351802,29.4193249],[121.351802,29.4192641],[121.3519053,29.4192081]]]},"properties":{"osmId":928102890,"kind":"water","name":null}},{"type":"Feature","geometry":{"type":"Polygon","coordinates":[[[121.314691,29.3691795],[121.3149592,29.369682],[121.3150263,29.3699836],[121.3150236,29.3706872],[121.3151604,29.3711523],[121.3154018,29.3714866],[121.3155118,29.3716642],[121.3160321,29.3715006],[121.3155493,29.3704464],[121.3155681,29.3702501],[121.3156942,29.3701425],[121.3158068,29.3700701],[121.3157102,29.3699345],[121.3154045,29.3697919],[121.3152677,29.3696002],[121.3152194,29.3692847],[121.3151363,29.3692286],[121.314978,29.3691491],[121.3149592,29.369072],[121.3147795,29.369072],[121.314691,29.3691795]]]},"properties":{"osmId":928370842,"kind":"water","name":null}},{"type":"Feature","geometry":{"type":"LineString","coordinates":[[121.2905943,29.2186135],[121.2907434,29.2185289]]},"properties":{"osmId":928730391,"kind":"stream","name":null}},{"type":"Feature","geometry":{"type":"LineString","coordinates":[[121.2907434,29.2185289],[121.2908059,29.2182416],[121.2906718,29.2179256],[121.2906316,29.2178671],[121.2901944,29.2175932],[121.2895855,29.2169447],[121.2890705,29.2161441],[121.2889954,29.2157602],[121.2889069,29.2155402],[121.2882149,29.2150064],[121.288121,29.214887],[121.2880889,29.2147395],[121.2880459,29.2139857],[121.2881049,29.2138523],[121.288282,29.2136603],[121.2885341,29.2132015],[121.2888184,29.2127824],[121.2889096,29.2124383],[121.2888962,29.2122884],[121.2888345,29.2121527],[121.2882766,29.2117055],[121.2881291,29.2114691],[121.2881264,29.2113263],[121.2882337,29.2107082],[121.2882364,29.2095634],[121.2883276,29.2092544],[121.28851,29.209039],[121.2885636,29.2087908],[121.2885636,29.2085052],[121.2882203,29.2080323],[121.2881935,29.2076296],[121.2882686,29.2073674],[121.2884939,29.2070443],[121.2890089,29.2060235],[121.2890303,29.2057519],[121.288982,29.2052088],[121.2890464,29.2050777],[121.2892234,29.2048623],[121.2901086,29.2043425],[121.2902856,29.2041412],[121.2903446,29.2040241],[121.2903982,29.203907],[121.2906504,29.2026147],[121.2912244,29.201341],[121.291455,29.2003647],[121.2915569,29.2001609],[121.2920934,29.1994773],[121.2925065,29.1990324],[121.2927425,29.1984939],[121.2930912,29.1968034],[121.2933648,29.1958481],[121.2941533,29.194682],[121.2945396,29.1944291],[121.297431,29.1938719],[121.2982947,29.1936049],[121.2987453,29.1932865],[121.2989277,29.1930898],[121.2992281,29.1923639],[121.3002849,29.1911276],[121.3013148,29.1902565],[121.3028812,29.189821]]},"properties":{"osmId":928730392,"kind":"stream","name":null}},{"type":"Feature","geometry":{"type":"LineString","coordinates":[[121.2882739,29.2240072],[121.287834,29.2232394],[121.2877214,29.2228462],[121.2875873,29.2224716],[121.2875497,29.2223499],[121.2875175,29.2218115],[121.2875283,29.2216757],[121.2876195,29.2215774],[121.2878984,29.2215166],[121.2880164,29.221437],[121.2881184,29.2213433],[121.2882847,29.2211373],[121.2883973,29.2210671],[121.2888211,29.2210063],[121.2889552,29.2209454],[121.2891859,29.2206224],[121.2893683,29.2204187],[121.2894273,29.2203812],[121.2896445,29.2203368],[121.2896821,29.2202782],[121.2896606,29.2200605],[121.2896365,29.2199833],[121.2895614,29.2198545],[121.2895614,29.2197913],[121.289607,29.2196579],[121.2895802,29.2195198],[121.2895802,29.219377],[121.2897813,29.2191394],[121.2901542,29.2188175],[121.2905943,29.2186135]]},"properties":{"osmId":928730393,"kind":"stream","name":null}},{"type":"Feature","geometry":{"type":"Polygon","coordinates":[[[121.2904371,29.2184816],[121.2903298,29.2185787],[121.2902829,29.2186314],[121.2902252,29.2186747],[121.2901957,29.2186934],[121.2898993,29.2188175],[121.2898497,29.2188713],[121.2898162,29.2189299],[121.2897558,29.2190902],[121.2897532,29.2191218],[121.2897813,29.2191394],[121.2898216,29.2191441],[121.2899275,29.2190575],[121.2900375,29.2190083],[121.2901501,29.2189837],[121.2903754,29.218903],[121.2904774,29.2188433],[121.2905163,29.2188327],[121.290645,29.218828],[121.2906826,29.2188175],[121.2907362,29.2187765],[121.290755,29.2187484],[121.2905943,29.2186135],[121.2904371,29.2184816]]]},"properties":{"osmId":928730394,"kind":"water","name":null}},{"type":"Feature","geometry":{"type":"Polygon","coordinates":[[[121.3073619,29.2241301],[121.3072291,29.2240259],[121.307095,29.2238785],[121.3070467,29.2237568],[121.3072184,29.2230124],[121.3072532,29.2227432],[121.3072747,29.22268],[121.3072774,29.2225559],[121.3072586,29.2224904],[121.3072157,29.2224389],[121.3071352,29.2224342],[121.3070682,29.2224763],[121.3070413,29.2225395],[121.307036,29.2226753],[121.3069636,29.2229538],[121.3068616,29.2232113],[121.3067731,29.223319],[121.3066497,29.2233939],[121.3066015,29.2234478],[121.3065183,29.2236093],[121.30647,29.2236678],[121.3064298,29.2237989],[121.3064781,29.2238551],[121.3066605,29.2239604],[121.3067034,29.2240096],[121.3067597,29.2243408],[121.3068214,29.2243724],[121.3068952,29.2243794],[121.306977,29.2243595],[121.3073619,29.2241301]]]},"properties":{"osmId":928730400,"kind":"water","name":null}},{"type":"Feature","geometry":{"type":"Polygon","coordinates":[[[121.3056493,29.2625613],[121.3054696,29.2627754],[121.3054508,29.2628444],[121.305373,29.2629778],[121.305251,29.2631241],[121.3052094,29.2631322],[121.3050002,29.2631264],[121.3049626,29.2631358],[121.3049439,29.2631673],[121.3049439,29.2632013],[121.30496,29.2632305],[121.305031,29.2632645],[121.305145,29.2632843],[121.3051786,29.2633054],[121.3051866,29.2633382],[121.3051718,29.2633709],[121.3051155,29.2634189],[121.3050981,29.263447],[121.3051356,29.2634587],[121.3051665,29.2634399],[121.3051946,29.2634154],[121.3052925,29.2633031],[121.3056439,29.2629895],[121.3057056,29.2629006],[121.3058183,29.2627742],[121.305837,29.2627473],[121.3058572,29.2627052],[121.3056493,29.2625613]]]},"properties":{"osmId":928730404,"kind":"water","name":null}},{"type":"Feature","geometry":{"type":"Polygon","coordinates":[[[121.2810507,29.2008458],[121.2808496,29.2008727],[121.2807503,29.200957],[121.2806913,29.2011092],[121.2805921,29.2011935],[121.2804633,29.2012801],[121.2805304,29.2013644],[121.2807584,29.2013831],[121.2809917,29.2012988],[121.281217,29.2012216],[121.281323,29.201156],[121.2810507,29.2008458]]]},"properties":{"osmId":928730423,"kind":"water","name":null}},{"type":"Feature","geometry":{"type":"Polygon","coordinates":[[[121.2567097,29.2147992],[121.2568787,29.215093],[121.256927,29.2151398],[121.2570503,29.2153974],[121.2570745,29.2155261],[121.2571335,29.2156478],[121.2572569,29.2158141],[121.2573078,29.2158585],[121.2573695,29.2158117],[121.2573829,29.2157485],[121.2572971,29.2155519],[121.2572622,29.2153388],[121.2572461,29.2150743],[121.2571818,29.2148917],[121.2571871,29.2146997],[121.2571491,29.214541],[121.2569243,29.2145464],[121.2567066,29.2145808],[121.2566587,29.214695],[121.2567097,29.2147992]]]},"properties":{"osmId":928730451,"kind":"water","name":null}},{"type":"Feature","geometry":{"type":"Polygon","coordinates":[[[121.3959834,29.3689808],[121.3952458,29.368885],[121.3941568,29.3688382],[121.3930645,29.3687282],[121.3929498,29.3687167],[121.3928908,29.3688382],[121.3929927,29.3689317],[121.3931376,29.3689785],[121.3935828,29.3690159],[121.3938242,29.3691748],[121.3941193,29.3692356],[121.3943875,29.3695488],[121.394527,29.3696236],[121.395117,29.3697498],[121.3952726,29.3699602],[121.3953638,29.3701986],[121.3955677,29.3703716],[121.3958412,29.3704137],[121.3960129,29.3703833],[121.3959593,29.3696143],[121.3959834,29.3689808]]]},"properties":{"osmId":929780437,"kind":"water","name":null}},{"type":"Feature","geometry":{"type":"Polygon","coordinates":[[[121.6154096,29.3468237],[121.6151413,29.3468283],[121.6148302,29.3470224],[121.6146746,29.3470317],[121.6146076,29.3470598],[121.6141516,29.3474619],[121.6139933,29.3476887],[121.6138861,29.3477892],[121.6136608,29.3479669],[121.613591,29.3480067],[121.6134354,29.3480394],[121.6133872,29.3480932],[121.6134113,29.348154],[121.6133201,29.3482568],[121.6132879,29.3483153],[121.6133496,29.3483504],[121.613422,29.3483527],[121.6134891,29.3483363],[121.6136232,29.3482685],[121.6137707,29.3482381],[121.6144413,29.347988],[121.6146344,29.3477939],[121.6148087,29.3475742],[121.614857,29.3475274],[121.6149858,29.3474596],[121.6154444,29.3474234],[121.6154377,29.3470937],[121.6154096,29.3468237]]]},"properties":{"osmId":929962011,"kind":"water","name":null}},{"type":"Feature","geometry":{"type":"Polygon","coordinates":[[[121.6001424,29.3609933],[121.6003771,29.360867],[121.6004442,29.3607876],[121.6005474,29.3607467],[121.6006494,29.3606976],[121.6007298,29.3606882],[121.600876,29.3606847],[121.6009122,29.3606789],[121.6009457,29.3606683],[121.6009672,29.3606438],[121.6009592,29.3606099],[121.6008693,29.3605444],[121.6008197,29.3604954],[121.6007553,29.3603422],[121.6007204,29.3602873],[121.6006923,29.3602674],[121.600652,29.3602698],[121.6005984,29.3603165],[121.6005233,29.3604089],[121.6004375,29.3604778],[121.6002122,29.3606181],[121.6001022,29.3606473],[121.5999855,29.3607303],[121.6001424,29.3609933]]]},"properties":{"osmId":929962025,"kind":"water","name":null}},{"type":"Feature","geometry":{"type":"Polygon","coordinates":[[[121.5981938,29.3585212],[121.5981938,29.3584791],[121.5981093,29.3584078],[121.5977955,29.358513],[121.5977888,29.358548],[121.5979403,29.3587035],[121.5980194,29.3587094],[121.5981938,29.3585212]]]},"properties":{"osmId":929962027,"kind":"water","name":null}},{"type":"Feature","geometry":{"type":"Polygon","coordinates":[[[121.5991299,29.3578561],[121.599201,29.3578467],[121.5993927,29.3577789],[121.5993766,29.3576574],[121.5991379,29.357385],[121.5989958,29.3573558],[121.5989059,29.3574294],[121.598859,29.3574902],[121.5989099,29.3575837],[121.5989877,29.3576211],[121.59904,29.3576457],[121.599142,29.3578128],[121.5991299,29.3578561]]]},"properties":{"osmId":929962029,"kind":"water","name":null}},{"type":"Feature","geometry":{"type":"Polygon","coordinates":[[[121.4750521,29.3054109],[121.4747493,29.3055995],[121.4747547,29.3057017],[121.4747925,29.3057929],[121.4748286,29.3058337],[121.4750737,29.305994],[121.4751458,29.3060616],[121.4751855,29.3061481],[121.4751837,29.3063744],[121.4752125,29.3064106],[121.475254,29.3063886],[121.4752936,29.306255],[121.4753675,29.3061968],[121.4753711,29.3060648],[121.4753603,29.3059249],[121.4753765,29.3058824],[121.4755063,29.3056907],[121.4755496,29.3055649],[121.4755352,29.3055256],[121.4754865,29.3055131],[121.4752738,29.3055319],[121.4750521,29.3054109]]]},"properties":{"osmId":930007482,"kind":"water","name":null}},{"type":"Feature","geometry":{"type":"Polygon","coordinates":[[[121.474825,29.3043452],[121.4743149,29.3043044],[121.4742861,29.3043578],[121.4742843,29.3044018],[121.4743636,29.304515],[121.4744194,29.304647],[121.4744357,29.3047885],[121.4744645,29.3048278],[121.4745474,29.3048891],[121.4746069,29.3049629],[121.4747132,29.305172],[121.4748124,29.305282],[121.474852,29.3052019],[121.4748304,29.3049708],[121.4748322,29.3048278],[121.4748935,29.3047115],[121.4749043,29.3046659],[121.4749025,29.3046203],[121.4748574,29.3045386],[121.4748556,29.3044914],[121.4748809,29.3044112],[121.4748701,29.3043672],[121.474825,29.3043452]]]},"properties":{"osmId":930007483,"kind":"water","name":null}},{"type":"Feature","geometry":{"type":"Polygon","coordinates":[[[121.4755406,29.3032261],[121.4750918,29.3028709],[121.4750449,29.302852],[121.4749998,29.3028677],[121.4749674,29.3029055],[121.47498,29.3030548],[121.4749674,29.3031397],[121.4749385,29.3031789],[121.4747367,29.3033314],[121.474688,29.3034147],[121.4745726,29.3040497],[121.4745654,29.3041126],[121.4745961,29.3041488],[121.4747601,29.3041755],[121.4748592,29.304177],[121.474962,29.3041079],[121.4752504,29.3037228],[121.4755496,29.3033629],[121.4755622,29.3033157],[121.4755532,29.3032434],[121.4755406,29.3032261]]]},"properties":{"osmId":930007484,"kind":"water","name":null}},{"type":"Feature","geometry":{"type":"Polygon","coordinates":[[[121.4756163,29.3012723],[121.4750124,29.3015678],[121.4749512,29.3016386],[121.4749331,29.3017281],[121.4749385,29.3017769],[121.474962,29.3018146],[121.4749926,29.3019058],[121.4750197,29.3019466],[121.4750449,29.3023883],[121.4750827,29.3025204],[121.475135,29.3025974],[121.4752053,29.3026634],[121.4754829,29.3028866],[121.4755225,29.3029117],[121.4755694,29.3029227],[121.4756181,29.3029086],[121.4756415,29.3028693],[121.4756415,29.3028269],[121.4756073,29.3026885],[121.4755766,29.302404],[121.4755766,29.3023097],[121.4756415,29.3020708],[121.4756812,29.3019906],[121.4757046,29.3019042],[121.4756974,29.3015914],[121.4756163,29.3012723]]]},"properties":{"osmId":930007485,"kind":"water","name":null}},{"type":"Feature","geometry":{"type":"Polygon","coordinates":[[[121.4754757,29.3000856],[121.475144,29.3000101],[121.4750936,29.3000274],[121.4750719,29.3000746],[121.4749476,29.3005901],[121.4749566,29.300785],[121.4749151,29.3010177],[121.4749151,29.3011151],[121.4749205,29.3011749],[121.4749818,29.301244],[121.4750359,29.3012487],[121.4750827,29.3012377],[121.4751548,29.3011811],[121.4752414,29.301134],[121.4753315,29.3010994],[121.4754036,29.3009799],[121.4754468,29.3009579],[121.4754937,29.3009579],[121.475537,29.3009391],[121.4755406,29.3008935],[121.475454,29.3007096],[121.4754595,29.3006231],[121.4754973,29.3004864],[121.4755063,29.3003874],[121.4755063,29.3002113],[121.4754757,29.3000856]]]},"properties":{"osmId":930007486,"kind":"water","name":null}},{"type":"Feature","geometry":{"type":"Polygon","coordinates":[[[121.5540608,29.3330241],[121.5537964,29.3326491],[121.5535885,29.3320277],[121.5515823,29.3340293],[121.5520463,29.3343505],[121.5522532,29.3346],[121.5524229,29.3347238],[121.5524821,29.3348064],[121.5526321,29.334944],[121.5530307,29.3351023],[121.5531215,29.3351608],[121.5532162,29.3352778],[121.5532083,29.3354705],[121.5531452,29.3356494],[121.5531452,29.3358352],[121.5528216,29.3360898],[121.5526716,29.3362343],[121.5526795,29.3364201],[121.5532715,29.3366747],[121.5532162,29.3368674],[121.5531057,29.3370463],[121.5532794,29.3371632],[121.5535083,29.3371632],[121.5536898,29.3372527],[121.5537135,29.3374213],[121.553682,29.3376587],[121.5537056,29.3377481],[121.5538675,29.3378789],[121.5538872,29.3379683],[121.5538753,29.3380612],[121.5536741,29.3383984],[121.5537056,29.3384879],[121.5541832,29.3385016],[121.5544042,29.3385498],[121.5545542,29.3386874],[121.5545463,29.3391725],[121.5543726,29.339551],[121.5543726,29.3396508],[121.5544318,29.3397265],[121.5546016,29.3398434],[121.55472,29.3398572],[121.5550239,29.3399776],[121.5553672,29.3402219],[121.5554975,29.3403698],[121.555608,29.3404077],[121.5557224,29.3404008],[121.5559,29.3402563],[121.5560184,29.340215],[121.5564842,29.3402081],[121.5566736,29.3401359],[121.5569065,29.3401806],[121.5569696,29.3402597],[121.5570051,29.3403561],[121.5570801,29.3406554],[121.5572577,29.3408928],[121.5572775,29.3409926],[121.5572301,29.3411818],[121.5570643,29.3415465],[121.5569222,29.3417082],[121.5567683,29.3419765],[121.556717,29.3421692],[121.5567131,29.342269],[121.5568275,29.3422483],[121.5574314,29.3420212],[121.5577826,29.3418148],[121.5579484,29.3416978],[121.5579997,29.3416222],[121.5581023,29.3415878],[121.5581892,29.3416462],[121.5582365,29.3418458],[121.5585128,29.3420075],[121.5585444,29.3420969],[121.5585444,29.3421967],[121.5584891,29.3422827],[121.5578813,29.3427747],[121.5568315,29.3437105],[121.5567723,29.3437931],[121.5567131,29.3440889],[121.5564881,29.3444398],[121.5564684,29.3445396],[121.5565394,29.3446084],[121.556721,29.3445155],[121.5568986,29.3443917],[121.557092,29.3443022],[121.5574116,29.3437931],[121.5576485,29.3436004],[121.5578458,29.3435591],[121.5582997,29.3433768],[121.5585167,29.3432598],[121.5588206,29.3429639],[121.5592272,29.3427747],[121.5595508,29.3426887],[121.5600323,29.3422827],[121.5602138,29.3421898],[121.5608177,29.3422208],[121.5610269,29.3423343],[121.5614294,29.3426818],[121.561536,29.3426887],[121.5615557,29.3425614],[121.5614058,29.3422002],[121.5613979,29.341918],[121.5615005,29.341746],[121.5618044,29.3414433],[121.5621793,29.3412093],[121.5622859,29.3412024],[121.562499,29.3412919],[121.5625701,29.3413641],[121.5626806,29.3415327],[121.5628779,29.3417529],[121.56317,29.341894],[121.5635015,29.3419765],[121.5637383,29.3420178],[121.5641724,29.3420453],[121.5643698,29.3419593],[121.5647013,29.3419834],[121.5648671,29.341863],[121.5649657,29.3418183],[121.5651828,29.3418148],[121.5652657,29.3418802],[121.5652815,29.3422552],[121.5653367,29.342441],[121.565463,29.3427197],[121.5656446,29.3429674],[121.5658182,29.3430981],[121.5662642,29.3431463],[121.5666629,29.3433045],[121.5667181,29.3433802],[121.5668562,29.3437587],[121.566947,29.3438137],[121.5670457,29.3437759],[121.5671522,29.3436176],[121.5672549,29.3435866],[121.5673614,29.3436038],[121.5674522,29.3437827],[121.5675509,29.3438378],[121.5676535,29.3438722],[121.5678706,29.3438722],[121.5686836,29.3435694],[121.5689007,29.3435419],[121.5691927,29.343707],[121.5693427,29.3438515],[121.5694532,29.3438859],[121.5696861,29.3439066],[121.5701084,29.3438412],[121.5702031,29.3437759],[121.5702505,29.3436967],[121.5701399,29.343652],[121.5700334,29.3436761],[121.5698321,29.3437655],[121.569615,29.3437655],[121.569544,29.343683],[121.5695282,29.3435866],[121.5694611,29.3435144],[121.5693506,29.3435144],[121.5692638,29.3434559],[121.5692914,29.343363],[121.5693545,29.3432908],[121.5693901,29.3432048],[121.5693466,29.3431187],[121.5691098,29.3431119],[121.5688099,29.343246],[121.568581,29.3432873],[121.5681468,29.3434146],[121.5679298,29.3434421],[121.5678114,29.343449],[121.567689,29.3432942],[121.567464,29.3432976],[121.5673575,29.3432667],[121.5672904,29.3430843],[121.5672154,29.3430018],[121.567022,29.3428951],[121.5669983,29.3428022],[121.5670338,29.342613],[121.5669904,29.342527],[121.5668799,29.3425029],[121.5667734,29.342527],[121.56658,29.3426577],[121.5664142,29.3426612],[121.5659998,29.3425063],[121.5659366,29.3424203],[121.565913,29.3418251],[121.5658617,29.3415465],[121.5658143,29.3414605],[121.5656683,29.3413263],[121.565467,29.3412162],[121.5652499,29.3411543],[121.5650131,29.3411267],[121.5646697,29.3411267],[121.5641803,29.3413985],[121.5640659,29.3414192],[121.5639475,29.341402],[121.5634739,29.3412231],[121.5633318,29.3410786],[121.5631897,29.3408033],[121.5629924,29.3405625],[121.5628148,29.3404283],[121.5626095,29.3403285],[121.5622425,29.3402701],[121.5618162,29.3403905],[121.5613979,29.3406038],[121.5610348,29.3406382],[121.5602454,29.3409754],[121.5599494,29.341027],[121.5597284,29.3410338],[121.5596455,29.3409754],[121.5595153,29.3407036],[121.5594245,29.3406554],[121.55931,29.3406347],[121.559239,29.3405625],[121.5592706,29.340473],[121.5594205,29.3403526],[121.5597363,29.3402357],[121.5600875,29.3400258],[121.5601546,29.3399501],[121.5603875,29.3397609],[121.5604428,29.3396852],[121.5604309,29.3395854],[121.560352,29.33952],[121.5601349,29.3394787],[121.559906,29.3394856],[121.559681,29.3395303],[121.5593179,29.3395613],[121.5590811,29.3393721],[121.5589627,29.3393411],[121.5588483,29.3393377],[121.5587496,29.3393927],[121.5587101,29.339582],[121.5584852,29.3395992],[121.5583431,29.3394615],[121.5580786,29.3392792],[121.5576721,29.3389007],[121.5570762,29.3384982],[121.5565394,29.3379718],[121.55635,29.3377172],[121.5562829,29.3375279],[121.5561684,29.3373559],[121.5559237,29.3371598],[121.5557658,29.3369052],[121.5557658,29.336451],[121.5559277,29.3360967],[121.5560816,29.3358524],[121.5561211,29.3356597],[121.5561684,29.3355771],[121.5571354,29.3351023],[121.5577353,29.3346585],[121.5580313,29.3345621],[121.5581457,29.3345587],[121.5582286,29.3345036],[121.5582997,29.3344314],[121.5583155,29.3343385],[121.5582918,29.3342456],[121.5582286,29.3341664],[121.5582089,29.33396],[121.5584654,29.3338121],[121.5585759,29.3338361],[121.5589706,29.3337226],[121.5598586,29.3330895],[121.5604349,29.3326216],[121.5606559,29.3324014],[121.5607032,29.3323153],[121.560644,29.3322362],[121.5605335,29.3322431],[121.5604191,29.3322809],[121.5601468,29.332477],[121.5596297,29.3327282],[121.5587022,29.3329312],[121.5583628,29.3329691],[121.5580273,29.3329381],[121.5579129,29.3329622],[121.5576682,29.3332271],[121.5575616,29.3332753],[121.5574511,29.3333131],[121.557092,29.3333441],[121.5569933,29.3333992],[121.5568157,29.3336469],[121.5567289,29.3337054],[121.5566302,29.3336503],[121.5565631,29.3335678],[121.5562039,29.3333751],[121.555683,29.3331583],[121.5552133,29.333148],[121.5551186,29.3330895],[121.5549883,29.3329312],[121.5548226,29.3328074],[121.5545937,29.3328039],[121.5542779,29.3330792],[121.5541477,29.3330861],[121.5540608,29.3330241]]]},"properties":{"osmId":930103264,"kind":"water","name":"西林水库"}},{"type":"Feature","geometry":{"type":"Polygon","coordinates":[[[121.208231,29.3514316],[121.2081945,29.3515254],[121.2080575,29.3517212],[121.2080429,29.3517641],[121.2080521,29.3518564],[121.2081214,29.3519217],[121.208251,29.3519965],[121.2083989,29.3521238],[121.2084464,29.3521397],[121.2085012,29.3521428],[121.2085924,29.3520999],[121.2086253,29.3520553],[121.208733,29.3519519],[121.2088261,29.3518453],[121.208901,29.3517291],[121.2089722,29.3515748],[121.208231,29.3514316]]]},"properties":{"osmId":930103293,"kind":"water","name":null}},{"type":"Feature","geometry":{"type":"Polygon","coordinates":[[[121.4836551,29.355712],[121.4837712,29.3558034],[121.4838808,29.3558897],[121.4839284,29.3559795],[121.4841858,29.3563558],[121.4842532,29.3564318],[121.4843522,29.3566009],[121.4844512,29.3566458],[121.4846691,29.3566389],[121.4848869,29.3566665],[121.4850097,29.3566665],[121.4851166,29.3566562],[121.4852236,29.3566285],[121.4854058,29.3565146],[121.4855246,29.3565043],[121.4858573,29.3565077],[121.4860871,29.3567356],[121.4861742,29.3567943],[121.4862732,29.3568426],[121.4863762,29.3568184],[121.4864039,29.3567287],[121.4864792,29.3566596],[121.4865941,29.3566562],[121.4868832,29.3569807],[121.4870535,29.3571084],[121.4871526,29.3570842],[121.4871446,29.3568944],[121.4872516,29.3568875],[121.4874259,29.357136],[121.4875922,29.3574916],[121.4876516,29.357571],[121.4877229,29.3576366],[121.4881705,29.3579231],[121.4883686,29.3579784],[121.4887013,29.3580371],[121.4888003,29.3580819],[121.4889073,29.3581027],[121.4889865,29.3580336],[121.48903,29.3579473],[121.4890261,29.3578541],[121.4889271,29.3576884],[121.4889073,29.3575917],[121.4889073,29.3574053],[121.4890499,29.3571878],[121.4891172,29.3571188],[121.4891687,29.3568253],[121.4891291,29.3567356],[121.4890657,29.3566493],[121.4891013,29.3565595],[121.4891885,29.3565043],[121.4893073,29.3565146],[121.4893905,29.3565699],[121.4895172,29.3567218],[121.4896083,29.3568944],[121.4896876,29.3569531],[121.4899054,29.3569807],[121.4902183,29.3571188],[121.4904362,29.3571567],[121.4905154,29.3572189],[121.4905629,29.3573052],[121.4905867,29.3575158],[121.4906382,29.3573466],[121.4907134,29.357174],[121.4907729,29.3570946],[121.490856,29.3570394],[121.4910541,29.356991],[121.491268,29.3569669],[121.4916918,29.3569669],[121.491771,29.3569047],[121.4916997,29.3568357],[121.4916799,29.3567425],[121.4916799,29.3566458],[121.4917671,29.356487],[121.492484,29.3560106],[121.4925909,29.3559899],[121.4928009,29.3560002],[121.4929078,29.3559761],[121.4929751,29.3559036],[121.4930781,29.3557344],[121.4931573,29.3556757],[121.4932643,29.3556584],[121.4933079,29.3555721],[121.4932385,29.3554202],[121.4931554,29.3553374],[121.493096,29.355258],[121.493086,29.3551613],[121.4931019,29.3551095],[121.4932088,29.3550836],[121.4935218,29.3550923],[121.4935772,29.3551147],[121.4937554,29.3551527],[121.494007,29.3552821],[121.4941119,29.3554116],[121.494205,29.3554772],[121.4944625,29.3555721],[121.4945476,29.3556377],[121.494607,29.3556429],[121.4947219,29.3556429],[121.4949101,29.355567],[121.4951517,29.3553477],[121.4952448,29.3552217],[121.4952547,29.3551734],[121.4952309,29.3551285],[121.4951477,29.3550629],[121.4950962,29.3550836],[121.4950566,29.3551164],[121.4949378,29.3552959],[121.4947734,29.3554306],[121.4947219,29.355453],[121.4946031,29.3554599],[121.4945377,29.3554513],[121.4943278,29.3553702],[121.4942189,29.3552856],[121.4941535,29.3552062],[121.4940822,29.3550785],[121.4939654,29.3549818],[121.4939357,29.3549335],[121.4939099,29.354842],[121.4938763,29.3548023],[121.4937574,29.3547815],[121.4937059,29.3547608],[121.4936148,29.3547073],[121.4935475,29.3546296],[121.4932564,29.3546193],[121.49309,29.3545779],[121.4926523,29.3546089],[121.4925474,29.3546573],[121.4924681,29.3547349],[121.4924186,29.3548299],[121.4924107,29.3548782],[121.4924721,29.3550163],[121.4924959,29.3551147],[121.4924879,29.3552614],[121.4924701,29.3553684],[121.4923572,29.3556377],[121.4922543,29.3557655],[121.4920443,29.3559139],[121.4913927,29.3563472],[121.4913096,29.3564249],[121.4912165,29.3564853],[121.4909194,29.3565854],[121.490856,29.3565957],[121.4907986,29.3565957],[121.4907075,29.3565319],[121.4903768,29.3561383],[121.4902896,29.3560175],[121.4902718,29.3558639],[121.4902144,29.3556619],[121.490147,29.3555238],[121.4901609,29.3554737],[121.4902124,29.3553961],[121.4901965,29.3552994],[121.4901569,29.3552045],[121.4901233,29.355163],[121.4900718,29.355144],[121.4899589,29.3551371],[121.4898401,29.3551164],[121.4897846,29.3551251],[121.4896202,29.3551837],[121.4894539,29.3551907],[121.4893945,29.3551751],[121.4893548,29.3551371],[121.489242,29.354968],[121.4891806,29.354728],[121.489139,29.35464],[121.4890994,29.3545002],[121.4890578,29.3544674],[121.4890043,29.3544657],[121.4889588,29.3544985],[121.488931,29.3545433],[121.4889231,29.3546383],[121.488931,29.3548402],[121.4888221,29.3550163],[121.4884141,29.3553754],[121.4881725,29.3556084],[121.4880873,29.3556705],[121.488024,29.3556861],[121.4879705,29.3556843],[121.4878616,29.3556377],[121.487822,29.3556049],[121.4877804,29.3555169],[121.4876695,29.3553702],[121.4876259,29.3552839],[121.4875942,29.3552459],[121.4874912,29.3552096],[121.4873427,29.3552718],[121.4872833,29.3552614],[121.4870337,29.3551371],[121.4869109,29.3549732],[121.4868654,29.3549404],[121.4865208,29.3548903],[121.4864337,29.3548178],[121.4862455,29.3547021],[121.4861901,29.3546797],[121.4860811,29.354659],[121.4859821,29.3546141],[121.4859267,29.354602],[121.485889,29.35464],[121.4858633,29.3546849],[121.4858573,29.3547332],[121.4858237,29.3547712],[121.4857246,29.3548212],[121.4855147,29.354999],[121.4854573,29.355006],[121.4854157,29.3549645],[121.485283,29.3546745],[121.4852375,29.3546452],[121.4851107,29.3544864],[121.4850592,29.3544726],[121.4850255,29.3545123],[121.4850236,29.3546089],[121.4850652,29.3547574],[121.485079,29.3550508],[121.4850473,29.3551509],[121.4850176,29.3551993],[121.4848849,29.3552942],[121.4848295,29.3553132],[121.484774,29.3553149],[121.4844908,29.3552614],[121.484267,29.3552131],[121.4841739,29.355163],[121.4841145,29.355144],[121.4839383,29.3551475],[121.4836848,29.355132],[121.4836551,29.355712]]]},"properties":{"osmId":930246761,"kind":"water","name":null}},{"type":"Feature","geometry":{"type":"Polygon","coordinates":[[[121.2468043,29.3068875],[121.2466943,29.3068922],[121.2465522,29.3069319],[121.2463859,29.3069319],[121.246241,29.3068922],[121.245828,29.3067214],[121.2457636,29.306677],[121.2457368,29.3064712],[121.2457019,29.3063495],[121.2456697,29.3062841],[121.2456134,29.3062443],[121.2455678,29.3063004],[121.2455597,29.3064969],[121.2455329,29.3065647],[121.2454766,29.3066162],[121.2454578,29.3067518],[121.2456188,29.3068992],[121.2458307,29.3071331],[121.2458521,29.3072009],[121.2458548,29.3073974],[121.2457877,29.307519],[121.2456724,29.3076079],[121.2456,29.3077248],[121.245667,29.3077506],[121.2458762,29.3077646],[121.2459406,29.307788],[121.2460399,29.3078862],[121.2460989,29.3080803],[121.2460721,29.308361],[121.2460801,29.3085598],[121.2462142,29.3087165],[121.2463161,29.3088101],[121.2464422,29.3089691],[121.2465012,29.3090042],[121.2465683,29.3089761],[121.2466031,29.3089177],[121.2466139,29.3088498],[121.2465924,29.308789],[121.2464449,29.3086393],[121.2463349,29.3085481],[121.2462518,29.3084359],[121.246233,29.3083727],[121.2462544,29.3081014],[121.2462866,29.3079751],[121.2462866,29.3077061],[121.2463188,29.3075822],[121.2463135,29.307519],[121.2462249,29.3074138],[121.2462008,29.3072851],[121.2462223,29.3072243],[121.2462893,29.3072033],[121.2463617,29.3072033],[121.2465012,29.3072383],[121.2465951,29.30736],[121.2466246,29.3075564],[121.2466675,29.3076126],[121.2467372,29.3076406],[121.2468848,29.3076476],[121.2469518,29.3076196],[121.2470001,29.3075728],[121.2471047,29.3073787],[121.2472066,29.3072851],[121.2470242,29.3070699],[121.2468043,29.3068875]]]},"properties":{"osmId":936300851,"kind":"water","name":null}},{"type":"Feature","geometry":{"type":"Polygon","coordinates":[[[121.2506238,29.3064338],[121.2511736,29.3062303],[121.2512836,29.3061133],[121.2512943,29.3060315],[121.2510878,29.305994],[121.250951,29.3060712],[121.2504628,29.3062092],[121.2504092,29.3063238],[121.250436,29.3063846],[121.2506238,29.3064338]]]},"properties":{"osmId":936300858,"kind":"water","name":null}},{"type":"Feature","geometry":{"type":"LineString","coordinates":[[121.2470922,29.3475088],[121.2471273,29.3472544],[121.2474565,29.3465115],[121.247188,29.3462123],[121.2472113,29.3460312],[121.2474121,29.3455976],[121.2474728,29.3450745],[121.2474308,29.3447061],[121.2473257,29.3444883],[121.247202,29.3443275],[121.2473461,29.3440578],[121.2475044,29.3438357],[121.2475875,29.3436509],[121.2475821,29.3435831],[121.2474266,29.3432932],[121.2476385,29.3428677],[121.2475929,29.3427251],[121.2476009,29.3422621],[121.2477404,29.3421031],[121.2477404,29.3420377],[121.2475392,29.341535],[121.2475339,29.34139],[121.247794,29.3412334],[121.2478906,29.3411352],[121.2478906,29.3410697],[121.2478638,29.3410112],[121.247735,29.3408312],[121.247735,29.3407003],[121.2478316,29.3404431],[121.2479925,29.3402186],[121.2478477,29.3397276],[121.2479013,29.3396118],[121.2481669,29.3394096],[121.2482071,29.3393511],[121.2483305,29.3392693],[121.2484056,29.3392412],[121.2484619,29.3392085],[121.2485129,29.3391641],[121.2486497,29.3391197],[121.2490761,29.3390565],[121.249693,29.3390635],[121.249921,29.3390448],[121.2501276,29.3389794],[121.2502509,29.3389069],[121.2504494,29.3387105],[121.2505245,29.3386567],[121.2506667,29.3386099],[121.2507203,29.3385608],[121.2507793,29.3384439],[121.2508652,29.3383223],[121.2510824,29.3381259],[121.2511656,29.3380184],[121.2513238,29.3377542],[121.2513801,29.3376185],[121.2514606,29.3375063],[121.2515116,29.3374595],[121.2517369,29.3374104],[121.2518978,29.3373497],[121.252225,29.3371299],[121.2523323,29.337041],[121.2524262,29.3369171],[121.2524396,29.3368469],[121.2524396,29.3367581],[121.2523994,29.3366225],[121.2523779,29.3363278],[121.2524074,29.3359911],[121.2523055,29.3357526],[121.2521151,29.3355375],[121.2520775,29.3354113],[121.2523243,29.3351657],[121.2523806,29.3350465],[121.2524772,29.3349553],[121.2525389,29.3349155],[121.2526059,29.3348805],[121.2526864,29.3348571],[121.2531343,29.3348758],[121.2532148,29.3348641],[121.2533408,29.3347893],[121.2534106,29.334677],[121.2536064,29.3345461],[121.2537646,29.334525],[121.2541562,29.3345321],[121.2542286,29.3345157],[121.2542877,29.3344619],[121.254411,29.3342889],[121.25447,29.3341696],[121.2544647,29.3341205],[121.254462,29.3337324],[121.2546229,29.3333068],[121.2551942,29.3328391],[121.2556985,29.3325492],[121.2562537,29.3323528],[121.2567016,29.3318804],[121.2568894,29.3311742],[121.2569015,29.3309673],[121.256974,29.3307924],[121.2571093,29.3304657],[121.2572676,29.3302973],[121.2573266,29.3302576],[121.2573937,29.3302342],[121.2577048,29.3302085],[121.2579274,29.3301383],[121.2580535,29.3300542],[121.2582815,29.3297923],[121.2584451,29.3293924],[121.2586006,29.3291469],[121.2586248,29.3290861],[121.2586838,29.3287938],[121.2587805,29.3287385]]},"properties":{"osmId":936300866,"kind":"stream","name":null}},{"type":"Feature","geometry":{"type":"Polygon","coordinates":[[[121.2479965,29.3397054],[121.2479871,29.3397884],[121.2480113,29.3398492],[121.2481132,29.339945],[121.2481266,29.3400152],[121.2481266,29.3402069],[121.2480703,29.3403285],[121.2478557,29.340588],[121.247853,29.340726],[121.2478745,29.3408569],[121.2479391,29.3409844],[121.2479657,29.3410369],[121.2479737,29.3411024],[121.2479496,29.3411655],[121.2479228,29.341224],[121.2478557,29.3412614],[121.247794,29.3412334],[121.2478048,29.3410954],[121.2477913,29.3410323],[121.2476116,29.3408289],[121.2475499,29.3407096],[121.2475714,29.3406465],[121.2476841,29.340553],[121.2478933,29.3401742],[121.2478933,29.3401087],[121.2478691,29.3400503],[121.2477136,29.3398211],[121.2476787,29.3396259],[121.2477069,29.3395581],[121.2477739,29.3394692],[121.2478718,29.3394049],[121.2479241,29.3393921],[121.2478973,29.3394868],[121.2478906,29.3395534],[121.2479013,29.3396118],[121.2479375,29.3396574],[121.2479965,29.3397054]]]},"properties":{"osmId":936300867,"kind":"water","name":null}},{"type":"Feature","geometry":{"type":"Polygon","coordinates":[[[121.2566145,29.3308738],[121.2565863,29.3308726],[121.2565219,29.33091],[121.2564898,29.3309685],[121.2564898,29.3311017],[121.2565461,29.3312865],[121.2565514,29.3314221],[121.256471,29.3318313],[121.2564415,29.3319319],[121.2562832,29.3321493],[121.2561008,29.3323083],[121.2560204,29.3323364],[121.2558782,29.3322966],[121.2557307,29.3322943],[121.2556556,29.3323013],[121.2554464,29.3324019],[121.2550306,29.3328111],[121.2546042,29.3331244],[121.2545076,29.333232],[121.254403,29.3334635],[121.2543574,29.3335921],[121.2543493,29.3336692],[121.2543681,29.3339545],[121.254411,29.3340761],[121.2544647,29.3341205],[121.2544996,29.3340574],[121.2545344,29.33373],[121.2545827,29.3335967],[121.2547356,29.3333442],[121.2548831,29.3332062],[121.2549448,29.3331688],[121.2552237,29.3330963],[121.2554195,29.3328999],[121.2556073,29.3327339],[121.255669,29.3327012],[121.2558916,29.3326661],[121.256192,29.3326614],[121.2563986,29.3325913],[121.2564737,29.3325819],[121.2565461,29.3325539],[121.2566051,29.3325188],[121.2567419,29.3323832],[121.2569109,29.3321797],[121.2569109,29.3320441],[121.2569377,29.3319833],[121.256986,29.3319342],[121.2570021,29.3318664],[121.2570047,29.3316676],[121.2570503,29.3316185],[121.2571308,29.3316068],[121.257332,29.331518],[121.257112,29.3313028],[121.2570932,29.3312444],[121.2571898,29.3310141],[121.2571107,29.3310117],[121.2569015,29.3309673],[121.2566788,29.3309053],[121.2566145,29.3308738]]]},"properties":{"osmId":936300875,"kind":"water","name":null}},{"type":"Feature","geometry":{"type":"Polygon","coordinates":[[[121.2550789,29.2871428],[121.2550481,29.2871826],[121.254981,29.28722],[121.2548643,29.2872574],[121.2548402,29.2872879],[121.2548348,29.2873861],[121.2549327,29.2877206],[121.2549596,29.2877452],[121.2549971,29.2877522],[121.2551098,29.2877955],[121.2551446,29.287799],[121.2551768,29.2877838],[121.2551983,29.2877546],[121.2552237,29.2876937],[121.2552278,29.2875557],[121.2552841,29.2875124],[121.2553217,29.2874961],[121.2554665,29.2874797],[121.2554879,29.2874551],[121.2554719,29.28733],[121.2554879,29.2873124],[121.2552774,29.287213],[121.2550789,29.2871428]]]},"properties":{"osmId":936355871,"kind":"water","name":null}},{"type":"Feature","geometry":{"type":"Polygon","coordinates":[[[121.2684403,29.2985524],[121.2685785,29.2988097],[121.2686589,29.2988249],[121.2688909,29.2986834],[121.2688977,29.2986238],[121.2686951,29.298391],[121.2686402,29.298377],[121.2685034,29.2984507],[121.2684578,29.2984928],[121.2684403,29.2985524]]]},"properties":{"osmId":936362457,"kind":"water","name":null}},{"type":"Feature","geometry":{"type":"LineString","coordinates":[[121.2582064,29.2549059],[121.2578738,29.2549715],[121.2575948,29.2550744],[121.2569511,29.2551212],[121.2566829,29.2552429],[121.2560874,29.2556033],[121.2559426,29.2556501],[121.2557656,29.2556735],[121.2551004,29.2556641],[121.2549663,29.255725],[121.2545156,29.2560151],[121.2543601,29.2562492],[121.2542474,29.2563521],[121.2541884,29.2564878],[121.2542421,29.256764],[121.2542206,29.2569044],[121.2541133,29.2570027],[121.2536573,29.2570682],[121.2530833,29.2572601],[121.2529761,29.2573583],[121.252901,29.25748],[121.2527668,29.2575596],[121.2520641,29.2575736],[121.2513828,29.2580042],[121.251061,29.2582897],[121.2506211,29.2583739],[121.2502509,29.2585143],[121.2499988,29.2587624],[121.2496448,29.259235],[121.249516,29.2592959],[121.2493497,29.2592959],[121.2489635,29.25909],[121.2485826,29.259324],[121.2484002,29.2595392],[121.2483251,29.2597639],[121.2479496,29.2600306],[121.247353,29.260177]]},"properties":{"osmId":936387447,"kind":"stream","name":null}},{"type":"Feature","geometry":{"type":"Polygon","coordinates":[[[121.2391211,29.2712549],[121.2390755,29.2713532],[121.2390903,29.2713883],[121.2391332,29.2714445],[121.2391412,29.271476],[121.2391345,29.2716024],[121.2391278,29.2716375],[121.2390715,29.2717697],[121.238991,29.2719218],[121.238995,29.2719569],[121.2390259,29.2719779],[121.2390621,29.2719838],[121.2391721,29.2719054],[121.2392807,29.2718598],[121.2393907,29.2718457],[121.2394269,29.2718504],[121.2395637,29.2719686],[121.2397259,29.2721312],[121.2398426,29.2722131],[121.2399097,29.2722458],[121.2399432,29.2722587],[121.2399767,29.2722482],[121.2399861,29.2722142],[121.2399808,29.2721499],[121.2399352,29.2720458],[121.2398332,29.2716925],[121.2397514,29.2715404],[121.239742,29.2715065],[121.2397353,29.2714094],[121.2397434,29.2713123],[121.2397246,29.2712198],[121.2391211,29.2712549]]]},"properties":{"osmId":936387471,"kind":"water","name":null}},{"type":"Feature","geometry":{"type":"LineString","coordinates":[[121.2869591,29.2622867],[121.2864554,29.2625057],[121.2863754,29.2624917],[121.2862954,29.2625252],[121.2861947,29.2625559],[121.2861083,29.262549],[121.2860715,29.2625936],[121.2860411,29.2626103],[121.285806,29.262641],[121.2857533,29.2626606],[121.2855901,29.2626829],[121.2853519,29.2626215],[121.2851711,29.2625378],[121.2850144,29.2625127],[121.2848209,29.2625099],[121.2847584,29.2624296],[121.2846674,29.2621328],[121.2845873,29.2620733],[121.2843924,29.2620784],[121.2842579,29.2620642],[121.2841411,29.2619811],[121.2840003,29.2617981],[121.283794,29.2617524],[121.2835768,29.2617779],[121.2833961,29.261927],[121.2832467,29.2620015],[121.2828317,29.2619986],[121.2825716,29.2619447]]},"properties":{"osmId":936543729,"kind":"stream","name":null}},{"type":"Feature","geometry":{"type":"Polygon","coordinates":[[[121.25756,29.2198534],[121.2575693,29.2194496],[121.2575184,29.2192927],[121.2574272,29.2192892],[121.2572716,29.2194671],[121.2573306,29.219645],[121.2573199,29.2198206],[121.25756,29.2198534]]]},"properties":{"osmId":936543751,"kind":"water","name":null}},{"type":"Feature","geometry":{"type":"LineString","coordinates":[[121.305816,29.2625526],[121.306234,29.2624455],[121.3064432,29.2621085],[121.3066846,29.2619447],[121.3071245,29.2618933],[121.3074356,29.2619073],[121.3078755,29.2618699],[121.3081866,29.2618699],[121.3085192,29.2619213],[121.3089591,29.2619213],[121.3092703,29.2618839],[121.3094151,29.2618558],[121.3100159,29.2614767],[121.3108045,29.261107],[121.310944,29.2610836],[121.3113999,29.2610836],[121.3115501,29.2610322],[121.3116145,29.2609105],[121.3116199,29.260639],[121.3117969,29.2602834],[121.311931,29.2598154],[121.3120758,29.2595907],[121.3123709,29.2592818],[121.3135564,29.2583739],[121.3141733,29.2577093]]},"properties":{"osmId":936562854,"kind":"stream","name":null}},{"type":"Feature","geometry":{"type":"LineString","coordinates":[[121.3041311,29.2567359],[121.3051665,29.2574145],[121.3060892,29.2578919],[121.3063896,29.2578825],[121.3066846,29.2577889],[121.3068348,29.257803],[121.307382,29.2580136],[121.3079828,29.2581399],[121.3081223,29.2581493],[121.3087338,29.2580416],[121.3090289,29.2580416],[121.309281,29.2581118]]},"properties":{"osmId":936562855,"kind":"stream","name":null}},{"type":"Feature","geometry":{"type":"LineString","coordinates":[[121.3036966,29.2602225],[121.304689,29.2601757],[121.3049573,29.2600868],[121.3055742,29.2600447],[121.3058639,29.2599885],[121.3062286,29.2597826],[121.3069314,29.2592631],[121.3073015,29.2590759],[121.3075107,29.2588794],[121.3077521,29.2585611],[121.3080257,29.258388],[121.3083905,29.2583412],[121.309281,29.2581118],[121.3097852,29.2581118],[121.3102627,29.2581446],[121.3108528,29.2582663],[121.3114697,29.258299],[121.3119578,29.2583692],[121.3127142,29.2583505],[121.3131005,29.258168],[121.3134438,29.2578076],[121.3135618,29.2577327],[121.3141733,29.2577093],[121.3148493,29.257246],[121.3174188,29.2561883],[121.3177299,29.2559309],[121.3184649,29.2551821],[121.3187063,29.2550417],[121.3190013,29.2549995],[121.3194358,29.2549808],[121.3205999,29.254686],[121.3207394,29.2547],[121.3211256,29.254934],[121.3212597,29.2549668],[121.3214099,29.2549481],[121.3217586,29.2545128],[121.3220268,29.2544145],[121.3223112,29.2544052],[121.3225901,29.2544988],[121.3227349,29.2545222],[121.3233626,29.2544754],[121.3241458,29.254012],[121.3280779,29.2529496],[121.3297892,29.2525611],[121.3302183,29.2524207],[121.3303471,29.2523271],[121.3305777,29.2518357],[121.3308728,29.2515783],[121.330921,29.25148]]},"properties":{"osmId":936562856,"kind":"stream","name":null}},{"type":"Feature","geometry":{"type":"Polygon","coordinates":[[[121.3169253,29.2616031],[121.3168904,29.2617388],[121.3168435,29.2618289],[121.3170299,29.261754],[121.3171238,29.2616862],[121.3172042,29.2615469],[121.3169467,29.2613995],[121.3169213,29.2614592],[121.3169253,29.2616031]]]},"properties":{"osmId":936562857,"kind":"water","name":null}},{"type":"Feature","geometry":{"type":"Polygon","coordinates":[[[121.3550958,29.2623355],[121.3552514,29.2620337],[121.3552326,29.2618301],[121.3550824,29.2617669],[121.3547122,29.2619167],[121.3544521,29.2621132],[121.3544145,29.2621577],[121.3547605,29.2622279],[121.3550958,29.2623355]]]},"properties":{"osmId":936562867,"kind":"water","name":null}},{"type":"Feature","geometry":{"type":"LineString","coordinates":[[121.3109919,29.2928364],[121.3109919,29.2929579],[121.3107936,29.2931729],[121.3099791,29.2937104],[121.3090734,29.2938506],[121.3080766,29.2940656],[121.3073102,29.2940703]]},"properties":{"osmId":936690107,"kind":"stream","name":null}},{"type":"Feature","geometry":{"type":"LineString","coordinates":[[121.2980845,29.2414136],[121.2987169,29.2419747],[121.2991617,29.2424307],[121.299226,29.2424681],[121.2993761,29.2425102],[121.3000111,29.2425476],[121.3003648,29.242447],[121.3005926,29.242405],[121.30074,29.242405],[121.3007936,29.242447],[121.3008686,29.2424541],[121.301091,29.2424517],[121.3012357,29.242433],[121.3015465,29.2423512],[121.3017341,29.2424587],[121.302002,29.242585],[121.3021494,29.2426317],[121.3023102,29.2426341],[121.3024576,29.2426154],[121.3027148,29.2424985],[121.3030096,29.2424143],[121.3032346,29.2423675],[121.3034597,29.2423652],[121.3035883,29.2422974],[121.3038107,29.2422156],[121.3040733,29.2421595],[121.3044404,29.2421688],[121.3046736,29.2421501],[121.3047861,29.2422343],[121.3048343,29.2423512],[121.3048558,29.2424774],[121.3049361,29.2425803],[121.3050701,29.2426411],[121.3053649,29.2426645],[121.3055042,29.2426972],[121.3058124,29.2428328],[121.3059812,29.2430082],[121.3060562,29.2430503],[121.3062063,29.2430596],[121.3063992,29.2431321],[121.3065519,29.2432794],[121.3066698,29.2433519],[121.3067395,29.2433776],[121.3069699,29.243422],[121.3072888,29.2434431],[121.3077684,29.2435319],[121.3080364,29.2436535],[121.3085964,29.2439925],[121.3091832,29.2442216],[121.309635,29.2443281]]},"properties":{"osmId":936690108,"kind":"stream","name":null}},{"type":"Feature","geometry":{"type":"LineString","coordinates":[[121.253963,29.244432],[121.253671,29.2443502],[121.2535236,29.2442871],[121.2534647,29.244252],[121.2533575,29.2441445],[121.2528376,29.2438662],[121.2525724,29.2438148],[121.2525027,29.2437821],[121.2523982,29.2436885],[121.2522642,29.2436067],[121.252216,29.2435576],[121.2518918,29.2430152],[121.2517846,29.242924],[121.2515997,29.2428165],[121.2515675,29.242758],[121.2515541,29.2426294],[121.25153,29.2425686],[121.2513049,29.242239],[121.2512487,29.2421945],[121.2511093,29.2421291],[121.2510316,29.2421244],[121.2507958,29.2420683],[121.2507342,29.2420355],[121.250635,29.2419373],[121.2505681,29.2418228],[121.2502894,29.2412102],[121.2501581,29.2407543],[121.2499893,29.2405906],[121.249456,29.240324],[121.249381,29.240303],[121.2493221,29.2402562],[121.249105,29.2401323],[121.2489844,29.2400341],[121.2488987,29.2399336],[121.2488799,29.2398705],[121.2488397,29.2393374],[121.2487835,29.2392158],[121.248411,29.2390007],[121.2483708,29.2389399],[121.2483547,29.2388721],[121.2478831,29.2382969],[121.2478483,29.2382384],[121.2477143,29.2378246],[121.2476795,29.2377661],[121.2476339,29.2377123],[121.2474517,29.2375908],[121.2473633,29.2374832],[121.2473365,29.2374247],[121.2472776,29.2368729],[121.2472776,29.236742],[121.2472427,29.2366835],[121.2471382,29.2365877],[121.2466104,29.2364123],[121.2464121,29.2363141],[121.2462486,29.2361878],[121.2460905,29.23612],[121.245986,29.2360242],[121.2458869,29.2359166],[121.2458467,29.2358418],[121.2453912,29.2353788],[121.2453429,29.2353204],[121.245158,29.2349603],[121.2448392,29.2347615],[121.2446998,29.2346072],[121.2445659,29.23435],[121.2445203,29.2341512],[121.2444801,29.2340741],[121.2443247,29.2338356],[121.2442711,29.2337865],[121.244197,29.2336762]]},"properties":{"osmId":936690109,"kind":"stream","name":null}},{"type":"Feature","geometry":{"type":"Polygon","coordinates":[[[121.2700256,29.213749],[121.2699734,29.2139291],[121.2699961,29.2139513],[121.2702118,29.2140145],[121.270323,29.2140589],[121.2704008,29.2140075],[121.2703766,29.2138426],[121.2702427,29.2137257],[121.2700846,29.2137397],[121.2700256,29.213749]]]},"properties":{"osmId":936690114,"kind":"water","name":null}},{"type":"Feature","geometry":{"type":"LineString","coordinates":[[121.2630923,29.209917],[121.2626635,29.209365],[121.2625939,29.2092434],[121.2624706,29.2088739],[121.2622616,29.2085184],[121.2620955,29.2082845],[121.2618972,29.2080787],[121.2618007,29.2079804],[121.261431,29.2078027],[121.2611362,29.2078354],[121.2610076,29.2077793],[121.2609701,29.2076483],[121.2608575,29.2075641],[121.2607182,29.207522],[121.2605789,29.2072928],[121.2604663,29.2072133],[121.2603163,29.2071992],[121.2601823,29.207232],[121.2599679,29.2075594],[121.2598393,29.2076296],[121.2596946,29.2076296],[121.2594534,29.2077699],[121.2593141,29.207798],[121.2581083,29.2077793],[121.2568838,29.2077068],[121.2564899,29.2076413],[121.2557744,29.2076764],[121.255611,29.20766],[121.2554663,29.2075852],[121.2553886,29.2075828],[121.2552278,29.2076109],[121.2548848,29.2077933],[121.2547455,29.207819],[121.2544507,29.2076764],[121.2543462,29.2075805],[121.2541453,29.207508],[121.2540649,29.207508],[121.2538532,29.2076717],[121.2537808,29.2076717],[121.2537138,29.2076389],[121.2535022,29.2073606],[121.2533387,29.2072226],[121.2529234,29.2070589],[121.2524357,29.2069911]]},"properties":{"osmId":936690115,"kind":"stream","name":null}},{"type":"Feature","geometry":{"type":"LineString","coordinates":[[121.2592016,29.2175553],[121.2589497,29.2176722],[121.2586657,29.2177049],[121.257835,29.2169145],[121.2576528,29.2166479],[121.2575724,29.2163579],[121.2573078,29.2158585],[121.2570419,29.2151418],[121.2566587,29.214695],[121.2566319,29.2146062],[121.2565863,29.214246],[121.2566104,29.2141782],[121.2568087,29.2140262],[121.2568704,29.2136777],[121.256857,29.2134088],[121.2566506,29.2130697],[121.2566238,29.2127563],[121.2567257,29.2123727],[121.2567042,29.2122324],[121.2565917,29.2115448],[121.2563184,29.210904],[121.2560236,29.2106139],[121.2558896,29.2103801],[121.2559566,29.2100433],[121.2559218,29.2099895],[121.2558253,29.2098912],[121.2551528,29.2096153],[121.2550375,29.2095077],[121.2549062,29.209054],[121.2547026,29.2088552],[121.2545606,29.2087897],[121.2544105,29.208771],[121.2540354,29.2088247],[121.253888,29.2088107],[121.2531913,29.2084084],[121.2531214,29.208235],[121.2530895,29.2081558],[121.2530895,29.2077138],[121.2530145,29.2074846],[121.2528778,29.2073372],[121.2524357,29.2069911],[121.2523741,29.2068741],[121.2523768,29.2065303],[121.2522347,29.2063268],[121.2515595,29.2056743],[121.2510182,29.2050685],[121.2501161,29.2047316],[121.2497835,29.2041595]]},"properties":{"osmId":936690116,"kind":"stream","name":null}},{"type":"Feature","geometry":{"type":"LineString","coordinates":[[121.2514941,29.2100141],[121.2515813,29.2099368],[121.2516765,29.2098865],[121.2517624,29.2097881],[121.2518468,29.2096992],[121.2519142,29.2096722],[121.2519877,29.2096488],[121.2520614,29.2095786],[121.252158,29.2092848],[121.2522317,29.2092251],[121.2523229,29.2091724],[121.2524584,29.2091537],[121.2525925,29.209087],[121.2526515,29.2089816],[121.2526247,29.208861],[121.2526461,29.2088037],[121.2527736,29.2086808],[121.2528178,29.2084818],[121.2528849,29.2084197],[121.2529828,29.2083729],[121.2531214,29.208235]]},"properties":{"osmId":940276210,"kind":"stream","name":null}},{"type":"Feature","geometry":{"type":"LineString","coordinates":[[121.2585175,29.221959],[121.258429,29.2219646],[121.2583057,29.2219724]]},"properties":{"osmId":940346966,"kind":"stream","name":null}},{"type":"Feature","geometry":{"type":"LineString","coordinates":[[121.2583432,29.222158],[121.2582539,29.2222049],[121.2581568,29.2222559]]},"properties":{"osmId":940346967,"kind":"stream","name":null}},{"type":"Feature","geometry":{"type":"LineString","coordinates":[[121.2826681,29.2049934],[121.2827727,29.2050051]]},"properties":{"osmId":940449617,"kind":"stream","name":null}},{"type":"Feature","geometry":{"type":"LineString","coordinates":[[121.2812129,29.205337],[121.2812311,29.205296],[121.2813149,29.2052322],[121.2819158,29.2052041],[121.2820727,29.2051421],[121.2822685,29.2050215],[121.2826681,29.2049934]]},"properties":{"osmId":940449618,"kind":"stream","name":null}},{"type":"Feature","geometry":{"type":"LineString","coordinates":[[121.2827727,29.2050051],[121.2829068,29.2050004],[121.2829927,29.2049395],[121.2830731,29.2048131],[121.2830061,29.2046352],[121.283057,29.2044877],[121.2833467,29.2043027],[121.283454,29.2041786],[121.2836713,29.2037057],[121.2839073,29.2031649],[121.2844652,29.202624],[121.2845135,29.2024344],[121.2846288,29.2021745],[121.2849346,29.2017905],[121.2854093,29.2015376],[121.2861282,29.2012895],[121.2874103,29.2009476],[121.2887111,29.2007814],[121.2906799,29.2005543],[121.2912565,29.2004489],[121.291455,29.2003647]]},"properties":{"osmId":940449619,"kind":"stream","name":null}},{"type":"Feature","geometry":{"type":"Polygon","coordinates":[[[121.2793804,29.2063103],[121.2793918,29.2063168],[121.2794267,29.2063203],[121.2794535,29.2062939],[121.2794535,29.2062606],[121.2794327,29.2062249],[121.279377,29.2062547],[121.2793636,29.2062857],[121.2793804,29.2063103]]]},"properties":{"osmId":940449620,"kind":"water","name":null}},{"type":"Feature","geometry":{"type":"Polygon","coordinates":[[[121.4373538,29.303068],[121.4374691,29.3031136],[121.4375885,29.3032504],[121.4376408,29.303406],[121.4376153,29.3035603],[121.4376716,29.3035989],[121.4377816,29.303613],[121.4378446,29.3035486],[121.4378956,29.3035346],[121.4379492,29.3035451],[121.4380082,29.303613],[121.4380659,29.3036071],[121.4380941,29.3035861],[121.4382416,29.3035837],[121.4383408,29.3036247],[121.4384267,29.3036258],[121.4384723,29.3035755],[121.4385045,29.3035568],[121.4385782,29.3035416],[121.438601,29.3035159],[121.4386004,29.3034841],[121.4385997,29.3034481],[121.4385661,29.3033873],[121.4385661,29.3033194],[121.438475,29.3032282],[121.4384146,29.3031943],[121.4383945,29.3031674],[121.4383717,29.3030738],[121.4382175,29.3028902],[121.4382282,29.3028259],[121.4382215,29.302792],[121.4381772,29.3027417],[121.4381517,29.3026809],[121.4381196,29.3026633],[121.4379305,29.3026435],[121.4378621,29.3026692],[121.4377092,29.3027008],[121.4376569,29.3027931],[121.4376301,29.3028177],[121.4375563,29.3028388],[121.4375268,29.3028586],[121.4374571,29.3029335],[121.4373967,29.3029756],[121.4373739,29.3030025],[121.4373538,29.303068]]]},"properties":{"osmId":940457789,"kind":"water","name":null}},{"type":"Feature","geometry":{"type":"LineString","coordinates":[[121.6793659,29.1734907],[121.6792625,29.173301],[121.6791469,29.173007],[121.6791324,29.1728046],[121.6791733,29.172172],[121.6791191,29.1714846],[121.6792074,29.1703431],[121.6795014,29.1691543],[121.6797282,29.1683531],[121.6808301,29.1638141],[121.6813358,29.1614349],[121.6813423,29.161087],[121.6812121,29.1606007],[121.6807313,29.1596403],[121.6788466,29.1565457],[121.6775273,29.1544437],[121.6774312,29.1537071],[121.677511,29.1533652],[121.6773944,29.1530485],[121.6769586,29.15262]]},"properties":{"osmId":966906032,"kind":"river","name":null}},{"type":"Feature","geometry":{"type":"LineString","coordinates":[[121.7199674,29.1781101],[121.7199398,29.1780033],[121.7198709,29.1779109],[121.719608,29.1777283],[121.7172313,29.1766098],[121.7156517,29.1758829],[121.7150992,29.1756183],[121.7144464,29.1751364],[121.7137856,29.1743299],[121.7136215,29.1741097],[121.7134035,29.173053],[121.7135446,29.1722104],[121.7138867,29.1708581],[121.7161183,29.1665086],[121.7226309,29.15457],[121.7292915,29.1427262]]},"properties":{"osmId":966906033,"kind":"river","name":null}},{"type":"Feature","geometry":{"type":"LineString","coordinates":[[121.6914314,29.1754567],[121.7000627,29.1762904],[121.7005616,29.1764262],[121.7069346,29.1791287],[121.7072586,29.1792515]]},"properties":{"osmId":969623032,"kind":"canal","name":null}},{"type":"Feature","geometry":{"type":"LineString","coordinates":[[121.6915172,29.1748009],[121.6914314,29.1754567],[121.6912115,29.1773723],[121.6912597,29.1774801],[121.6980565,29.1781311],[121.7003739,29.1783653],[121.7062908,29.1809788],[121.7070569,29.1814178]]},"properties":{"osmId":969623033,"kind":"canal","name":null}},{"type":"Feature","geometry":{"type":"LineString","coordinates":[[121.7077607,29.1767728],[121.7069828,29.1766136],[121.7008299,29.1746276],[121.7002505,29.1745339],[121.692118,29.173733],[121.6917533,29.1737189],[121.6916192,29.173822],[121.6915172,29.1748009],[121.6819417,29.1742998],[121.681534,29.1741827],[121.6811854,29.1738033],[121.6808313,29.173274],[121.6799837,29.1734004],[121.6793659,29.1734907]]},"properties":{"osmId":969623034,"kind":"canal","name":null}},{"type":"Feature","geometry":{"type":"LineString","coordinates":[[121.6629973,29.1651905],[121.6635901,29.1656763],[121.6644215,29.1658684],[121.6659236,29.166468],[121.6666853,29.1671144],[121.6673827,29.1680419],[121.6678816,29.16933],[121.6681713,29.1709835],[121.6683644,29.1718641],[121.669051,29.1726791],[121.6701689,29.1731757],[121.6720283,29.1732506],[121.6762662,29.1733395],[121.6783905,29.1733958],[121.6792625,29.173301]]},"properties":{"osmId":969623035,"kind":"canal","name":null}},{"type":"Feature","geometry":{"type":"LineString","coordinates":[[121.7068434,29.1819108],[121.707015,29.1816204],[121.7070569,29.1814178],[121.7070848,29.1812832],[121.7072082,29.1797329],[121.7072586,29.1792515],[121.7073852,29.1780421],[121.7077607,29.1767728],[121.7087574,29.1747986],[121.7089018,29.1743422]]},"properties":{"osmId":969623036,"kind":"river","name":null}},{"type":"Feature","geometry":{"type":"LineString","coordinates":[[121.7241704,29.199112],[121.7245191,29.1987561],[121.7253184,29.1976697],[121.7255598,29.1972576],[121.7263806,29.1948178],[121.7266005,29.1945743],[121.727255,29.1927339],[121.728301,29.1898304],[121.7288965,29.188032],[121.7291164,29.1879618],[121.7295885,29.1880461],[121.7299906,29.1881585],[121.7301092,29.1881917],[121.7308813,29.1885612],[121.7313909,29.1887439],[121.7345238,29.1899615],[121.7359722,29.1902612],[121.7370665,29.1901301],[121.7419374,29.1885846],[121.7428815,29.1885191],[121.745038,29.1885846],[121.7459071,29.188491],[121.750735,29.1873108],[121.7515933,29.1868331],[121.7522585,29.1860369],[121.7529023,29.1854468],[121.7571294,29.184276],[121.7582588,29.1841583]]},"properties":{"osmId":969623037,"kind":"canal","name":null}},{"type":"Feature","geometry":{"type":"Polygon","coordinates":[[[121.4774501,29.1744262],[121.4772838,29.1746745],[121.4776379,29.1747681],[121.4778471,29.1749133],[121.478228,29.1746932],[121.4786732,29.1745902],[121.4789092,29.1743232],[121.4783567,29.1739157],[121.4781904,29.1740421],[121.4780241,29.1743138],[121.4774501,29.1744262]]]},"properties":{"osmId":971708189,"kind":"water","name":null}},{"type":"Feature","geometry":{"type":"LineString","coordinates":[[121.5016329,29.1782154],[121.5018475,29.17874],[121.5022767,29.1791568],[121.5010267,29.1818593],[121.5005869,29.1836999],[121.5006995,29.1855592]]},"properties":{"osmId":971708192,"kind":"canal","name":null}},{"type":"Feature","geometry":{"type":"Polygon","coordinates":[[[121.5398866,29.1454242],[121.5401387,29.1449557],[121.5409005,29.1452274],[121.5410238,29.1453586],[121.5404981,29.1466095],[121.5401655,29.1476075],[121.5397632,29.1497438],[121.5397578,29.1512852],[121.5401065,29.153281],[121.5405303,29.1545178],[121.5400207,29.1549488],[121.5398383,29.1548785],[121.5394521,29.1535293],[121.539318,29.1534403],[121.5391999,29.1533419],[121.5391999,29.1531873],[121.5392053,29.1529952],[121.5390068,29.1512852],[121.5389156,29.1495611],[121.539098,29.1480947],[121.5394521,29.146825],[121.5394467,29.1465018],[121.5397149,29.1459395],[121.5398866,29.1454242]]]},"properties":{"osmId":971708229,"kind":"water","name":null}},{"type":"Feature","geometry":{"type":"Polygon","coordinates":[[[121.5107685,29.1650018],[121.5104842,29.1652688],[121.5103608,29.1654515],[121.5098351,29.1658497],[121.5093201,29.1665757],[121.5089446,29.166838],[121.5082741,29.1672784],[121.5079361,29.1674142],[121.5076089,29.1670863],[121.5075713,29.1669832],[121.5076411,29.1669224],[121.5078342,29.166913],[121.5082258,29.166838],[121.5087032,29.1663649],[121.5092665,29.1656295],[121.5095186,29.1654328],[121.5099692,29.1650955],[121.510275,29.1648379],[121.5107685,29.1650018]]]},"properties":{"osmId":971708233,"kind":"water","name":null}},{"type":"Feature","geometry":{"type":"Polygon","coordinates":[[[121.5250593,29.1614417],[121.524893,29.1626784],[121.5244907,29.1641024],[121.5237665,29.1660979],[121.5237611,29.1664024],[121.5238148,29.1669317],[121.523686,29.1676203],[121.5208054,29.1698546],[121.5201348,29.1700233],[121.5196145,29.1698078],[121.5191746,29.1693534],[121.5216958,29.1673767],[121.5222323,29.1666741],[121.5228116,29.1655967],[121.5234822,29.1640181],[121.5237933,29.1628142],[121.5240025,29.1614089],[121.5250593,29.1614417]]]},"properties":{"osmId":971708235,"kind":"water","name":null}},{"type":"Feature","geometry":{"type":"Polygon","coordinates":[[[121.5221089,29.1557545],[121.5220392,29.1525361],[121.5221304,29.147912],[121.5222001,29.1475044],[121.5220606,29.1474435],[121.5220123,29.1473404],[121.5214598,29.1474341],[121.5213686,29.1475747],[121.5214062,29.1478745],[121.5215564,29.1479026],[121.5215939,29.1480807],[121.5215725,29.1520395],[121.5216422,29.1536604],[121.5215564,29.1539041],[121.5215349,29.155614],[121.5215456,29.1557358],[121.5216315,29.155778],[121.5221089,29.1557545]]]},"properties":{"osmId":971708236,"kind":"water","name":null}},{"type":"Feature","geometry":{"type":"Polygon","coordinates":[[[121.5226614,29.1570241],[121.5179086,29.1594882],[121.5155375,29.1607905],[121.5128446,29.1624301],[121.5115035,29.1638401],[121.5114094,29.1639429],[121.5112551,29.1639409],[121.5111989,29.1640356],[121.5112862,29.1641002],[121.5110153,29.1647816],[121.5107685,29.1650018],[121.510275,29.1648379],[121.510672,29.1642336],[121.5108215,29.1640539],[121.5109523,29.1640207],[121.5109106,29.1638882],[121.5111762,29.1633435],[121.5117234,29.1627439],[121.5118951,29.1625566],[121.5126032,29.1617227],[121.5133542,29.1613199],[121.5137285,29.1611316],[121.5151995,29.16013],[121.5164012,29.1592493],[121.5180159,29.1585419],[121.5207034,29.1570007],[121.5216047,29.1565228],[121.5216851,29.1563261],[121.5216315,29.155778],[121.5221089,29.1557545],[121.5221894,29.1558951],[121.5223181,29.1559279],[121.5226614,29.1570241]]]},"properties":{"osmId":971708237,"kind":"water","name":null}},{"type":"Feature","geometry":{"type":"Polygon","coordinates":[[[121.5286696,29.1466798],[121.529088,29.1466376],[121.5290987,29.1463846],[121.5296942,29.1459255],[121.5327573,29.1453867],[121.5328646,29.1454195],[121.5334117,29.1461738],[121.5333956,29.1462628],[121.532827,29.1467501],[121.5325588,29.1470499],[121.5323549,29.147481],[121.5321028,29.1476731],[121.5313035,29.1481322],[121.5307671,29.1485679],[121.5296996,29.1499594],[121.5275699,29.1528921],[121.5263522,29.1548223],[121.5257245,29.1563682],[121.5254885,29.1575675],[121.5253866,29.1584857],[121.5252417,29.1589026],[121.525113,29.1600035],[121.5250593,29.1614417],[121.5240025,29.1614089],[121.5240133,29.1598911],[121.5235949,29.1584904],[121.5230423,29.1571506],[121.5228814,29.1570382],[121.5226614,29.1570241],[121.5223181,29.1559279],[121.5225595,29.1557733],[121.5232301,29.1550565],[121.5240294,29.1537401],[121.5248501,29.1525642],[121.5251344,29.1519505],[121.5263843,29.1503107],[121.5284014,29.1475278],[121.5286052,29.1472561],[121.5285945,29.1471483],[121.5286696,29.1466798]]]},"properties":{"osmId":971708238,"kind":"water","name":null}},{"type":"Feature","geometry":{"type":"Polygon","coordinates":[[[121.5222001,29.1475044],[121.5280366,29.1465393],[121.5283906,29.1466048],[121.5286696,29.1466798],[121.5285945,29.1471483],[121.5283424,29.1469656],[121.52794,29.1469375],[121.5223932,29.1478558],[121.5221304,29.147912],[121.5222001,29.1475044]]]},"properties":{"osmId":971708239,"kind":"water","name":null}},{"type":"Feature","geometry":{"type":"LineString","coordinates":[[121.4597905,29.3607455],[121.4598958,29.3608505],[121.4641893,29.3651309],[121.4653265,29.3656732],[121.4674401,29.3667859],[121.4690016,29.3678558]]},"properties":{"osmId":977567986,"kind":"stream","name":null}},{"type":"Feature","geometry":{"type":"Polygon","coordinates":[[[121.4423454,29.4179465],[121.4416802,29.4180119],[121.4409828,29.4183016],[121.440103,29.417825],[121.4395022,29.4165072],[121.439116,29.415339],[121.4379573,29.4145446],[121.4374208,29.4141708],[121.4375603,29.4138811],[121.4379895,29.4137783],[121.4384293,29.4139465],[121.4391696,29.4145914],[121.4399099,29.415096],[121.4408004,29.4165072],[121.4417875,29.4170212],[121.443148,29.4168286],[121.4432636,29.4167196],[121.4431007,29.4171843],[121.4428701,29.41754],[121.442511,29.4177825],[121.4423454,29.4179465]]]},"properties":{"osmId":977568007,"kind":"water","name":null}},{"type":"Feature","geometry":{"type":"LineString","coordinates":[[121.5902013,29.2824057],[121.5882617,29.281649],[121.587847,29.2815213],[121.5871234,29.2815072],[121.5865542,29.2816419],[121.5858631,29.2816064],[121.5854403,29.2815355],[121.5848223,29.281571],[121.5841149,29.2816561],[121.5815618,29.2816348],[121.5784152,29.2816419],[121.5779436,29.2815284],[121.5772768,29.2815568],[121.5767402,29.2816277],[121.5747498,29.2816475],[121.5746017,29.281649],[121.5741383,29.2816064],[121.5740407,29.2815072],[121.5740163,29.2772235],[121.5739919,29.2742943],[121.573813,29.2739893],[121.5734715,29.2737056],[121.5730081,29.2735709],[121.5726584,29.2733084],[121.5724552,29.2727978],[121.5725527,29.2716559],[121.5730406,29.2714644],[121.5736829,29.2714573],[121.5739838,29.2712658],[121.5748294,29.2696486],[121.5753254,29.2686485],[121.5757075,29.2666554],[121.576732,29.264414],[121.5779029,29.2620874],[121.5778713,29.2615221]]},"properties":{"osmId":989651889,"kind":"river","name":null}},{"type":"Feature","geometry":{"type":"Polygon","coordinates":[[[121.5289262,29.1753304],[121.5290813,29.1753946],[121.5289807,29.175514],[121.5312391,29.1766885],[121.5331382,29.1776768],[121.5337551,29.1772552],[121.5337497,29.1771522],[121.532473,29.1758829],[121.5322262,29.1759391],[121.5313518,29.1758501],[121.5297908,29.175171],[121.5295494,29.1751054],[121.529308,29.1752834],[121.5290952,29.1752122],[121.5289262,29.1753304]]]},"properties":{"osmId":1002823425,"kind":"water","name":null}},{"type":"Feature","geometry":{"type":"Polygon","coordinates":[[[121.5229618,29.169138],[121.5227526,29.16896],[121.5217388,29.1696907],[121.5216261,29.1698921],[121.5217334,29.1701544],[121.5227687,29.1712224],[121.5244478,29.1729789],[121.5245873,29.172918],[121.5253437,29.173541],[121.5263468,29.1743232],[121.5268671,29.1747307],[121.5272856,29.1749695],[121.5283585,29.1754239],[121.5286589,29.1755176],[121.5289262,29.1753304],[121.5290952,29.1752122],[121.5293348,29.1750445],[121.5291685,29.1749133],[121.5282887,29.1745386],[121.5271193,29.1738407],[121.5262127,29.1732927],[121.5254724,29.1726416],[121.5239704,29.171569],[121.5234876,29.1710819],[121.5231013,29.1703933],[121.5229618,29.169138]]]},"properties":{"osmId":1002823426,"kind":"water","name":null}},{"type":"Feature","geometry":{"type":"Polygon","coordinates":[[[121.5124315,29.149519],[121.5141374,29.1492285],[121.5157843,29.1489099],[121.5161598,29.1489005],[121.5164602,29.1488396],[121.5167499,29.1486944],[121.5181982,29.1484836],[121.5194428,29.1482399],[121.5202796,29.1480479],[121.5214062,29.1478745],[121.5213686,29.1475747],[121.5201133,29.1478042],[121.5192336,29.1480432],[121.5166962,29.1485023],[121.5168464,29.1482915],[121.5167713,29.1481135],[121.5161598,29.1482118],[121.5160793,29.1485773],[121.5159184,29.148671],[121.515398,29.1487366],[121.5137458,29.1490879],[121.5124637,29.1492379],[121.5124315,29.149519]]]},"properties":{"osmId":1002823427,"kind":"water","name":null}},{"type":"Feature","geometry":{"type":"Polygon","coordinates":[[[121.5117931,29.1497298],[121.5115678,29.1503951],[121.5114337,29.1506059],[121.511144,29.1515148],[121.5109456,29.1536417],[121.5104413,29.1535949],[121.5105379,29.1519739],[121.5106612,29.1507418],[121.5108597,29.1498188],[121.5117931,29.1497298]]]},"properties":{"osmId":1002823428,"kind":"water","name":null}},{"type":"Feature","geometry":{"type":"Polygon","coordinates":[[[121.5057582,29.1515195],[121.5057206,29.15166],[121.505844,29.1517115],[121.5068686,29.1511915],[121.508081,29.1505965],[121.5085423,29.1503951],[121.5087408,29.1503576],[121.5094221,29.1500999],[121.510275,29.1498985],[121.5106988,29.1498094],[121.5108597,29.1498188],[121.5117931,29.1497298],[121.5120184,29.149622],[121.5124315,29.149519],[121.5124637,29.1492379],[121.5120614,29.1489708],[121.5112299,29.1490833],[121.5110689,29.1492613],[121.5109831,29.1495283],[121.5089393,29.1500484],[121.5081775,29.1503623],[121.5066594,29.1510556],[121.5057582,29.1515195]]]},"properties":{"osmId":1002823429,"kind":"water","name":null}},{"type":"Feature","geometry":{"type":"Polygon","coordinates":[[[121.5233052,29.1584295],[121.5237182,29.1596615],[121.5236807,29.1598349],[121.5231174,29.1609545],[121.5220982,29.1623645],[121.5206122,29.1641774],[121.519078,29.1659152],[121.517753,29.1675828],[121.5167338,29.1686461],[121.5161115,29.1688616],[121.5135473,29.1709039],[121.513381,29.170754],[121.5159237,29.1686977],[121.5161276,29.1684307],[121.5169054,29.1676952],[121.5181661,29.166126],[121.5185577,29.1655171],[121.5184128,29.1652548],[121.5185791,29.1649971],[121.5189332,29.1648144],[121.5201831,29.1634607],[121.5215081,29.1617883],[121.5224522,29.1605094],[121.5229404,29.1595351],[121.5233052,29.1584295]]]},"properties":{"osmId":1002823430,"kind":"water","name":null}},{"type":"Feature","geometry":{"type":"LineString","coordinates":[[121.4372892,29.3127182],[121.4377594,29.3111572]]},"properties":{"osmId":1028699183,"kind":"river","name":null}},{"type":"Feature","geometry":{"type":"LineString","coordinates":[[121.4369315,29.3146117],[121.4371749,29.3135001],[121.4372892,29.3127182]]},"properties":{"osmId":1028699184,"kind":"river","name":null}},{"type":"Feature","geometry":{"type":"LineString","coordinates":[[121.4377594,29.3111572],[121.4376469,29.3103734],[121.4373151,29.3093881],[121.4371754,29.3089991]]},"properties":{"osmId":1028699185,"kind":"river","name":null}},{"type":"Feature","geometry":{"type":"LineString","coordinates":[[121.4367697,29.3153344],[121.4369315,29.3146117]]},"properties":{"osmId":1028699186,"kind":"river","name":null}},{"type":"Feature","geometry":{"type":"LineString","coordinates":[[121.6287117,29.2375364],[121.6250414,29.2428303],[121.6227454,29.2461583],[121.6220158,29.2468229],[121.621061,29.2482083],[121.62112,29.2485968],[121.6212058,29.2488823],[121.6216028,29.2488917],[121.6211092,29.2517702]]},"properties":{"osmId":1061505723,"kind":"canal","name":null}},{"type":"Feature","geometry":{"type":"LineString","coordinates":[[121.6274309,29.2373003],[121.6279542,29.2268396],[121.6282769,29.2213704],[121.6282976,29.2210203]]},"properties":{"osmId":1061505726,"kind":"stream","name":null}},{"type":"Feature","geometry":{"type":"LineString","coordinates":[[121.6095436,29.2367498],[121.6112494,29.2368551],[121.6221499,29.2369324],[121.6256744,29.2369511],[121.6263235,29.2370962],[121.6274309,29.2373003],[121.6287117,29.2375364],[121.6380554,29.2392588],[121.6394448,29.2395209],[121.6411936,29.2403401],[121.641773,29.2405414],[121.6421565,29.2405601],[121.6423785,29.2404534]]},"properties":{"osmId":1061505729,"kind":"canal","name":null}},{"type":"Feature","geometry":{"type":"Polygon","coordinates":[[[121.5329155,29.1823674],[121.531789,29.1816602],[121.5306491,29.180871],[121.5302226,29.1807469],[121.5297908,29.1805221],[121.5294662,29.1804401],[121.5288654,29.1803957],[121.5280044,29.1805549],[121.5273365,29.1808687],[121.5267786,29.1810279],[121.5249252,29.1817422],[121.5244049,29.1817281],[121.523686,29.181494],[121.5211326,29.1806275],[121.5208322,29.1805947],[121.5202957,29.1802294],[121.5196681,29.1800889],[121.5189707,29.1797891],[121.5178281,29.179021],[121.5171146,29.1784917],[121.516943,29.1781826],[121.5168518,29.1767447],[121.5169108,29.1757002],[121.517517,29.1737283],[121.5174794,29.1732271],[121.5172112,29.1729133],[121.5159452,29.1724215],[121.5160793,29.1721217],[121.5170127,29.1724871],[121.5176833,29.1728946],[121.5179086,29.1732318],[121.5179354,29.1737845],[121.5178335,29.1743841],[121.5173131,29.1760094],[121.5172702,29.1768243],[121.5174311,29.1782107],[121.5177154,29.1784636],[121.5189761,29.179377],[121.5207303,29.1799343],[121.5212345,29.1801357],[121.5243781,29.1812176],[121.5248126,29.1811989],[121.5254027,29.1809694],[121.5274626,29.1802622],[121.5281331,29.179925],[121.5290183,29.1797704],[121.5295064,29.1798172],[121.5298873,29.1800467],[121.5305364,29.1803512],[121.5311372,29.180679],[121.5326983,29.1815642],[121.5331516,29.1818991],[121.5329155,29.1823674]]]},"properties":{"osmId":1061535707,"kind":"water","name":null}},{"type":"Feature","geometry":{"type":"Polygon","coordinates":[[[121.5352549,29.183944],[121.5348628,29.1837069],[121.5345222,29.1834353],[121.5329155,29.1823674],[121.5331516,29.1818991],[121.5340152,29.1824634],[121.5343156,29.1827],[121.5346402,29.1827562],[121.5347958,29.1831074],[121.534718,29.1831988],[121.5349835,29.1834821],[121.5351149,29.1835266],[121.5352622,29.1834518],[121.5352549,29.183944]]]},"properties":{"osmId":1061535708,"kind":"water","name":null}},{"type":"Feature","geometry":{"type":"LineString","coordinates":[[121.465933,29.3885861],[121.4662247,29.3891248],[121.4675043,29.3899003],[121.4682427,29.3902176],[121.4710092,29.3915881],[121.4741095,29.3930819],[121.4745445,29.3931436],[121.4748429,29.393104],[121.4759056,29.3928616],[121.4759658,29.3928616],[121.476639,29.3928616],[121.4770499,29.3930941],[121.4777955,29.3934648],[121.4790509,29.3941395],[121.479678,29.3945537],[121.4801889,29.3948401],[121.4814887,29.3949062],[121.4822271,29.395131],[121.4838374,29.3954438],[121.4846567,29.3961797],[121.4858655,29.3964353],[121.486437,29.3969817],[121.4869684,29.3972725],[121.4876461,29.3978189],[121.48842,29.3981405],[121.4886901,29.3981399]]},"properties":{"osmId":1123632134,"kind":"river","name":null}},{"type":"Feature","geometry":{"type":"LineString","coordinates":[[121.4417241,29.3805254],[121.4416681,29.3806063],[121.441538,29.3808991],[121.4412886,29.3810692],[121.4409905,29.3811329],[121.4408155,29.3811428],[121.4416097,29.3816867],[121.4444267,29.3837007],[121.4447056,29.3839067],[121.4448829,29.383911],[121.4450527,29.3839648],[121.4453864,29.3839968],[121.44566,29.3839968]]},"properties":{"osmId":1123632137,"kind":"river","name":null}},{"type":"Feature","geometry":{"type":"LineString","coordinates":[[121.4460411,29.3840068],[121.4462051,29.3840112]]},"properties":{"osmId":1123632138,"kind":"river","name":null}},{"type":"Feature","geometry":{"type":"LineString","coordinates":[[121.4462051,29.3840112],[121.4463376,29.3840146]]},"properties":{"osmId":1123632141,"kind":"river","name":null}},{"type":"Feature","geometry":{"type":"LineString","coordinates":[[121.4465382,29.3840199],[121.4468002,29.3840268],[121.4490198,29.3841238],[121.4492711,29.3841396],[121.4493688,29.3841458],[121.4516041,29.3841987],[121.4525549,29.3842648],[121.4532174,29.3843133],[121.4544667,29.3844058],[121.4557867,29.3845116],[121.4560422,29.3845323],[121.4583459,29.3847187],[121.4594019,29.3845072],[121.4601608,29.3844746],[121.4607775,29.3845601],[121.4612739,29.3848494],[121.4617606,29.3850224],[121.4624156,29.3853371],[121.4631312,29.3857605],[121.4635333,29.3859859],[121.4637414,29.3861025],[121.4642775,29.3866313],[121.4646042,29.3869025],[121.4648917,29.3871134],[121.4652766,29.3874736],[121.4653936,29.3876497],[121.4657543,29.3882563],[121.4658873,29.3885018]]},"properties":{"osmId":1123632146,"kind":"river","name":"独山渠"}},{"type":"Feature","geometry":{"type":"LineString","coordinates":[[121.4658873,29.3885018],[121.465933,29.3885861]]},"properties":{"osmId":1123632147,"kind":"river","name":null}},{"type":"Feature","geometry":{"type":"LineString","coordinates":[[121.44566,29.3839968],[121.4460411,29.3840068]]},"properties":{"osmId":1123632148,"kind":"river","name":null}},{"type":"Feature","geometry":{"type":"LineString","coordinates":[[121.4463376,29.3840146],[121.4465382,29.3840199]]},"properties":{"osmId":1123632149,"kind":"river","name":null}},{"type":"Feature","geometry":{"type":"Polygon","coordinates":[[[121.4774954,29.3815653],[121.4774954,29.381488],[121.4779593,29.3814527],[121.4780543,29.3815816],[121.4780232,29.3816413],[121.4774954,29.3815653]]]},"properties":{"osmId":1123780838,"kind":"water","name":null}},{"type":"Feature","geometry":{"type":"Polygon","coordinates":[[[121.4788437,29.3801652],[121.4787688,29.3801326],[121.4787732,29.3800405],[121.4788415,29.3799964],[121.4789428,29.3800099],[121.4789714,29.3799542],[121.4791101,29.3798545],[121.4791167,29.3797988],[121.4791915,29.3797892],[121.4792598,29.3797451],[121.4793192,29.3797068],[121.4794227,29.3796473],[121.4794557,29.3796473],[121.4794777,29.3796876],[121.4795063,29.3797029],[121.479546,29.3797106],[121.4795878,29.3797106],[121.479623,29.3797048],[121.4796516,29.3797413],[121.4796538,29.3797681],[121.4796296,29.3797969],[121.4795746,29.3798564],[121.4794535,29.3799465],[121.4793809,29.3799676],[121.4792576,29.3800156],[121.4791673,29.3800041],[121.4791013,29.3800386],[121.4790352,29.3800885],[121.4790198,29.3801077],[121.4788437,29.3801652]]]},"properties":{"osmId":1123819288,"kind":"water","name":null}},{"type":"Feature","geometry":{"type":"Polygon","coordinates":[[[121.4944789,29.439024],[121.4944991,29.438883],[121.4945801,29.438632],[121.4945497,29.438306],[121.4946003,29.4382091],[121.4946964,29.4382091],[121.4947621,29.4383412],[121.4948431,29.4383192],[121.4949139,29.4385703],[121.4950504,29.4387068],[121.4953488,29.4388302],[121.4957787,29.4389887],[121.4960215,29.4391032],[121.4956978,29.4394997],[121.4944789,29.439024]]]},"properties":{"osmId":1123826530,"kind":"water","name":null}},{"type":"Feature","geometry":{"type":"Polygon","coordinates":[[[121.4805849,29.4494508],[121.4805849,29.4492881],[121.4806817,29.4491312],[121.4807751,29.449044],[121.480962,29.4491718],[121.4811021,29.4493055],[121.4813323,29.4493898],[121.4815259,29.4494072],[121.481627,29.4494168],[121.4818329,29.4494363],[121.4819834,29.4493736],[121.4821332,29.4493113],[121.4824168,29.4492212],[121.4823434,29.4494246],[121.4824068,29.4496309],[121.482587,29.4497849],[121.4825036,29.449782],[121.4821265,29.4501743],[121.4820164,29.4500987],[121.4819697,29.4500116],[121.4818862,29.4499099],[121.4815859,29.4498779],[121.4813857,29.4498401],[121.4811288,29.4498489],[121.4809386,29.4497384],[121.4808251,29.449599],[121.480665,29.4495002],[121.4805849,29.4494508]]]},"properties":{"osmId":1123826532,"kind":"water","name":null}},{"type":"Feature","geometry":{"type":"Polygon","coordinates":[[[121.4935163,29.449944],[121.4934958,29.4498653],[121.4938368,29.4498117],[121.4939888,29.4497366],[121.4939477,29.4495291],[121.4939313,29.4491749],[121.4939518,29.4489889],[121.4940052,29.4489424],[121.4940709,29.4489424],[121.4941572,29.4489388],[121.4942517,29.4489531],[121.4949418,29.4496114],[121.4962441,29.4494611],[121.4962112,29.4495613],[121.4935163,29.449944]]]},"properties":{"osmId":1123826537,"kind":"water","name":null}},{"type":"Feature","geometry":{"type":"Polygon","coordinates":[[[121.4981462,29.4581843],[121.4979034,29.4580742],[121.4978883,29.4578056],[121.4982271,29.4576339],[121.4984547,29.4576471],[121.4986671,29.4580126],[121.4989352,29.4580478],[121.4991389,29.4580436],[121.4993651,29.458039],[121.4998102,29.4578981],[121.5001794,29.4576823],[121.5005688,29.4579421],[121.5005031,29.4581887],[121.5006396,29.4583429],[121.5003311,29.4586599],[121.4996483,29.4586247],[121.4993803,29.4584794],[121.4993398,29.4582592],[121.4989757,29.4582856],[121.498743,29.4583429],[121.4983182,29.4582548],[121.4981462,29.4581843]]]},"properties":{"osmId":1123826543,"kind":"water","name":null}},{"type":"Feature","geometry":{"type":"Polygon","coordinates":[[[121.5118513,29.4745045],[121.5118192,29.4745399],[121.5117755,29.4745642],[121.5117251,29.4745747],[121.5116735,29.4745701],[121.5116265,29.4745511],[121.5115899,29.4745206],[121.5115665,29.4744814],[121.5115588,29.4744377],[121.5115676,29.4743942],[121.511592,29.4743555],[121.5116294,29.4743256],[121.5116759,29.4743078],[121.5117264,29.4743039],[121.5117757,29.4743144],[121.5118194,29.4743387],[121.5118515,29.4743742],[121.5118684,29.4744168],[121.5118684,29.4744619],[121.5118513,29.4745045]]]},"properties":{"osmId":1123826544,"kind":"water","name":null}},{"type":"Feature","geometry":{"type":"Polygon","coordinates":[[[121.5115124,29.4743817],[121.5115148,29.4744241],[121.5115012,29.4744649],[121.5114731,29.4744997],[121.5114336,29.4745247],[121.511387,29.4745371],[121.5113382,29.4745357],[121.5112926,29.4745205],[121.511255,29.4744933],[121.5112297,29.4744569],[121.5112193,29.4744153],[121.511225,29.4743731],[121.5112462,29.4743347],[121.5112805,29.4743044],[121.5113243,29.4742855],[121.5113727,29.47428],[121.5114205,29.4742885],[121.5114626,29.47431],[121.5114944,29.4743422],[121.5115124,29.4743817]]]},"properties":{"osmId":1123826545,"kind":"water","name":null}},{"type":"Feature","geometry":{"type":"Polygon","coordinates":[[[121.5398849,29.3269947],[121.5401777,29.3268411],[121.540072,29.3266837],[121.5399994,29.3265916],[121.539965,29.3265244],[121.5399571,29.3264332],[121.5399223,29.3263517],[121.5397286,29.3264054],[121.5398189,29.3265475],[121.5398013,29.3267279],[121.5398431,29.3267931],[121.5398849,29.3269947]]]},"properties":{"osmId":1123826548,"kind":"water","name":null}},{"type":"Feature","geometry":{"type":"Polygon","coordinates":[[[121.5030674,29.3636906],[121.5034166,29.3635295],[121.5036836,29.3628099],[121.5038438,29.3628027],[121.5036014,29.3622334],[121.503203,29.3623158],[121.5029524,29.3627777],[121.5029072,29.3630498],[121.5030674,29.3636906]]]},"properties":{"osmId":1123830416,"kind":"water","name":null}},{"type":"Feature","geometry":{"type":"Polygon","coordinates":[[[121.4888347,29.383988],[121.4893685,29.384084],[121.4895388,29.3836144],[121.4888172,29.3830493],[121.4889314,29.3833397],[121.4889348,29.3834094],[121.4888347,29.383988]]]},"properties":{"osmId":1123870655,"kind":"water","name":null}},{"type":"Feature","geometry":{"type":"Polygon","coordinates":[[[121.428219,29.3013624],[121.4282248,29.3012877],[121.4281435,29.3012408],[121.4281086,29.3012282],[121.4281159,29.3011876],[121.428113,29.301042],[121.4283367,29.3010369],[121.4284049,29.3011066],[121.428373,29.3013675],[121.428219,29.3013624]]]},"properties":{"osmId":1123870701,"kind":"water","name":null}},{"type":"Feature","geometry":{"type":"Polygon","coordinates":[[[121.4272464,29.3026965],[121.4271756,29.3026831],[121.4271107,29.3026512],[121.4271001,29.3025576],[121.4271402,29.302464],[121.4271449,29.3023714],[121.4271201,29.3022953],[121.427139,29.3022418],[121.4272004,29.302215],[121.4273384,29.3022418],[121.4273986,29.3022623],[121.427434,29.3022809],[121.4274257,29.3026471],[121.4273691,29.3026841],[121.4273242,29.3026934],[121.4272464,29.3026965]]]},"properties":{"osmId":1123870702,"kind":"water","name":null}},{"type":"Feature","geometry":{"type":"LineString","coordinates":[[121.438156,29.3023648],[121.4379716,29.3024345],[121.4376099,29.3025358],[121.4374487,29.3025903],[121.4370769,29.303026]]},"properties":{"osmId":1123875487,"kind":"river","name":null}},{"type":"Feature","geometry":{"type":"Polygon","coordinates":[[[121.4549871,29.3008056],[121.4551698,29.3008632],[121.4553701,29.3009151],[121.4555837,29.3009151],[121.4556101,29.3008172],[121.4550509,29.3006559],[121.4549871,29.3008056]]]},"properties":{"osmId":1123875513,"kind":"water","name":null}},{"type":"Feature","geometry":{"type":"LineString","coordinates":[[121.3833086,29.2917544],[121.3832907,29.2919759],[121.3832335,29.2922753],[121.3830082,29.2926277],[121.3826756,29.2928492],[121.3822893,29.2928897],[121.3818709,29.2929272],[121.3813702,29.2928928],[121.3811557,29.2928648],[121.380866,29.2927556]]},"properties":{"osmId":1124085159,"kind":"stream","name":null}},{"type":"Feature","geometry":{"type":"Polygon","coordinates":[[[121.4362607,29.3619465],[121.436092,29.3618947],[121.436115,29.3617494],[121.4363431,29.361569],[121.4365366,29.3614688],[121.4367973,29.3615172],[121.4367551,29.3616843],[121.4365615,29.3616809],[121.4367225,29.3619598],[121.4364695,29.3618229],[121.4364101,29.3618129],[121.4362607,29.3619465]]]},"properties":{"osmId":1124088272,"kind":"water","name":null}},{"type":"Feature","geometry":{"type":"LineString","coordinates":[[121.4618884,29.3576718],[121.4604931,29.3567475],[121.4603666,29.3566964],[121.4601464,29.3567079],[121.459836,29.3567923],[121.4596621,29.3569996],[121.4595366,29.3574217],[121.4594816,29.3576807],[121.4592654,29.358579],[121.4590846,29.3587509],[121.4587971,29.3591268],[121.4587519,29.3594419],[121.4588472,29.3595646]]},"properties":{"osmId":1124133298,"kind":"river","name":null}},{"type":"Feature","geometry":{"type":"LineString","coordinates":[[121.4690016,29.3678558],[121.4697063,29.3673739],[121.4700207,29.3672535],[121.4701075,29.3672558],[121.470701,29.3676928],[121.4710534,29.3679645],[121.4713027,29.3681912],[121.4714572,29.3682597]]},"properties":{"osmId":1124133303,"kind":"river","name":null}},{"type":"Feature","geometry":{"type":"LineString","coordinates":[[121.473417,29.3668667],[121.4738671,29.366351],[121.474302,29.3657956],[121.4746864,29.3653284],[121.4748635,29.3649315]]},"properties":{"osmId":1124133304,"kind":"river","name":null}},{"type":"Feature","geometry":{"type":"LineString","coordinates":[[121.4714572,29.3682597],[121.473417,29.3668667]]},"properties":{"osmId":1124133307,"kind":"river","name":null}},{"type":"Feature","geometry":{"type":"LineString","coordinates":[[121.4448095,29.3521755],[121.4456001,29.352155],[121.4475794,29.3521465],[121.4490168,29.3521267],[121.449569,29.3521995],[121.4503962,29.3523086],[121.4516332,29.3528505],[121.4525689,29.3536996],[121.4534086,29.3545544],[121.4544085,29.3549343],[121.4562672,29.3552248],[121.4586259,29.3554817],[121.4597733,29.355667],[121.4603564,29.3557611],[121.461555,29.3562694],[121.4632022,29.3575431],[121.4649835,29.3589231],[121.465798,29.3595541],[121.4679003,29.3606211],[121.4684519,29.3610335]]},"properties":{"osmId":1124133310,"kind":"river","name":"彦公河"}},{"type":"Feature","geometry":{"type":"LineString","coordinates":[[121.4684519,29.3610335],[121.4685186,29.3610833]]},"properties":{"osmId":1124133311,"kind":"river","name":"彦公河"}},{"type":"Feature","geometry":{"type":"LineString","coordinates":[[121.4649835,29.3589231],[121.4647476,29.3591692],[121.4643605,29.359431],[121.4642104,29.3594193],[121.4637766,29.3590994],[121.4622054,29.3578818],[121.4620002,29.3577458]]},"properties":{"osmId":1124133314,"kind":"river","name":null}},{"type":"Feature","geometry":{"type":"LineString","coordinates":[[121.4620002,29.3577458],[121.4618884,29.3576718]]},"properties":{"osmId":1124133315,"kind":"river","name":null}},{"type":"Feature","geometry":{"type":"LineString","coordinates":[[121.4590011,29.3597627],[121.4592777,29.3601186],[121.4597905,29.3607455]]},"properties":{"osmId":1124133318,"kind":"river","name":null}},{"type":"Feature","geometry":{"type":"LineString","coordinates":[[121.4588472,29.3595646],[121.4589104,29.359646]]},"properties":{"osmId":1124133319,"kind":"river","name":null}},{"type":"Feature","geometry":{"type":"LineString","coordinates":[[121.458936,29.3596789],[121.4590011,29.3597627]]},"properties":{"osmId":1124133320,"kind":"river","name":null}},{"type":"Feature","geometry":{"type":"LineString","coordinates":[[121.4589104,29.359646],[121.458936,29.3596789]]},"properties":{"osmId":1124133321,"kind":"river","name":null}},{"type":"Feature","geometry":{"type":"LineString","coordinates":[[121.4685186,29.3610833],[121.468944,29.3614013],[121.4695219,29.3618333],[121.4704384,29.3627885],[121.4714062,29.3636041],[121.4735021,29.3645202],[121.4748635,29.3649315],[121.4750917,29.3650005],[121.4751895,29.3650409],[121.4785271,29.3664194],[121.481469,29.3682627],[121.4816133,29.3683707]]},"properties":{"osmId":1124133324,"kind":"river","name":"彦公河"}},{"type":"Feature","geometry":{"type":"LineString","coordinates":[[121.4816133,29.3683707],[121.4817075,29.3684412]]},"properties":{"osmId":1124133325,"kind":"river","name":"彦公河"}},{"type":"Feature","geometry":{"type":"Polygon","coordinates":[[[121.4918016,29.4197326],[121.4939047,29.4192772],[121.4940906,29.4187104],[121.4946716,29.417425],[121.4934748,29.4153299],[121.4932412,29.4153767],[121.4927004,29.4153029],[121.4920111,29.4155175],[121.4914531,29.4157347],[121.4910164,29.4160953],[121.4904654,29.4162408],[121.4880602,29.4161598],[121.4875265,29.4158597],[121.4873416,29.4159902],[121.487146,29.4158833],[121.4872301,29.4157157],[121.4871358,29.4156382],[121.4868347,29.4154432],[121.4868013,29.4155074],[121.4868696,29.4156724],[121.486933,29.4157847],[121.4869626,29.4159429],[121.4868142,29.4160563],[121.4867068,29.4162193],[121.4873398,29.4166254],[121.4872352,29.4171416],[121.4864916,29.417172],[121.4866891,29.4179715],[121.4870726,29.41784],[121.487119,29.4181537],[121.4887457,29.418761],[121.4891989,29.4184675],[121.4913601,29.4190241],[121.4918016,29.4197326]]]},"properties":{"osmId":1124138821,"kind":"water","name":null}},{"type":"Feature","geometry":{"type":"LineString","coordinates":[[121.4910218,29.4504133],[121.4911075,29.4502548],[121.4913009,29.4501739],[121.4932056,29.4499178],[121.4934958,29.4498653],[121.4947934,29.4496684],[121.4962441,29.4494611],[121.4962112,29.4495613],[121.4973195,29.4493457],[121.4973737,29.4491663],[121.4974307,29.4482742],[121.4979918,29.4488038],[121.4984067,29.4492342]]},"properties":{"osmId":1124138830,"kind":"river","name":"浦江"}},{"type":"Feature","geometry":{"type":"LineString","coordinates":[[121.4875056,29.4559719],[121.4876709,29.455868],[121.4878145,29.4554952],[121.4878507,29.4550638],[121.4880561,29.4547927],[121.4883239,29.4541421],[121.4887286,29.4535403],[121.4889466,29.4526131],[121.4891022,29.4519191],[121.4893451,29.4515715],[121.4897,29.4512191],[121.4902728,29.4509372],[121.4907274,29.4506335],[121.4908606,29.4505617]]},"properties":{"osmId":1124138831,"kind":"river","name":null}},{"type":"Feature","geometry":{"type":"LineString","coordinates":[[121.4908606,29.4505617],[121.4910218,29.4504133]]},"properties":{"osmId":1124138832,"kind":"river","name":null}},{"type":"Feature","geometry":{"type":"LineString","coordinates":[[121.4984939,29.4493247],[121.4991313,29.4499858],[121.4998723,29.4508208],[121.5013231,29.4516775],[121.5020153,29.451947]]},"properties":{"osmId":1124140455,"kind":"river","name":null}},{"type":"Feature","geometry":{"type":"LineString","coordinates":[[121.4984067,29.4492342],[121.4984939,29.4493247]]},"properties":{"osmId":1124140456,"kind":"river","name":null}},{"type":"Feature","geometry":{"type":"LineString","coordinates":[[121.5023692,29.4520848],[121.5026182,29.4521818],[121.5052138,29.4530384]]},"properties":{"osmId":1124140457,"kind":"river","name":null}},{"type":"Feature","geometry":{"type":"LineString","coordinates":[[121.5021907,29.4520153],[121.5023081,29.452061]]},"properties":{"osmId":1124140458,"kind":"river","name":null}},{"type":"Feature","geometry":{"type":"LineString","coordinates":[[121.5020742,29.45197],[121.5021907,29.4520153]]},"properties":{"osmId":1124140459,"kind":"river","name":null}},{"type":"Feature","geometry":{"type":"LineString","coordinates":[[121.5020153,29.451947],[121.5020742,29.45197]]},"properties":{"osmId":1124140460,"kind":"river","name":null}},{"type":"Feature","geometry":{"type":"LineString","coordinates":[[121.5023081,29.452061],[121.5023692,29.4520848]]},"properties":{"osmId":1124140461,"kind":"river","name":null}},{"type":"Feature","geometry":{"type":"LineString","coordinates":[[121.5062862,29.4374244],[121.506143,29.437682],[121.5063672,29.4381212],[121.506775,29.4394362],[121.506968,29.4397209],[121.5073696,29.4399405],[121.5074599,29.4400381],[121.5074288,29.4416432],[121.5074101,29.4433377],[121.5068871,29.4455962],[121.5052138,29.4530384],[121.5050265,29.454046],[121.5054139,29.4553955],[121.5058278,29.4563386],[121.5058436,29.4564919]]},"properties":{"osmId":1124140462,"kind":"river","name":null}},{"type":"Feature","geometry":{"type":"LineString","coordinates":[[121.505917,29.4569307],[121.506092,29.4578721],[121.5066115,29.4578644],[121.5067348,29.4573814],[121.5071839,29.4568753],[121.5077915,29.4567066],[121.5084784,29.4569137],[121.5088218,29.457297],[121.5091828,29.4579411],[121.5092541,29.4581273],[121.5094382,29.4586082],[121.5111201,29.4598119],[121.512124,29.4614987],[121.5123864,29.4624883]]},"properties":{"osmId":1124140463,"kind":"river","name":null}},{"type":"Feature","geometry":{"type":"LineString","coordinates":[[121.5058436,29.4564919],[121.505917,29.4569307]]},"properties":{"osmId":1124140464,"kind":"river","name":null}},{"type":"Feature","geometry":{"type":"LineString","coordinates":[[121.4495554,29.3909786],[121.4500246,29.3907614],[121.4502924,29.3906936],[121.4507812,29.3906421],[121.4514412,29.3906095],[121.4516311,29.3906231],[121.4521355,29.3907425],[121.4527519,29.3908591],[121.453194,29.3909134],[121.4533247,29.3908781],[121.4534275,29.3907479],[121.4536143,29.3900318],[121.4536579,29.3898419],[121.4536859,29.3897578],[121.453991,29.3891149],[121.4540813,29.3889901],[121.4541062,29.3888409],[121.4540969,29.3887731],[121.4540657,29.3886808],[121.4540752,29.3886254],[121.4542237,29.3885946],[121.4564398,29.3886005],[121.4564163,29.3883382],[121.4563249,29.3878704],[121.4563024,29.3877312],[121.4562289,29.3874112],[121.4560748,29.3863616],[121.4560016,29.3860522],[121.4559935,29.3853107],[121.4560287,29.3846849],[121.4560422,29.3845323]]},"properties":{"osmId":1124322517,"kind":"stream","name":"东岙渠"}},{"type":"Feature","geometry":{"type":"LineString","coordinates":[[121.3822085,29.4270108],[121.3823413,29.4268958],[121.3822984,29.4266887],[121.3820019,29.426298],[121.3818567,29.4259159],[121.3818262,29.4256047],[121.3820629,29.4251114],[121.3825291,29.4247572],[121.3824433,29.4243948],[121.3824279,29.4239557],[121.3821415,29.4234019],[121.3819313,29.4231519],[121.3817906,29.4226304],[121.3816444,29.4222074],[121.3815176,29.4219923],[121.381254,29.4217946],[121.3806834,29.4209896],[121.3802496,29.4205303],[121.3797299,29.4194582],[121.3794011,29.4190132],[121.379209,29.4184581],[121.379214,29.4181365],[121.3793253,29.4178546],[121.3789257,29.4167224],[121.3785565,29.4163876],[121.3784639,29.4163775],[121.3783138,29.4163611],[121.3779648,29.4161673],[121.377722,29.4158016],[121.377631,29.4154624],[121.3775548,29.415282],[121.377105,29.4150262],[121.376756,29.4148059],[121.3766225,29.4147323]]},"properties":{"osmId":1124408257,"kind":"river","name":null}},{"type":"Feature","geometry":{"type":"LineString","coordinates":[[121.3756118,29.4145923],[121.3755687,29.4145849],[121.3754882,29.414535],[121.375397,29.4144674],[121.3753191,29.4138461],[121.3750791,29.4134473],[121.3749933,29.413244],[121.3749396,29.412833],[121.3749179,29.412499],[121.3745512,29.4117438],[121.3743399,29.4112432],[121.3741065,29.4109728],[121.3740751,29.4109448],[121.3739845,29.4108639],[121.3739282,29.4108137],[121.3738763,29.4107774],[121.3737526,29.4106748],[121.3736948,29.4106507],[121.3733558,29.4101463],[121.3733206,29.4099622],[121.3729857,29.4097111]]},"properties":{"osmId":1124408258,"kind":"river","name":null}},{"type":"Feature","geometry":{"type":"LineString","coordinates":[[121.3766225,29.4147323],[121.3765613,29.4146985]]},"properties":{"osmId":1124408268,"kind":"river","name":null}},{"type":"Feature","geometry":{"type":"LineString","coordinates":[[121.3765613,29.4146985],[121.3764526,29.4146385],[121.3758153,29.4146253],[121.3757225,29.4146113],[121.3756859,29.414605]]},"properties":{"osmId":1124408269,"kind":"river","name":null}},{"type":"Feature","geometry":{"type":"LineString","coordinates":[[121.3756859,29.414605],[121.3756118,29.4145923]]},"properties":{"osmId":1124408270,"kind":"river","name":null}},{"type":"Feature","geometry":{"type":"LineString","coordinates":[[121.3871721,29.3927699],[121.3921626,29.3939957],[121.3963737,29.3922945],[121.3999772,29.3926919],[121.4023769,29.392858]]},"properties":{"osmId":1124410956,"kind":"river","name":null}},{"type":"Feature","geometry":{"type":"LineString","coordinates":[[121.3870517,29.3927404],[121.3871721,29.3927699]]},"properties":{"osmId":1124410957,"kind":"river","name":null}},{"type":"Feature","geometry":{"type":"LineString","coordinates":[[121.4423728,29.3795884],[121.4418415,29.3803559],[121.4417882,29.3804329]]},"properties":{"osmId":1124410973,"kind":"river","name":null}},{"type":"Feature","geometry":{"type":"LineString","coordinates":[[121.4417882,29.3804329],[121.4417241,29.3805254]]},"properties":{"osmId":1124410974,"kind":"river","name":null}},{"type":"Feature","geometry":{"type":"LineString","coordinates":[[121.4479422,29.3905269],[121.4480924,29.3897972],[121.4487108,29.3874987],[121.4492722,29.3868005],[121.4502904,29.3855645],[121.4503249,29.3855212]]},"properties":{"osmId":1124410975,"kind":"river","name":null}},{"type":"Feature","geometry":{"type":"LineString","coordinates":[[121.4503862,29.3854446],[121.4503676,29.385393],[121.4499231,29.3849065],[121.4492711,29.3841396]]},"properties":{"osmId":1124410976,"kind":"river","name":null}},{"type":"Feature","geometry":{"type":"LineString","coordinates":[[121.4503249,29.3855212],[121.4503862,29.3854446]]},"properties":{"osmId":1124410977,"kind":"river","name":null}},{"type":"Feature","geometry":{"type":"LineString","coordinates":[[121.4464264,29.3931045],[121.4466098,29.3929126],[121.4470151,29.3923645],[121.4472565,29.3921614],[121.4474771,29.3920378],[121.4486603,29.3914057],[121.4491425,29.3911756]]},"properties":{"osmId":1124410978,"kind":"stream","name":null}},{"type":"Feature","geometry":{"type":"LineString","coordinates":[[121.4491425,29.3911756],[121.4492419,29.3911282]]},"properties":{"osmId":1124410979,"kind":"river","name":null}},{"type":"Feature","geometry":{"type":"LineString","coordinates":[[121.4492419,29.3911282],[121.4494545,29.3910267]]},"properties":{"osmId":1124410980,"kind":"stream","name":null}},{"type":"Feature","geometry":{"type":"LineString","coordinates":[[121.4494545,29.3910267],[121.4495554,29.3909786]]},"properties":{"osmId":1124410981,"kind":"river","name":null}},{"type":"Feature","geometry":{"type":"LineString","coordinates":[[121.3361001,29.3668962],[121.3362441,29.3669725],[121.3364417,29.367077],[121.3366509,29.3674012],[121.3373375,29.3679248],[121.3382405,29.3683569],[121.3386236,29.368614],[121.339117,29.3689488],[121.339284,29.3690629],[121.3396429,29.3693373],[121.3406183,29.369893],[121.3407785,29.3699843],[121.3413015,29.3703098],[121.3413451,29.371292],[121.3416502,29.3725129],[121.3414074,29.3729958],[121.3414322,29.3730728],[121.3414878,29.3732454],[121.341507,29.3733051],[121.3421857,29.3736415],[121.3424657,29.3739755],[121.3426589,29.3742059],[121.3428947,29.3746365],[121.3428192,29.375201],[121.3427901,29.3755503],[121.3430283,29.3758339],[121.3439724,29.3761579],[121.3445446,29.3764971],[121.3446202,29.3766996],[121.3444924,29.3769223],[121.3445359,29.3773197],[121.3444604,29.3775881],[121.3443297,29.377864],[121.34435,29.3779804],[121.3443936,29.3780412],[121.3445417,29.3781019],[121.3447218,29.3781551],[121.3449542,29.3781272],[121.3450588,29.37815],[121.345114,29.378231],[121.3450849,29.37835],[121.3447799,29.3786841],[121.344533,29.3791068],[121.3444982,29.3791777],[121.3444836,29.3793119],[121.3444865,29.3793979],[121.3444924,29.3794663],[121.3445301,29.3795245],[121.3445737,29.3795473],[121.3446521,29.3795397],[121.3447683,29.3795625],[121.3449165,29.3796055],[121.3451169,29.3797042],[121.3452157,29.3797928],[121.3452796,29.3799548],[121.3452418,29.3801016],[121.3451547,29.3802332],[121.3451721,29.3804712],[121.3453783,29.3806686],[121.345695,29.3807547],[121.3460464,29.3806787],[121.3462207,29.3807597],[121.3462324,29.3808433],[121.3460842,29.3810685],[121.3458693,29.3814128],[121.3457676,29.3815646],[121.3456979,29.3817874],[121.3456311,29.3820051],[121.3457385,29.382205],[121.345907,29.3822455],[121.3460958,29.3822076],[121.3463021,29.382043],[121.3465374,29.3819266],[121.346822,29.381881],[121.3471009,29.3820177],[121.3475657,29.3823518],[121.3482628,29.3826556],[121.3486928,29.3828783],[121.3488845,29.3830429],[121.3493309,29.3841393],[121.3495177,29.3843844],[121.3499215,29.3845869],[121.3504792,29.3846375],[121.350607,29.3846425],[121.3508511,29.3843894],[121.3510573,29.3842046],[121.35122,29.3842224],[121.3513565,29.3843768],[121.3515337,29.384759],[121.3517922,29.3850576],[121.3520246,29.3851538],[121.3527276,29.3851133],[121.3534509,29.3852146],[121.3536717,29.3857031],[121.353599,29.3862675],[121.3544414,29.386794],[121.3547871,29.3873128],[121.3552984,29.3874723],[121.3567706,29.3874262],[121.3586099,29.387409],[121.3596237,29.3875153],[121.3601233,29.3875406],[121.3606956,29.3873559],[121.3613579,29.386999],[121.3619911,29.3871635],[121.3625924,29.3876874],[121.3629323,29.3881101],[121.363034,29.3882164],[121.3634668,29.3883202],[121.3638996,29.3882215],[121.3644419,29.3881228],[121.3648777,29.3881987],[121.3652989,29.3884619],[121.3657927,29.3887555],[121.3662894,29.3891428],[121.3662894,29.3894996],[121.3662716,29.3897807],[121.3662704,29.3897997]]},"properties":{"osmId":1125305541,"kind":"river","name":"兰丁溪"}},{"type":"Feature","geometry":{"type":"LineString","coordinates":[[121.3662633,29.3899106],[121.366262,29.3899317],[121.3662546,29.3900489],[121.366731,29.3910283],[121.3673874,29.3910739],[121.3684791,29.3910334],[121.3693593,29.3912384],[121.369705,29.3914384],[121.370039,29.3918914],[121.3702191,29.3922964],[121.371018,29.3928532],[121.3716076,29.3930582],[121.372421,29.3931214],[121.3730601,29.3934074],[121.373158,29.3935112],[121.3735423,29.3939187],[121.3742569,29.3944097],[121.3744718,29.3945109],[121.3752125,29.3945463],[121.3755117,29.3945387],[121.3764965,29.3944957],[121.3777107,29.395255],[121.3789017,29.3955081],[121.3798948,29.3954975]]},"properties":{"osmId":1125305548,"kind":"river","name":"兰丁溪"}},{"type":"Feature","geometry":{"type":"LineString","coordinates":[[121.3662704,29.3897997],[121.3662633,29.3899106]]},"properties":{"osmId":1125305549,"kind":"river","name":null}},{"type":"Feature","geometry":{"type":"Polygon","coordinates":[[[121.3491973,29.3841917],[121.3493498,29.3840941],[121.3492058,29.3837387],[121.3490159,29.3832747],[121.3486454,29.382799],[121.3486035,29.3828815],[121.3487885,29.3831462],[121.3489932,29.3836622],[121.3490658,29.383854],[121.3491973,29.3841917]]]},"properties":{"osmId":1125307887,"kind":"water","name":null}},{"type":"Feature","geometry":{"type":"LineString","coordinates":[[121.5471677,29.3806124],[121.5469866,29.3804477],[121.5469035,29.3803413],[121.5467949,29.380256],[121.5465494,29.3801438],[121.5463174,29.3800129],[121.5462504,29.3799568],[121.5461431,29.3798318],[121.5455892,29.379133],[121.5454457,29.3790441],[121.545321,29.379043],[121.5452244,29.3790652],[121.545144,29.3791517],[121.5450166,29.3791119],[121.5449589,29.3789857],[121.5448355,29.378392],[121.54481,29.3778416],[121.5447169,29.3776156],[121.544607,29.377519],[121.5445731,29.3774841],[121.5443983,29.3773982],[121.5441633,29.3772169],[121.5441248,29.3771317],[121.5440813,29.376776],[121.544036,29.3764799],[121.5433684,29.3761669],[121.5430195,29.3757791],[121.5427767,29.3752899],[121.5426199,29.3748271],[121.5426218,29.3747899]]},"properties":{"osmId":1125311872,"kind":"stream","name":null}},{"type":"Feature","geometry":{"type":"LineString","coordinates":[[121.5426276,29.3746792],[121.5426291,29.3746492]]},"properties":{"osmId":1125311873,"kind":"stream","name":null}},{"type":"Feature","geometry":{"type":"LineString","coordinates":[[121.5426218,29.3747899],[121.5426276,29.3746792]]},"properties":{"osmId":1125311874,"kind":"stream","name":null}},{"type":"Feature","geometry":{"type":"LineString","coordinates":[[121.4646375,29.3831083],[121.4653665,29.3835022],[121.4661458,29.3839051],[121.4666918,29.384235],[121.4667843,29.3843578],[121.467929,29.3844882],[121.4680963,29.3845534],[121.4681448,29.3846493],[121.4681924,29.3851693],[121.4682193,29.3852459],[121.4683248,29.385283],[121.4685851,29.385267],[121.4698443,29.3851212],[121.4714249,29.384845],[121.4721955,29.3847337],[121.4731949,29.3848296],[121.4738598,29.3848603],[121.4745862,29.3849716],[121.4751802,29.3851276],[121.4752792,29.3856999],[121.4753219,29.3866723],[121.4753809,29.3868972],[121.4754236,29.3869929],[121.4754947,29.3870885],[121.475637,29.3871753],[121.4757732,29.3872107],[121.476196,29.3872231],[121.4781271,29.3872054],[121.4793528,29.3875154],[121.4799261,29.3881105],[121.4803062,29.3882433],[121.4812595,29.3884983],[121.4822881,29.3888225],[121.4826011,29.3890049],[121.4838228,29.3894742],[121.484827,29.3899064],[121.4852417,29.3902093]]},"properties":{"osmId":1125353529,"kind":"stream","name":null}},{"type":"Feature","geometry":{"type":"LineString","coordinates":[[121.4632179,29.3823781],[121.4643583,29.3829574],[121.464532,29.3830513]]},"properties":{"osmId":1125353530,"kind":"stream","name":null}},{"type":"Feature","geometry":{"type":"LineString","coordinates":[[121.464532,29.3830513],[121.4646375,29.3831083]]},"properties":{"osmId":1125353531,"kind":"stream","name":null}},{"type":"Feature","geometry":{"type":"LineString","coordinates":[[121.4821077,29.3846323],[121.4821119,29.3846384],[121.4824042,29.3850653],[121.482878,29.3855799],[121.4833618,29.3862341],[121.4837722,29.3864463],[121.4853172,29.387054],[121.485514,29.3871354],[121.486722,29.3875744],[121.4872232,29.3876899]]},"properties":{"osmId":1125353532,"kind":"river","name":null}},{"type":"Feature","geometry":{"type":"LineString","coordinates":[[121.4771309,29.3767018],[121.4791889,29.3785945],[121.4801976,29.3797936],[121.4802732,29.3800201],[121.4803118,29.3801356]]},"properties":{"osmId":1125353533,"kind":"river","name":null}},{"type":"Feature","geometry":{"type":"LineString","coordinates":[[121.4818316,29.3842291],[121.4818951,29.3843217]]},"properties":{"osmId":1125353534,"kind":"river","name":null}},{"type":"Feature","geometry":{"type":"LineString","coordinates":[[121.4818951,29.3843217],[121.4820598,29.3845623]]},"properties":{"osmId":1125353535,"kind":"river","name":null}},{"type":"Feature","geometry":{"type":"LineString","coordinates":[[121.4820598,29.3845623],[121.4821077,29.3846323]]},"properties":{"osmId":1125353536,"kind":"river","name":null}},{"type":"Feature","geometry":{"type":"LineString","coordinates":[[121.4873432,29.3877175],[121.4875177,29.3877577]]},"properties":{"osmId":1125353539,"kind":"river","name":null}},{"type":"Feature","geometry":{"type":"LineString","coordinates":[[121.4872232,29.3876899],[121.4873432,29.3877175]]},"properties":{"osmId":1125353540,"kind":"river","name":null}},{"type":"Feature","geometry":{"type":"LineString","coordinates":[[121.480614,29.3799853],[121.4812759,29.3799175],[121.4822188,29.3799376],[121.4823185,29.3800311],[121.4824028,29.3802114],[121.4824871,29.3802782],[121.4826481,29.380325],[121.4831004,29.380345],[121.4840817,29.3803651],[121.4843116,29.3804519],[121.4845186,29.3804653],[121.4853619,29.3803718],[121.4861361,29.3806991],[121.4869712,29.3814171],[121.487375,29.3817784],[121.4879496,29.3823145]]},"properties":{"osmId":1125353544,"kind":"river","name":null}},{"type":"Feature","geometry":{"type":"LineString","coordinates":[[121.4802732,29.3800201],[121.4804872,29.3799982]]},"properties":{"osmId":1125353545,"kind":"river","name":null}},{"type":"Feature","geometry":{"type":"LineString","coordinates":[[121.4804872,29.3799982],[121.480614,29.3799853]]},"properties":{"osmId":1125353546,"kind":"river","name":null}},{"type":"Feature","geometry":{"type":"LineString","coordinates":[[121.4879496,29.3823145],[121.4881584,29.3826599]]},"properties":{"osmId":1125353547,"kind":"river","name":null}},{"type":"Feature","geometry":{"type":"LineString","coordinates":[[121.4884564,29.3831529],[121.4883101,29.383434],[121.4881556,29.3837646]]},"properties":{"osmId":1125353548,"kind":"river","name":null}},{"type":"Feature","geometry":{"type":"LineString","coordinates":[[121.4882859,29.3828708],[121.4884564,29.3831529]]},"properties":{"osmId":1125353549,"kind":"river","name":null}},{"type":"Feature","geometry":{"type":"LineString","coordinates":[[121.4881584,29.3826599],[121.4882326,29.3827826]]},"properties":{"osmId":1125353550,"kind":"river","name":null}},{"type":"Feature","geometry":{"type":"LineString","coordinates":[[121.4882326,29.3827826],[121.4882859,29.3828708]]},"properties":{"osmId":1125353551,"kind":"river","name":null}},{"type":"Feature","geometry":{"type":"LineString","coordinates":[[121.4835902,29.3502147],[121.4828729,29.351498],[121.4825379,29.3516749],[121.4811694,29.3514116],[121.4800604,29.3513088],[121.479867,29.3516337],[121.4794234,29.3519751],[121.4791778,29.3519584],[121.4782381,29.3514433],[121.4780859,29.3512335],[121.4762119,29.3517471],[121.474614,29.3522607],[121.4745456,29.3524502]]},"properties":{"osmId":1125353556,"kind":"stream","name":null}},{"type":"Feature","geometry":{"type":"LineString","coordinates":[[121.4690016,29.3678558],[121.4691586,29.36797],[121.4697803,29.3682839],[121.4700533,29.3686434],[121.4702625,29.3691143],[121.4709324,29.3699772],[121.4726265,29.3721417],[121.4741079,29.3738142],[121.4763806,29.3760117],[121.4770453,29.376623]]},"properties":{"osmId":1125353568,"kind":"stream","name":null}},{"type":"Feature","geometry":{"type":"LineString","coordinates":[[121.4770453,29.376623],[121.4771309,29.3767018]]},"properties":{"osmId":1125353569,"kind":"river","name":null}},{"type":"Feature","geometry":{"type":"Polygon","coordinates":[[[121.4582499,29.3556563],[121.458325,29.3551273],[121.4596954,29.3553672],[121.4610657,29.3558145],[121.4624737,29.3566162],[121.4638065,29.3577015],[121.465407,29.3590377],[121.4661016,29.3595013],[121.4657074,29.3599376],[121.4641555,29.3590322],[121.4629666,29.3579142],[121.4622532,29.3573197],[121.4615211,29.3568834],[121.4598066,29.3560108],[121.4582499,29.3556563]]]},"properties":{"osmId":1125560834,"kind":"water","name":null}},{"type":"Feature","geometry":{"type":"Polygon","coordinates":[[[121.4657074,29.3599376],[121.4669588,29.3607174],[121.4678161,29.3612137],[121.4681766,29.3608536],[121.4682604,29.3607065],[121.4661016,29.3595013],[121.4657074,29.3599376]]]},"properties":{"osmId":1125560835,"kind":"water","name":null}},{"type":"Feature","geometry":{"type":"Polygon","coordinates":[[[121.4570032,29.3554436],[121.4582499,29.3556563],[121.458325,29.3551273],[121.4571096,29.3550127],[121.4570032,29.3554436]]]},"properties":{"osmId":1125560836,"kind":"water","name":null}},{"type":"Feature","geometry":{"type":"Polygon","coordinates":[[[121.4570032,29.3554436],[121.4542937,29.3551545],[121.4533676,29.3548055],[121.4527977,29.354418],[121.4525,29.3539823],[121.4530059,29.3536883],[121.4531611,29.3542055],[121.4534239,29.354211],[121.4540997,29.3544073],[121.4552824,29.3547127],[121.4571096,29.3550127],[121.4570032,29.3554436]]]},"properties":{"osmId":1125560837,"kind":"water","name":null}},{"type":"Feature","geometry":{"type":"Polygon","coordinates":[[[121.4678161,29.3612137],[121.470007,29.3629683],[121.4714866,29.3639685],[121.4739146,29.3650018],[121.4759064,29.3657292],[121.4796541,29.3674158],[121.481726,29.3687491],[121.4822357,29.3681815],[121.4794395,29.3664059],[121.4760206,29.3649348],[121.4732311,29.3638626],[121.4708135,29.3626159],[121.4682604,29.3607065],[121.4678161,29.3612137]]]},"properties":{"osmId":1125560838,"kind":"water","name":null}},{"type":"Feature","geometry":{"type":"Polygon","coordinates":[[[121.481726,29.3687491],[121.4822357,29.3681815],[121.4826981,29.3686668],[121.4826887,29.3690616],[121.4825188,29.3693495],[121.482113,29.3689547],[121.481726,29.3687491]]]},"properties":{"osmId":1125560839,"kind":"water","name":null}},{"type":"Feature","geometry":{"type":"Polygon","coordinates":[[[121.4889449,29.3826804],[121.4893451,29.3830291],[121.4896537,29.383298],[121.4917452,29.3800277],[121.4928955,29.3783466],[121.4930466,29.377405],[121.4925121,29.3762507],[121.4916174,29.3756027],[121.4901882,29.3746408],[121.487783,29.3729599],[121.4872601,29.3726663],[121.4870277,29.3730207],[121.488027,29.3736383],[121.4888404,29.3744079],[121.4901534,29.3753799],[121.491629,29.376433],[121.4922565,29.3771519],[121.4922565,29.3783973],[121.4901882,29.3809994],[121.4889449,29.3826804]]]},"properties":{"osmId":1125560840,"kind":"water","name":null}},{"type":"Feature","geometry":{"type":"LineString","coordinates":[[121.4861379,29.3752262],[121.4866993,29.3758036],[121.4874124,29.3762267],[121.4879587,29.3764955],[121.4881053,29.3764118],[121.4882773,29.3762884],[121.488343,29.3761077],[121.488338,29.375852],[121.4882115,29.3754333],[121.4878171,29.3750852],[121.4876805,29.3746709],[121.4882722,29.3742786],[121.4885636,29.3738865]]},"properties":{"osmId":1125560841,"kind":"stream","name":null}},{"type":"Feature","geometry":{"type":"Polygon","coordinates":[[[121.448575,29.352392],[121.4495946,29.3525123],[121.4510205,29.3527863],[121.451902,29.3533542],[121.4525,29.3539823],[121.4530059,29.3536883],[121.452523,29.3531671],[121.4518407,29.352519],[121.4508901,29.3521314],[121.4498859,29.3519377],[121.4482761,29.3519176],[121.448575,29.352392]]]},"properties":{"osmId":1125560842,"kind":"water","name":null}},{"type":"Feature","geometry":{"type":"Polygon","coordinates":[[[121.4406486,29.3523815],[121.4456938,29.3525211],[121.4478828,29.3525211],[121.4479028,29.3525174],[121.448575,29.352392],[121.4482761,29.3519176],[121.4460142,29.3519162],[121.4423704,29.351858],[121.4401548,29.3517184],[121.4390069,29.3511484],[121.4383663,29.3500897],[121.4380431,29.3489349],[121.4373994,29.3490143],[121.4374854,29.349601],[121.4376055,29.3502875],[121.437819,29.3508342],[121.4383663,29.3513927],[121.4392205,29.351986],[121.4399279,29.3522768],[121.4406486,29.3523815]]]},"properties":{"osmId":1125563306,"kind":"water","name":null}},{"type":"Feature","geometry":{"type":"Polygon","coordinates":[[[121.4347985,29.3236509],[121.4348472,29.3231597],[121.4352083,29.3209869],[121.4355517,29.3196203],[121.4361065,29.3174167],[121.4363442,29.3166335],[121.4365556,29.3167103],[121.4362562,29.3180309],[121.4361554,29.3186039],[121.4359127,29.3195512],[121.4355429,29.3211635],[121.4354196,29.3227297],[121.4355077,29.3232748],[121.4352347,29.3235436],[121.4352001,29.3236759],[121.4352325,29.3237806],[121.4347455,29.3237283],[121.4347985,29.3236509]]]},"properties":{"osmId":1125563307,"kind":"water","name":null}},{"type":"Feature","geometry":{"type":"Polygon","coordinates":[[[121.4363442,29.3166335],[121.4368229,29.3145711],[121.4370337,29.3145778],[121.4368689,29.3154234],[121.4365556,29.3167103],[121.4363442,29.3166335]]]},"properties":{"osmId":1125790933,"kind":"water","name":null}},{"type":"Feature","geometry":{"type":"LineString","coordinates":[[121.4358321,29.3176814],[121.4361139,29.317713],[121.4362014,29.3178046]]},"properties":{"osmId":1125790977,"kind":"stream","name":null}},{"type":"Feature","geometry":{"type":"Polygon","coordinates":[[[121.4148138,29.3865827],[121.4138812,29.3862132],[121.4125549,29.3860993],[121.4102635,29.3871573],[121.4091738,29.3879494],[121.4080592,29.389249],[121.4069434,29.3906326],[121.4065885,29.3913313],[121.4056417,29.3906575],[121.4065572,29.3896604],[121.4079162,29.3879029],[121.4096471,29.3855845],[121.4102193,29.3849364],[121.4112207,29.384176],[121.4118358,29.3841137],[121.4124652,29.3842508],[121.413252,29.3844378],[121.4138671,29.385061],[121.4141818,29.3854349],[121.4153352,29.3857961],[121.4150507,29.3862253],[121.4148138,29.3865827]]]},"properties":{"osmId":1125792922,"kind":"water","name":null}},{"type":"Feature","geometry":{"type":"Polygon","coordinates":[[[121.3964204,29.3926443],[121.4005221,29.3932619],[121.4018118,29.3932315],[121.4045772,29.3931606],[121.4055997,29.3928266],[121.4060297,29.3924014],[121.4063683,29.3916035],[121.4065885,29.3913313],[121.4056417,29.3906575],[121.4047748,29.3914801],[121.4035896,29.392128],[121.4027879,29.3923406],[121.4013703,29.3923305],[121.4001386,29.3924216],[121.3976405,29.392047],[121.3966528,29.3919255],[121.3962345,29.3919053],[121.3964204,29.3926443]]]},"properties":{"osmId":1125792923,"kind":"water","name":null}},{"type":"Feature","geometry":{"type":"Polygon","coordinates":[[[121.3964204,29.3926443],[121.3944815,29.3932438],[121.3918827,29.3941989],[121.3891306,29.3937247],[121.3894296,29.3930835],[121.3904108,29.3933306],[121.3914074,29.3935711],[121.392197,29.393551],[121.3931706,29.3932171],[121.3950104,29.3924423],[121.3962345,29.3919053],[121.3964204,29.3926443]]]},"properties":{"osmId":1125792924,"kind":"water","name":null}},{"type":"Feature","geometry":{"type":"Polygon","coordinates":[[[121.3894296,29.3930835],[121.3870148,29.392282],[121.3855353,29.3921618],[121.3846997,29.3921351],[121.3846614,29.3928431],[121.3865856,29.3928765],[121.3891306,29.3937247],[121.3894296,29.3930835]]]},"properties":{"osmId":1125792925,"kind":"water","name":null}},{"type":"Feature","geometry":{"type":"Polygon","coordinates":[[[121.3846614,29.3928431],[121.3835652,29.3930034],[121.3819783,29.3938783],[121.3809051,29.3947933],[121.3804452,29.3956215],[121.3791189,29.3951006],[121.3797859,29.3945195],[121.3809588,29.3937314],[121.3825533,29.3927429],[121.3834579,29.392262],[121.3846997,29.3921351],[121.3846614,29.3928431]]]},"properties":{"osmId":1125792926,"kind":"water","name":null}},{"type":"Feature","geometry":{"type":"Polygon","coordinates":[[[121.3804452,29.3956215],[121.3791189,29.3951006],[121.3790301,29.3958474],[121.3797854,29.3971837],[121.380773,29.3983377],[121.3829691,29.4007571],[121.3830156,29.4012228],[121.3839103,29.4011317],[121.3832944,29.399674],[121.3826902,29.3993703],[121.3824462,29.3989957],[121.381691,29.3979632],[121.3806685,29.3966674],[121.3804452,29.3956215]]]},"properties":{"osmId":1125792927,"kind":"water","name":null}},{"type":"Feature","geometry":{"type":"Polygon","coordinates":[[[121.3839103,29.4011317],[121.3839836,29.4022968],[121.3835006,29.4043938],[121.3834316,29.4050617],[121.382918,29.4056057],[121.3821361,29.4050647],[121.3827417,29.4041698],[121.382987,29.4031814],[121.383148,29.4018457],[121.3830156,29.4012228],[121.3839103,29.4011317]]]},"properties":{"osmId":1125792928,"kind":"water","name":null}},{"type":"Feature","geometry":{"type":"Polygon","coordinates":[[[121.382918,29.4056057],[121.3826634,29.4057368],[121.3820364,29.4060598],[121.3798593,29.4067744],[121.3775212,29.4078496],[121.3766473,29.4083504],[121.3759727,29.4077694],[121.3769156,29.4073888],[121.3775289,29.4068345],[121.3790314,29.4062735],[121.3808635,29.4057259],[121.3821361,29.4050647],[121.382918,29.4056057]]]},"properties":{"osmId":1125792929,"kind":"water","name":null}},{"type":"Feature","geometry":{"type":"LineString","coordinates":[[121.2839998,29.469463],[121.284986,29.4690305],[121.2855733,29.4687778],[121.2859069,29.4684466],[121.2863741,29.4683479],[121.2866677,29.468496],[121.2869981,29.4682678],[121.2872465,29.4681717],[121.2872625,29.4681468],[121.2873577,29.4679992],[121.2872121,29.4671649],[121.2874267,29.4665909],[121.2872504,29.4659435],[121.2873979,29.4652522],[121.2873199,29.4642936],[121.2874434,29.4640805],[121.2875315,29.4639176],[121.2876746,29.4628212],[121.2878022,29.4623957],[121.2878749,29.4621177],[121.2877802,29.4615331],[121.2878265,29.4611939],[121.2882161,29.4609792],[121.2884187,29.460753],[121.2884054,29.4605383],[121.2881897,29.4600668],[121.2880774,29.4595052],[121.2882095,29.4593192],[121.2884539,29.4591927],[121.2887885,29.4589244],[121.2892244,29.4586292],[121.2901182,29.4581097],[121.2902172,29.4579525],[121.2899298,29.4574725],[121.2898426,29.4568111],[121.2900045,29.4564207],[121.2904648,29.4557551],[121.2906855,29.4544702],[121.2907656,29.4542718],[121.2909876,29.4537215],[121.2919985,29.453418],[121.2933464,29.4528008],[121.2944502,29.4523151],[121.2956121,29.4521937],[121.2962861,29.451698],[121.2966811,29.4509998],[121.2969716,29.4502309],[121.2969251,29.4497654],[121.2969251,29.4492798],[121.2975642,29.4481567],[121.298668,29.4464366],[121.2988668,29.4459785]]},"properties":{"osmId":1125792930,"kind":"stream","name":null}},{"type":"Feature","geometry":{"type":"LineString","coordinates":[[121.2989107,29.4458773],[121.2990631,29.4455259],[121.2995202,29.4443396],[121.3003213,29.4420724],[121.3008792,29.4415118],[121.3015372,29.4413],[121.3026244,29.4407518],[121.3035113,29.4400044],[121.3048762,29.4386046],[121.305209,29.4382683],[121.3062566,29.4370984],[121.3069138,29.4367871],[121.3072219,29.4363328],[121.3071562,29.4357711],[121.3072044,29.4356412]]},"properties":{"osmId":1125792933,"kind":"stream","name":null}},{"type":"Feature","geometry":{"type":"LineString","coordinates":[[121.2988668,29.4459785],[121.2989107,29.4458773]]},"properties":{"osmId":1125792934,"kind":"stream","name":null}},{"type":"Feature","geometry":{"type":"LineString","coordinates":[[121.3072505,29.4355168],[121.3072836,29.4354276],[121.3078423,29.4352058],[121.3089761,29.4351307],[121.3099374,29.4353382],[121.3105618,29.4353453],[121.3110671,29.4350913],[121.3120448,29.4342326],[121.3123876,29.4336921]]},"properties":{"osmId":1125792935,"kind":"stream","name":null}},{"type":"Feature","geometry":{"type":"LineString","coordinates":[[121.3072044,29.4356412],[121.3072505,29.4355168]]},"properties":{"osmId":1125792936,"kind":"stream","name":null}},{"type":"Feature","geometry":{"type":"LineString","coordinates":[[121.2869577,29.4563612],[121.287509,29.4563745],[121.2880401,29.4559561],[121.2890516,29.4549872],[121.2905284,29.4543575],[121.2907656,29.4542718]]},"properties":{"osmId":1125792937,"kind":"stream","name":null}},{"type":"Feature","geometry":{"type":"LineString","coordinates":[[121.2897513,29.4698931],[121.2894629,29.4696957],[121.2892648,29.4698471],[121.2891591,29.4698049],[121.2888663,29.4695193],[121.2885361,29.4689731],[121.2884238,29.468584],[121.2880122,29.4683138],[121.287934,29.4682862]]},"properties":{"osmId":1125792938,"kind":"stream","name":null}},{"type":"Feature","geometry":{"type":"LineString","coordinates":[[121.2878118,29.4682432],[121.2876423,29.4681834],[121.2872625,29.4681468]]},"properties":{"osmId":1125792939,"kind":"stream","name":null}},{"type":"Feature","geometry":{"type":"LineString","coordinates":[[121.287934,29.4682862],[121.2878118,29.4682432]]},"properties":{"osmId":1125792940,"kind":"stream","name":null}},{"type":"Feature","geometry":{"type":"Polygon","coordinates":[[[121.2885691,29.4689558],[121.2889478,29.4695289],[121.2881487,29.4693507],[121.2885691,29.4689558]]]},"properties":{"osmId":1125792941,"kind":"water","name":null}},{"type":"Feature","geometry":{"type":"LineString","coordinates":[[121.4803434,29.3802306],[121.4808078,29.3816221],[121.4812029,29.3828352],[121.4817034,29.3840419],[121.4818316,29.3842291]]},"properties":{"osmId":1125805536,"kind":"river","name":null}},{"type":"Feature","geometry":{"type":"LineString","coordinates":[[121.4803118,29.3801356],[121.4803434,29.3802306]]},"properties":{"osmId":1125805537,"kind":"river","name":null}},{"type":"Feature","geometry":{"type":"LineString","coordinates":[[121.4047534,29.3637265],[121.4053431,29.3644185],[121.405642,29.3646122],[121.4062093,29.3646723],[121.4070219,29.364679],[121.4071905,29.3648995],[121.4072519,29.3651601],[121.4069222,29.3654006],[121.4068456,29.3655743],[121.4072749,29.3661822]]},"properties":{"osmId":1125810283,"kind":"stream","name":null}},{"type":"Feature","geometry":{"type":"LineString","coordinates":[[121.4029835,29.361152],[121.4029753,29.3617105],[121.4033122,29.3622225],[121.4039202,29.3627488],[121.4046356,29.3635883]]},"properties":{"osmId":1125810284,"kind":"stream","name":null}},{"type":"Feature","geometry":{"type":"LineString","coordinates":[[121.4046356,29.3635883],[121.4047534,29.3637265]]},"properties":{"osmId":1125810285,"kind":"stream","name":null}},{"type":"Feature","geometry":{"type":"LineString","coordinates":[[121.3975396,29.3689817],[121.3984136,29.3688949],[121.3991695,29.3687481],[121.399504,29.3678379],[121.4004599,29.3673222],[121.401087,29.3674457],[121.4019215,29.367763],[121.402751,29.3677145],[121.4033023,29.3674545],[121.4040559,29.3674501],[121.4054366,29.3667272],[121.406701,29.3662335],[121.4072749,29.3661822],[121.4080413,29.366163],[121.409331,29.365709],[121.4094187,29.3656778],[121.4097031,29.3657052],[121.4097136,29.3657099],[121.4100152,29.3658452],[121.4103937,29.3660768],[121.4105673,29.3664479],[121.410767,29.3667073],[121.4107085,29.367117],[121.4107115,29.3671539],[121.4107673,29.3678468],[121.4115614,29.3684109],[121.4123301,29.3691029],[121.4129472,29.3695437],[121.4133518,29.3697376],[121.4139991,29.3697376],[121.4143987,29.3697464],[121.4152383,29.3697773],[121.4157643,29.3699712],[121.4162953,29.3701916],[121.4166022,29.3704943],[121.4167448,29.3708096],[121.4169022,29.3715403],[121.4167404,29.3725188],[121.4168011,29.3730124],[121.4174788,29.3735589],[121.4177216,29.3740834],[121.4177216,29.374771],[121.4177468,29.3753527],[121.4180756,29.3759565],[121.4185461,29.37677],[121.4187938,29.3777028]]},"properties":{"osmId":1125810288,"kind":"river","name":null}},{"type":"Feature","geometry":{"type":"LineString","coordinates":[[121.3866635,29.366758],[121.3878877,29.3660456],[121.3884834,29.3660133],[121.3887874,29.3661494],[121.3890503,29.366067],[121.3893132,29.3658487],[121.389609,29.3658093],[121.3898719,29.3658057],[121.3903895,29.3661351],[121.3906566,29.366622],[121.3910781,29.3670177],[121.3910404,29.3677004],[121.3911914,29.3683008],[121.39155,29.3685723],[121.3923711,29.3686216],[121.3930645,29.3687282],[121.3954196,29.3691315],[121.3965295,29.3690088],[121.3972962,29.3690059],[121.3974248,29.3689931]]},"properties":{"osmId":1125810289,"kind":"stream","name":null}},{"type":"Feature","geometry":{"type":"LineString","coordinates":[[121.3974248,29.3689931],[121.3975396,29.3689817]]},"properties":{"osmId":1125810290,"kind":"stream","name":null}},{"type":"Feature","geometry":{"type":"LineString","coordinates":[[121.4188217,29.3778078],[121.4189135,29.3781536],[121.4189135,29.3784574],[121.4188424,29.378914],[121.4186955,29.3794124],[121.4192373,29.3804108],[121.4198299,29.3819847],[121.4228031,29.3842556]]},"properties":{"osmId":1125810293,"kind":"stream","name":null}},{"type":"Feature","geometry":{"type":"LineString","coordinates":[[121.4187938,29.3777028],[121.4188217,29.3778078]]},"properties":{"osmId":1125810294,"kind":"stream","name":null}},{"type":"Feature","geometry":{"type":"Polygon","coordinates":[[[121.4174746,29.375101],[121.4169284,29.3740388],[121.417419,29.3735849],[121.4178236,29.3736422],[121.4179349,29.3739419],[121.4178085,29.3747572],[121.4179804,29.3751363],[121.4174746,29.375101]]]},"properties":{"osmId":1125810295,"kind":"water","name":null}},{"type":"Feature","geometry":{"type":"Polygon","coordinates":[[[121.439646,29.3690218],[121.4397748,29.3690585],[121.4400847,29.3694358],[121.4399107,29.3695937],[121.4396729,29.3693491],[121.439646,29.3690218]]]},"properties":{"osmId":1125810298,"kind":"water","name":null}},{"type":"Feature","geometry":{"type":"LineString","coordinates":[[121.441343,29.3705247],[121.4414151,29.3705798],[121.4415493,29.3707352],[121.4416792,29.3709482],[121.4417167,29.370975],[121.4417937,29.3710192],[121.4417783,29.3712014],[121.4420821,29.371376],[121.4424299,29.3716753],[121.4425642,29.3718652],[121.4428394,29.3721223],[121.4431388,29.3723468],[121.4434206,29.3726077],[121.4435351,29.3726998]]},"properties":{"osmId":1125810299,"kind":"stream","name":null}},{"type":"Feature","geometry":{"type":"LineString","coordinates":[[121.4400847,29.3694358],[121.4401244,29.3694841],[121.4403165,29.3696321],[121.440704,29.3698853],[121.44101,29.3700734],[121.440966,29.3703112],[121.4410606,29.3703688],[121.4412521,29.3704551]]},"properties":{"osmId":1125810300,"kind":"stream","name":null}},{"type":"Feature","geometry":{"type":"LineString","coordinates":[[121.4412521,29.3704551],[121.441343,29.3705247]]},"properties":{"osmId":1125810301,"kind":"stream","name":null}},{"type":"Feature","geometry":{"type":"LineString","coordinates":[[121.4490489,29.3701954],[121.4496663,29.3694886],[121.449999,29.3692595],[121.4503811,29.3692487],[121.4510589,29.3693525],[121.4515971,29.3695208],[121.4516135,29.3696175],[121.4517901,29.369596],[121.4519503,29.3696533],[121.4524228,29.3695315],[121.4526898,29.3696604],[121.4528952,29.3697356],[121.4531581,29.3696389],[121.4533676,29.3696676],[121.4534756,29.369601],[121.4536978,29.3694639],[121.4538318,29.3693812],[121.4541564,29.3690232],[121.4544193,29.3686831],[121.4546945,29.368522],[121.4549574,29.3683752],[121.4550725,29.3682678],[121.4553231,29.3675983],[121.4553641,29.3674085],[121.4553436,29.3671114],[121.4554011,29.3668608],[121.4551957,29.3664669],[121.4553066,29.3661913],[121.4551505,29.3657545],[121.4551177,29.3654752],[121.4551423,29.3652819],[121.4551053,29.3651602],[121.4549574,29.3650957],[121.454826,29.3650528],[121.454752,29.3648881],[121.4546411,29.3646231],[121.4546452,29.3644763],[121.4546,29.3643654],[121.4544645,29.3642615],[121.4543207,29.3641255],[121.4542632,29.3640789],[121.4542714,29.3640073],[121.4543823,29.3639679],[121.454559,29.3639142],[121.4545425,29.3638391],[121.4544809,29.3637281],[121.4545097,29.3636421],[121.4547644,29.3635097],[121.4554751,29.3634739],[121.455664,29.3632949],[121.4558366,29.3630979],[121.4560543,29.3628545],[121.4562392,29.362389],[121.4563747,29.3620453],[121.4565432,29.3620131],[121.4569458,29.3620919],[121.4573935,29.3622351],[121.4574593,29.3623497],[121.4575825,29.3624463],[121.4578865,29.3624642],[121.4579974,29.3623604],[121.4583096,29.3620095],[121.4584983,29.3617723],[121.4587543,29.3615958],[121.4589053,29.3614331],[121.4591189,29.3612183],[121.459275,29.3610858],[121.4593117,29.3610782],[121.459332,29.3610934],[121.459377,29.361158],[121.4594322,29.3612567],[121.4595135,29.3613377],[121.4595949,29.3613808],[121.4596631,29.3613782],[121.4597997,29.3613086],[121.4598287,29.3612061],[121.4598958,29.3608505]]},"properties":{"osmId":1125810302,"kind":"stream","name":null}},{"type":"Feature","geometry":{"type":"LineString","coordinates":[[121.4486048,29.3776559],[121.4491212,29.3777177],[121.4493875,29.3777448],[121.4524754,29.37808],[121.4531054,29.3778867],[121.4542563,29.3775371]]},"properties":{"osmId":1125810303,"kind":"stream","name":null}},{"type":"Feature","geometry":{"type":"LineString","coordinates":[[121.4544395,29.3775099],[121.4545403,29.377495],[121.4551873,29.377528],[121.4582318,29.3776501],[121.4592209,29.3776651]]},"properties":{"osmId":1125810304,"kind":"stream","name":null}},{"type":"Feature","geometry":{"type":"LineString","coordinates":[[121.4542563,29.3775371],[121.4544395,29.3775099]]},"properties":{"osmId":1125810305,"kind":"stream","name":null}},{"type":"Feature","geometry":{"type":"Polygon","coordinates":[[[121.4392571,29.3313572],[121.4395001,29.3314131],[121.4397354,29.3314004],[121.4398748,29.3313143],[121.4400113,29.3312637],[121.4402437,29.3313346],[121.4403279,29.3314561],[121.4405429,29.3315397],[121.4407288,29.3316815],[121.440755,29.3318917],[121.440755,29.3320462],[121.4409147,29.3321272],[121.4411064,29.3322235],[121.4411471,29.332307],[121.4411762,29.3324792],[121.4411355,29.3326236],[121.44107,29.3326306],[121.4410048,29.3326375],[121.4410194,29.3325362],[121.4410368,29.3323716],[121.4409496,29.3322931],[121.4407347,29.3322247],[121.4406243,29.332169],[121.4405778,29.332093],[121.4405372,29.332012],[121.4404442,29.3319309],[121.4403135,29.3319132],[121.4401392,29.3319132],[121.4399794,29.3319816],[121.439869,29.332055],[121.4397383,29.3321006],[121.4396308,29.3320753],[121.4395088,29.3320221],[121.4394159,29.3319841],[121.4392571,29.3313572]]]},"properties":{"osmId":1125965743,"kind":"water","name":null}},{"type":"Feature","geometry":{"type":"Polygon","coordinates":[[[121.464737,29.2649252],[121.4645951,29.266209],[121.4644214,29.2670882],[121.4640928,29.2670124],[121.4635699,29.2665259],[121.4631632,29.2658569],[121.4625823,29.2647926],[121.4619432,29.2638195],[121.4615365,29.2628362],[121.4611531,29.2616198],[121.4595961,29.2585686],[121.4584347,29.255835],[121.4571902,29.2543124],[121.4583346,29.2537133],[121.4588066,29.2541502],[121.4592501,29.2550363],[121.4599653,29.2554107],[121.4605376,29.2563592],[121.4609953,29.2585433],[121.4614817,29.2592421],[121.4624687,29.2611266],[121.4629551,29.2627615],[121.4631411,29.2636475],[121.4636847,29.2645585],[121.4639994,29.2647332],[121.464737,29.2649252]]]},"properties":{"osmId":1125967477,"kind":"water","name":null}},{"type":"Feature","geometry":{"type":"Polygon","coordinates":[[[121.4583346,29.2537133],[121.4582201,29.2525651],[121.4574763,29.2510924],[121.4569613,29.2500564],[121.4566948,29.2501694],[121.4564606,29.2502686],[121.4556166,29.2505682],[121.4553448,29.251654],[121.4544293,29.2524029],[121.4528557,29.2532141],[121.4517542,29.2541127],[121.4500662,29.2555355],[121.4491507,29.2553608],[121.4482495,29.256197],[121.4503666,29.257158],[121.4514824,29.2561845],[121.4521834,29.2554856],[121.4546009,29.2545246],[121.4558598,29.2541876],[121.4567753,29.2544247],[121.4571902,29.2543124],[121.4583346,29.2537133]]]},"properties":{"osmId":1125967478,"kind":"water","name":null}},{"type":"Feature","geometry":{"type":"Polygon","coordinates":[[[121.4482495,29.256197],[121.4454769,29.2571089],[121.4443897,29.2569217],[121.4438318,29.2567969],[121.4420723,29.2568718],[121.4407562,29.2569217],[121.4401125,29.2566471],[121.4389824,29.2565598],[121.4370941,29.2561979],[121.4355921,29.2555489],[121.4348911,29.2551745],[121.4328741,29.2546253],[121.4317726,29.2568593],[121.4333462,29.2573835],[121.4336466,29.2571339],[121.4349197,29.2574708],[121.4359354,29.2576081],[121.4366507,29.2577205],[121.4371656,29.2582446],[121.4371799,29.2584568],[121.438682,29.2589185],[121.4401554,29.2591432],[121.4405416,29.2591931],[121.4404129,29.2595675],[121.4423584,29.2602913],[121.4436316,29.2600293],[121.4443897,29.2598795],[121.4455341,29.2597422],[121.4467787,29.2599294],[121.4469217,29.2603787],[121.4472937,29.2601416],[121.4476656,29.2593553],[121.4487202,29.2588184],[121.4494527,29.2582618],[121.4497398,29.2575333],[121.4503666,29.257158],[121.4482495,29.256197]]]},"properties":{"osmId":1125967479,"kind":"water","name":null}},{"type":"Feature","geometry":{"type":"Polygon","coordinates":[[[121.4328741,29.2546253],[121.4315808,29.2543757],[121.4304221,29.2546128],[121.4282906,29.2557235],[121.426245,29.2568967],[121.4272463,29.2580074],[121.428591,29.2571838],[121.4296353,29.2567469],[121.4303506,29.2569092],[121.4307368,29.2565722],[121.4317726,29.2568593],[121.4328741,29.2546253]]]},"properties":{"osmId":1125967480,"kind":"water","name":null}},{"type":"Feature","geometry":{"type":"Polygon","coordinates":[[[121.426245,29.2568967],[121.4272463,29.2580074],[121.4266312,29.2588436],[121.4263062,29.2595007],[121.4259351,29.2599466],[121.425463,29.2621368],[121.4263451,29.2647358],[121.4286674,29.2688944],[121.4316715,29.2718428],[121.4313805,29.27302],[121.4303219,29.2755531],[121.4290917,29.2751413],[121.4299643,29.2728952],[121.4299643,29.2721216],[121.4294922,29.2710609],[121.4268601,29.268665],[121.4254725,29.2664687],[121.4241851,29.2639354],[121.4237273,29.2617265],[121.4238191,29.2609472],[121.4238846,29.2603911],[121.424371,29.2590308],[121.4250004,29.2580948],[121.4256442,29.2573335],[121.426245,29.2568967]]]},"properties":{"osmId":1125967481,"kind":"water","name":null}},{"type":"Feature","geometry":{"type":"Polygon","coordinates":[[[121.427871,29.278997],[121.4281721,29.2785591],[121.4283696,29.2770996],[121.4290917,29.2751413],[121.4303219,29.2755531],[121.4294594,29.2785579],[121.4290992,29.2791975],[121.427871,29.278997]]]},"properties":{"osmId":1125967482,"kind":"water","name":null}},{"type":"Feature","geometry":{"type":"LineString","coordinates":[[121.3749918,29.3055355],[121.3751393,29.3055336],[121.3753859,29.3055873],[121.3755422,29.3056372],[121.3757007,29.3056449],[121.3758151,29.3055278],[121.3759715,29.3054913],[121.3761189,29.3054894],[121.3762598,29.3053498],[121.3762976,29.3051605],[121.3761937,29.3049876],[121.3762504,29.3046584],[121.3764391,29.3044115],[121.3761088,29.3035309],[121.3761843,29.3031112],[121.3763353,29.3027408],[121.3765241,29.302033],[121.3763636,29.3015474],[121.3755048,29.3011277],[121.3747969,29.3006997],[121.3744005,29.2999754],[121.3741646,29.2991935],[121.3739287,29.2981153],[121.3739381,29.2973828],[121.3744477,29.2964856],[121.3748252,29.2959506],[121.3752783,29.2955391],[121.3755614,29.295037],[121.3757596,29.2941481],[121.3759578,29.2935554],[121.3759389,29.2925842],[121.3757407,29.291687],[121.3755563,29.2909743]]},"properties":{"osmId":1125967483,"kind":"stream","name":null}},{"type":"Feature","geometry":{"type":"LineString","coordinates":[[121.3332841,29.3286523],[121.3333827,29.3284876],[121.3338018,29.3283407],[121.3342536,29.3282297],[121.3345535,29.3280076],[121.3354614,29.3278035],[121.335864,29.3278715],[121.336131,29.3278751],[121.3362707,29.3277498],[121.3365069,29.3274937],[121.3374783,29.3273199],[121.3384247,29.3271842],[121.3396327,29.3267119],[121.3403177,29.3266251],[121.3404401,29.326649]]},"properties":{"osmId":1125967492,"kind":"stream","name":null}},{"type":"Feature","geometry":{"type":"Polygon","coordinates":[[[121.3276696,29.3196471],[121.3279731,29.3196636],[121.3281954,29.3195124],[121.3283038,29.3192477],[121.3285728,29.3192815],[121.3286805,29.319295],[121.3285965,29.3195242],[121.3285613,29.3197227],[121.3277265,29.3198172],[121.3276696,29.3196471]]]},"properties":{"osmId":1125967495,"kind":"water","name":null}},{"type":"Feature","geometry":{"type":"LineString","coordinates":[[121.35538,29.2750362],[121.3551524,29.2754818],[121.3550007,29.2757333],[121.3549097,29.2757244],[121.3546972,29.2755303],[121.3545455,29.275495],[121.3543887,29.2758082],[121.3542117,29.2759979],[121.3538172,29.2762185],[121.3536705,29.2766068],[121.3535846,29.2770744],[121.3536082,29.2774104],[121.3537069,29.2777797],[121.3534885,29.2782082],[121.3528158,29.2784773],[121.3527602,29.2788611],[121.352824,29.2789407],[121.3532103,29.2792316],[121.3530485,29.2799286],[121.3526641,29.2805595],[121.352568,29.2810756],[121.3528158,29.2813315],[121.3531136,29.2816358],[121.3529827,29.2821167],[121.3537515,29.2822314],[121.3542067,29.2822402],[121.354323,29.2823902],[121.3544039,29.2829637],[121.3544949,29.2834577],[121.3543844,29.2836851]]},"properties":{"osmId":1125967496,"kind":"stream","name":null}},{"type":"Feature","geometry":{"type":"LineString","coordinates":[[121.3482285,29.2897097],[121.3487305,29.2897903],[121.3489638,29.2895676],[121.3492244,29.289226],[121.350037,29.2888783],[121.3510259,29.2883969],[121.3511102,29.288203],[121.3510412,29.287969],[121.3509934,29.2878514],[121.3509569,29.2877618],[121.3513785,29.2874208],[121.3520072,29.2869059],[121.3519612,29.2863644],[121.3520915,29.2859164],[121.3524901,29.2856556],[121.3529271,29.2854684],[121.3532797,29.2857493],[121.3535557,29.2853815],[121.3542073,29.2851742],[121.3545766,29.2849688]]},"properties":{"osmId":1125967497,"kind":"stream","name":null}},{"type":"Feature","geometry":{"type":"LineString","coordinates":[[121.3783945,29.3371623],[121.3794174,29.3369259],[121.3797625,29.3367433],[121.3820795,29.3357441],[121.3828436,29.3356152],[121.3830654,29.33554],[121.3832872,29.3354003],[121.3834105,29.3351854],[121.3834721,29.3348309],[121.3840267,29.3332837],[121.3841376,29.3331763],[121.3844704,29.3330689],[121.3846676,29.3327143],[121.3848401,29.3321019],[121.3852221,29.3316077],[121.3857028,29.3312531],[121.3860848,29.3308663],[121.3863683,29.3303398],[121.3863683,29.3299208],[121.3862204,29.3296522],[121.3858137,29.3288571],[121.3857274,29.328524],[121.3858014,29.3282339],[121.3859616,29.3272454],[121.3860232,29.3263643],[121.3863436,29.324022],[121.3862943,29.3236351],[121.3862081,29.3232268],[121.3859706,29.3228509],[121.3833604,29.3205966],[121.3817421,29.3179716],[121.3809086,29.3168526],[121.38089,29.3164138],[121.3813325,29.3147127],[121.3812985,29.3142836],[121.3798757,29.3133732],[121.3798518,29.3133334]]},"properties":{"osmId":1125967498,"kind":"river","name":null}},{"type":"Feature","geometry":{"type":"LineString","coordinates":[[121.3798518,29.3133334],[121.3797922,29.3132341]]},"properties":{"osmId":1125967499,"kind":"river","name":null}},{"type":"Feature","geometry":{"type":"LineString","coordinates":[[121.3069252,29.4744424],[121.3075078,29.4742222],[121.3084737,29.4743023],[121.30888,29.4744291],[121.3092633,29.474369],[121.3095622,29.4741154],[121.3096082,29.4738218],[121.3099149,29.4735281],[121.3101679,29.4736883],[121.3104975,29.4736683],[121.3107811,29.4734547],[121.3114711,29.4732879],[121.311954,29.4729275],[121.3126363,29.4726672],[121.3129123,29.4727539],[121.3130886,29.4728941],[121.3133262,29.4728874],[121.3134949,29.4728674],[121.3136329,29.4726205],[121.3137708,29.472467],[121.3141695,29.4723802],[121.3142538,29.472507],[121.3144454,29.4725738],[121.3146601,29.4725404],[121.3149821,29.4723936],[121.3153807,29.4723268],[121.3157563,29.4723335],[121.31604,29.4723535],[121.3164232,29.4721533],[121.3168142,29.4719464],[121.3173278,29.4720866],[121.3177341,29.4722334],[121.3181711,29.472527],[121.3186924,29.4728941],[121.3187614,29.4731344],[121.318907,29.4733079],[121.3190757,29.4733746],[121.31939,29.4733746],[121.3196966,29.4732545],[121.3199802,29.473081],[121.3202179,29.4731277],[121.3204325,29.4732879],[121.3207008,29.4736883],[121.3210151,29.4741087],[121.3213524,29.474329],[121.3223413,29.4743423],[121.3228396,29.4742422],[121.3234069,29.4744157],[121.3236599,29.4746894],[121.3239742,29.4746894],[121.3247868,29.474636],[121.3252391,29.4747227],[121.3256837,29.4749163],[121.325929,29.4750898],[121.3263506,29.4752299],[121.3268796,29.4754568],[121.3272782,29.475597],[121.3276002,29.4756437],[121.3283668,29.4757038],[121.329095,29.4755703],[121.3302142,29.4752833],[121.3309962,29.4751098],[121.3318547,29.4751031],[121.3325523,29.4750564],[121.33302,29.4748629],[121.3335566,29.4748762],[121.3342465,29.4749163],[121.3345072,29.4749897],[121.3349441,29.4748428],[121.3353734,29.4748428],[121.3365233,29.4750497],[121.3374662,29.4754435],[121.3379951,29.4757171],[121.3382711,29.4760441],[121.3385318,29.4762643],[121.3388767,29.4762777],[121.3391374,29.4761442],[121.3394747,29.4760308],[121.3404482,29.4760441],[121.3418853,29.4758966],[121.3426435,29.4757098],[121.3434446,29.4753985],[121.3443029,29.4748879],[121.3452327,29.4736674],[121.346091,29.4721232],[121.3466346,29.4711019],[121.3469207,29.4704917],[121.3469779,29.4699935],[121.3468713,29.4696484],[121.346878,29.469355],[121.346918,29.4687246],[121.3469981,29.4684718],[121.3471583,29.4683847],[121.347572,29.4682975],[121.3484196,29.4683469],[121.3493572,29.4684544],[121.3495808,29.468434],[121.3498744,29.468312],[121.3500513,29.4679198],[121.3495908,29.4670744],[121.3492071,29.4666997],[121.3485364,29.4657758],[121.3484896,29.4655115],[121.3485964,29.4652384],[121.3487799,29.4646573],[121.3490002,29.4641228],[121.3491904,29.4636405],[121.3495407,29.4635011],[121.3501347,29.4635969],[121.3506619,29.4638933],[121.3511657,29.4640647],[121.3515695,29.4640763],[121.35205,29.4638352],[121.352724,29.4631699],[121.353318,29.462676],[121.3536683,29.4618916],[121.3539686,29.4613599],[121.3544625,29.4602559],[121.354676,29.459085],[121.3545593,29.4578125],[121.3543824,29.4572372],[121.3541655,29.4564672],[121.3537151,29.4559065],[121.3525639,29.4543695],[121.3518598,29.45337],[121.3518592,29.4524057],[121.3520309,29.4517455],[121.352646,29.4511102],[121.353633,29.4505497],[121.3546058,29.4501511],[121.3549461,29.4498365],[121.3546124,29.4483488],[121.35402,29.4461744],[121.3536251,29.4445134],[121.3529735,29.4434319],[121.3520919,29.4421769],[121.350827,29.4407482],[121.3502904,29.4397201],[121.3497308,29.4383382],[121.3492785,29.4374168],[121.3491175,29.4372633],[121.3486115,29.4370363],[121.3480673,29.4371832],[121.3476916,29.4371698],[121.3473543,29.4369829],[121.3469557,29.4364822],[121.3458978,29.434299],[121.3450852,29.4322026],[121.3451466,29.4311744],[121.3451159,29.4295653],[121.3446559,29.4284036],[121.3444566,29.4271951],[121.3440427,29.4252721],[121.3439277,29.4242105],[121.3436977,29.4233358],[121.3434447,29.4216999],[121.3434085,29.4216028]]},"properties":{"osmId":1127735758,"kind":"stream","name":null}},{"type":"Feature","geometry":{"type":"LineString","coordinates":[[121.3294518,29.3986848],[121.3305629,29.3997459],[121.3308733,29.4003186],[121.3310167,29.4008971],[121.3311272,29.401198],[121.3311769,29.4013331],[121.3316007,29.4024901],[121.3316974,29.4030134],[121.3318509,29.4036704],[121.3320678,29.4044988],[121.332188,29.4054959],[121.3325717,29.4063011],[121.3329654,29.4069464],[121.3340903,29.4087738],[121.3344826,29.4095494],[121.3346818,29.4100918],[121.3345947,29.411372],[121.3344826,29.4119795],[121.3344577,29.412511],[121.3346632,29.4129449],[121.3351613,29.4134277],[121.3360206,29.4136989],[121.3371538,29.4136284],[121.3381999,29.413585],[121.3386233,29.4131673],[121.3394515,29.4125653],[121.3413381,29.4126466],[121.342185,29.4123646],[121.3423531,29.411654],[121.3426084,29.4112797],[121.3438599,29.4114316],[121.344383,29.4119469],[121.3444826,29.4126249],[121.3447753,29.4133301],[121.3453232,29.4136501],[121.3474714,29.4143064],[121.3478824,29.414225],[121.3488226,29.4134982],[121.3494328,29.4130914],[121.3499907,29.4127074],[121.3510019,29.412408],[121.3519857,29.4122615],[121.3532809,29.412229],[121.3537684,29.4122693]]},"properties":{"osmId":1127741478,"kind":"river","name":null}},{"type":"Feature","geometry":{"type":"LineString","coordinates":[[121.3664298,29.4722938],[121.3662797,29.4723617],[121.3661564,29.4726979],[121.36614,29.4731914],[121.3665344,29.4736421],[121.3669616,29.4740569],[121.3674464,29.4737923],[121.3676271,29.4741785],[121.3680133,29.4744432],[121.3685783,29.4744588],[121.3689417,29.4745362],[121.3690354,29.4747818],[121.3688842,29.4752228],[121.3688267,29.4755805],[121.3685391,29.4759596],[121.3684405,29.4760454],[121.3684187,29.4763108],[121.3686316,29.4770269],[121.3689664,29.4777191],[121.3691471,29.4780052],[121.3692046,29.4784057],[121.3695004,29.4787061],[121.3698506,29.4789526],[121.3698866,29.479121],[121.3699441,29.4796932],[121.3698619,29.4801652],[121.3697549,29.480349],[121.3695579,29.4806874],[121.3695415,29.480952],[121.3698537,29.4810164],[121.3701248,29.4811737],[121.3702892,29.4814741],[121.3702892,29.481703],[121.3702645,29.4819748],[121.3702727,29.4820749],[121.3704991,29.4826072],[121.3706963,29.4829934],[121.3712262,29.483419],[121.3718835,29.4837515],[121.3728736,29.4841807],[121.3732145,29.4844167],[121.3732679,29.4848029],[121.3731242,29.4853143],[121.3733378,29.4858721],[121.373613,29.4862118],[121.3738513,29.48648],[121.3743073,29.4866588],[121.3750467,29.4869342],[121.3752234,29.4869807],[121.3752398,29.4871201],[121.3752645,29.487324],[121.3751494,29.4875492],[121.3751412,29.4877817],[121.375248,29.4879819],[121.3765133,29.4892156],[121.3770761,29.4895446],[121.378744,29.4902597],[121.3789535,29.4904636],[121.3790809,29.4907031],[121.3795327,29.4915685],[121.3800627,29.4924374],[121.3804023,29.4927587],[121.3807212,29.4929609],[121.3814841,29.4932813],[121.3824782,29.4937068],[121.3831478,29.4942002],[121.3837724,29.4946705],[121.3842139,29.4952368],[121.3849692,29.4960964],[121.3853177,29.4965212],[121.3859568,29.497037],[121.3870142,29.4976236],[121.3881994,29.4980685],[121.3898609,29.497846],[121.3920337,29.4977348],[121.3929168,29.4980584],[121.3947875,29.498736],[121.396635,29.498736],[121.3986916,29.4988472],[121.4006669,29.4984023],[121.4036182,29.497482],[121.4046988,29.4974415],[121.4057097,29.4976741],[121.4061745,29.4976539],[121.406372,29.4973707],[121.4065812,29.4968145],[121.4068949,29.4964403],[121.4074759,29.4965515],[121.4081033,29.4967538],[121.4088934,29.4966628],[121.4101599,29.4947412],[121.4114962,29.4929511],[121.4137387,29.490625],[121.4144688,29.4896901],[121.4161555,29.4875301],[121.4177818,29.4856048],[121.4193509,29.4837473],[121.4227553,29.4792866],[121.4236015,29.4782632],[121.4253813,29.4761105],[121.4261017,29.4752102],[121.4263341,29.4740064],[121.4264503,29.4732983],[121.4261017,29.4723475],[121.4256602,29.471609],[121.4258693,29.4710425],[121.4265316,29.4703547],[121.4276355,29.4701119],[121.4285599,29.4698401]]},"properties":{"osmId":1127741506,"kind":"river","name":"五市溪"}},{"type":"Feature","geometry":{"type":"LineString","coordinates":[[121.3739305,29.4792916],[121.3735077,29.4790934],[121.3728952,29.479117],[121.3727953,29.479071],[121.3721488,29.4792251],[121.3717736,29.4792189],[121.3713513,29.4793771],[121.3711366,29.4795414],[121.3710044,29.4798433],[121.3708463,29.4799378],[121.370601,29.4800117],[121.3703839,29.4800775],[121.3702447,29.4802952],[121.3699639,29.4804349],[121.3698753,29.4803984]]},"properties":{"osmId":1127741508,"kind":"stream","name":null}},{"type":"Feature","geometry":{"type":"LineString","coordinates":[[121.3698098,29.4803715],[121.3697549,29.480349]]},"properties":{"osmId":1127741509,"kind":"stream","name":null}},{"type":"Feature","geometry":{"type":"LineString","coordinates":[[121.3698753,29.4803984],[121.3698098,29.4803715]]},"properties":{"osmId":1127741510,"kind":"stream","name":null}},{"type":"Feature","geometry":{"type":"LineString","coordinates":[[121.3681878,29.4710577],[121.3676764,29.4710241],[121.3673359,29.4710557],[121.3670849,29.4713174],[121.3671259,29.4719182],[121.3669123,29.4720756],[121.3665401,29.472244]]},"properties":{"osmId":1127741515,"kind":"stream","name":null}},{"type":"Feature","geometry":{"type":"LineString","coordinates":[[121.3665401,29.472244],[121.3664298,29.4722938]]},"properties":{"osmId":1127741516,"kind":"stream","name":null}},{"type":"Feature","geometry":{"type":"LineString","coordinates":[[121.4228102,29.465172],[121.4229537,29.4653753],[121.4235944,29.4654334],[121.4242183,29.4655206],[121.4247989,29.4657269],[121.4251827,29.4659593],[121.4256732,29.4669848],[121.4261103,29.4672027],[121.4267143,29.4672753],[121.4269345,29.4669935],[121.4270313,29.4668192],[121.4272159,29.4669298]]},"properties":{"osmId":1127742288,"kind":"stream","name":null}},{"type":"Feature","geometry":{"type":"LineString","coordinates":[[121.4255948,29.4594688],[121.4257985,29.4594987],[121.4261641,29.4598135],[121.4265339,29.4604001],[121.4269899,29.4608258],[121.4278526,29.461187],[121.4290521,29.4611012],[121.4297387,29.46102]]},"properties":{"osmId":1127742289,"kind":"stream","name":null}},{"type":"Feature","geometry":{"type":"LineString","coordinates":[[121.4239622,29.4593485],[121.4242046,29.4592054],[121.4246031,29.4593199],[121.4251166,29.459395],[121.4253666,29.459433]]},"properties":{"osmId":1127742290,"kind":"stream","name":null}},{"type":"Feature","geometry":{"type":"LineString","coordinates":[[121.4253666,29.459433],[121.4255948,29.4594688]]},"properties":{"osmId":1127742291,"kind":"stream","name":null}},{"type":"Feature","geometry":{"type":"Polygon","coordinates":[[[121.4300093,29.4122387],[121.43473,29.4135846],[121.4367041,29.4134475],[121.4373192,29.4137092],[121.4383349,29.412974],[121.4401945,29.4132232],[121.441774,29.4139524],[121.4424963,29.4144589],[121.4429268,29.4149304],[121.443178,29.4157853],[121.4444005,29.4147192],[121.4436707,29.4133104],[121.441296,29.4119521],[121.4400419,29.4115365],[121.4371046,29.4109801],[121.4339003,29.4114288],[121.4305529,29.4109926],[121.4300093,29.4122387]]]},"properties":{"osmId":1127742292,"kind":"water","name":null}},{"type":"Feature","geometry":{"type":"Polygon","coordinates":[[[121.4300093,29.4122387],[121.4280191,29.4105878],[121.4274033,29.4093833],[121.4268688,29.4087558],[121.4266248,29.4071565],[121.4266015,29.4052231],[121.4276473,29.4051725],[121.4274962,29.4062252],[121.4277286,29.4069034],[121.428054,29.4083509],[121.4290765,29.4098388],[121.4305529,29.4109926],[121.4300093,29.4122387]]]},"properties":{"osmId":1127742293,"kind":"water","name":null}},{"type":"Feature","geometry":{"type":"Polygon","coordinates":[[[121.4663376,29.4060895],[121.4666954,29.4058227],[121.4673404,29.4064838],[121.4668445,29.4066609],[121.4663376,29.4060895]]]},"properties":{"osmId":1127744635,"kind":"water","name":null}},{"type":"Feature","geometry":{"type":"LineString","coordinates":[[121.472159,29.4158731],[121.4718287,29.416054],[121.4704696,29.416054],[121.4702054,29.4157827],[121.4697524,29.4154128],[121.4689596,29.4153059],[121.4688639,29.4153183],[121.4680064,29.4154292],[121.4675874,29.4156607],[121.4671286,29.4168103],[121.4668172,29.4178873],[121.4668833,29.4182326],[121.4667889,29.4189807],[121.4663075,29.420148],[121.4661754,29.4207235],[121.4658066,29.4209482]]},"properties":{"osmId":1127744636,"kind":"stream","name":null}},{"type":"Feature","geometry":{"type":"LineString","coordinates":[[121.4780912,29.4143852],[121.477793,29.4145902],[121.4775701,29.4147197],[121.4766924,29.4151929],[121.4764694,29.4152808],[121.4753678,29.4151898],[121.4752811,29.4151991],[121.475197,29.4152129],[121.4748051,29.4152299],[121.4745971,29.415149],[121.474437,29.4150257],[121.4742167,29.4149794],[121.4741494,29.415001],[121.4740601,29.4150881],[121.4738683,29.4151553],[121.4736881,29.4151768],[121.4735972,29.4150762],[121.4734786,29.4149956],[121.4733492,29.4149809],[121.473246,29.4149165],[121.4731597,29.4148494],[121.4729825,29.414844],[121.4728978,29.41484],[121.4728223,29.4147997],[121.4723987,29.4146159],[121.4717563,29.4143421],[121.471519,29.414373],[121.4710739,29.4144881],[121.4697192,29.4147991],[121.4691519,29.4149415],[121.4688015,29.4151159],[121.4688639,29.4153183]]},"properties":{"osmId":1127744652,"kind":"stream","name":null}},{"type":"Feature","geometry":{"type":"LineString","coordinates":[[121.3593642,29.421084],[121.3577927,29.4203161],[121.3565431,29.4199956],[121.3547876,29.4191742],[121.3537604,29.4189472],[121.3525952,29.4183262],[121.3517841,29.4175391],[121.3517212,29.4174782],[121.3509623,29.4165433],[121.350786,29.4162695],[121.3507247,29.4157554],[121.3506462,29.4149913]]},"properties":{"osmId":1127745264,"kind":"stream","name":null}},{"type":"Feature","geometry":{"type":"LineString","coordinates":[[121.3513608,29.4189347],[121.3515373,29.4183997],[121.3516063,29.4177987],[121.3517841,29.4175391]]},"properties":{"osmId":1127745265,"kind":"stream","name":null}},{"type":"Feature","geometry":{"type":"LineString","coordinates":[[121.5203902,29.3759398],[121.520284,29.3761331],[121.5202734,29.3762893],[121.5202651,29.3764106],[121.520345,29.3766725],[121.5203773,29.3767784]]},"properties":{"osmId":1128110780,"kind":"stream","name":null}},{"type":"Feature","geometry":{"type":"Polygon","coordinates":[[[121.427404,29.2827168],[121.4275943,29.2825939],[121.4281564,29.2827308],[121.4284193,29.2828245],[121.4283888,29.2829183],[121.4282348,29.2829246],[121.4280576,29.2829056],[121.4279618,29.2829968],[121.4278514,29.2829664],[121.4277149,29.2829651],[121.4275202,29.2828803],[121.427404,29.2827168]]]},"properties":{"osmId":1131134996,"kind":"water","name":"将军湖"}},{"type":"Feature","geometry":{"type":"LineString","coordinates":[[121.4401349,29.3866271],[121.4405117,29.3864709],[121.4407919,29.3863866],[121.4409588,29.3862819],[121.441129,29.386186],[121.4415327,29.3860261],[121.4420366,29.3860435],[121.4427006,29.3860581],[121.4431777,29.3860726],[121.4434113,29.3860755],[121.4435715,29.3860406]]},"properties":{"osmId":1131137685,"kind":"stream","name":null}},{"type":"Feature","geometry":{"type":"LineString","coordinates":[[121.4378222,29.3869594],[121.438603,29.3870699],[121.4391669,29.3869594],[121.4394127,29.3869265],[121.4396728,29.3868085]]},"properties":{"osmId":1131137686,"kind":"stream","name":null}},{"type":"Feature","geometry":{"type":"LineString","coordinates":[[121.4396728,29.3868085],[121.4400192,29.386675]]},"properties":{"osmId":1131137687,"kind":"stream","name":null}},{"type":"Feature","geometry":{"type":"LineString","coordinates":[[121.4435715,29.3860406],[121.4436378,29.3860309],[121.4443553,29.3865801]]},"properties":{"osmId":1131137692,"kind":"stream","name":null}},{"type":"Feature","geometry":{"type":"LineString","coordinates":[[121.44449,29.3865757],[121.4445848,29.3865725],[121.4447104,29.3865464]]},"properties":{"osmId":1131137693,"kind":"stream","name":null}},{"type":"Feature","geometry":{"type":"LineString","coordinates":[[121.4443553,29.3865801],[121.44449,29.3865757]]},"properties":{"osmId":1131137694,"kind":"stream","name":null}},{"type":"Feature","geometry":{"type":"LineString","coordinates":[[121.46353,29.342525],[121.4631472,29.3430265],[121.4626919,29.3437612],[121.4616241,29.3453583],[121.4607736,29.3467216],[121.4603032,29.3483969],[121.4601869,29.348895],[121.4597469,29.3504556],[121.4596305,29.3508304],[121.4596407,29.3518575],[121.4596356,29.3537399],[121.4596154,29.3550711],[121.4597733,29.355667]]},"properties":{"osmId":1134679372,"kind":"river","name":null}},{"type":"Feature","geometry":{"type":"Polygon","coordinates":[[[121.4878592,29.4493525],[121.4880163,29.449297],[121.4880702,29.4493927],[121.4879773,29.4494719],[121.4879075,29.4494504],[121.4878592,29.4493525]]]},"properties":{"osmId":1135415842,"kind":"water","name":null}},{"type":"Feature","geometry":{"type":"LineString","coordinates":[[121.4853643,29.4499839],[121.485386,29.4499823],[121.486101,29.4497327],[121.4867675,29.4495128],[121.486876,29.449483],[121.4869881,29.4494717],[121.4872642,29.4494481],[121.4878092,29.4493279],[121.4879697,29.4492837],[121.4885524,29.4488759]]},"properties":{"osmId":1135415843,"kind":"stream","name":null}},{"type":"Feature","geometry":{"type":"LineString","coordinates":[[121.4838453,29.450423],[121.4850734,29.4500049]]},"properties":{"osmId":1135415844,"kind":"stream","name":null}},{"type":"Feature","geometry":{"type":"LineString","coordinates":[[121.4850734,29.4500049],[121.4853643,29.4499839]]},"properties":{"osmId":1135415845,"kind":"stream","name":null}},{"type":"Feature","geometry":{"type":"Polygon","coordinates":[[[121.486502,29.4581192],[121.4866015,29.4582101],[121.4869654,29.4581002],[121.4873778,29.4579143],[121.4876059,29.4577812],[121.4877903,29.4575024],[121.4880013,29.4572827],[121.4882433,29.4569422],[121.4877248,29.4569616],[121.4872662,29.4570947],[121.4871862,29.4575172],[121.4869824,29.4578214],[121.486502,29.4581192]]]},"properties":{"osmId":1135419253,"kind":"water","name":null}},{"type":"Feature","geometry":{"type":"LineString","coordinates":[[121.4249249,29.4400765],[121.4253998,29.4404147],[121.4261096,29.4400785],[121.4277348,29.4399538],[121.429472,29.43952],[121.4300262,29.4393627],[121.4306364,29.4394386],[121.4315143,29.4397423],[121.4320561,29.4398182],[121.4331644,29.4396989],[121.4341669,29.4394549],[121.4355119,29.4388584],[121.436284,29.4387174],[121.438289,29.4387391],[121.4390984,29.4387716],[121.4400573,29.4387445],[121.4406364,29.4386632],[121.441147,29.438571],[121.4416576,29.43843],[121.441944,29.4382239],[121.442274,29.4378823],[121.4423425,29.4375732],[121.4423923,29.4370906],[121.4424421,29.4367815],[121.4425044,29.4365863],[121.4428344,29.4363911],[121.445761,29.4353282],[121.4462748,29.4352039]]},"properties":{"osmId":1135425699,"kind":"river","name":null}},{"type":"Feature","geometry":{"type":"Polygon","coordinates":[[[121.4266015,29.4052231],[121.4271696,29.4037203],[121.4274427,29.401319],[121.4281811,29.4012617],[121.4280345,29.4035837],[121.4276473,29.4051725],[121.4266015,29.4052231]]]},"properties":{"osmId":1135425700,"kind":"water","name":null}},{"type":"Feature","geometry":{"type":"Polygon","coordinates":[[[121.3844478,29.4064737],[121.3843675,29.4061774],[121.3844115,29.4061064],[121.3848771,29.406256],[121.3850972,29.4064458],[121.3850367,29.4065906],[121.3849072,29.4065275],[121.3848023,29.4064765],[121.3846619,29.4064754],[121.3844478,29.4064737]]]},"properties":{"osmId":1136097583,"kind":"water","name":null}},{"type":"Feature","geometry":{"type":"LineString","coordinates":[[121.3893996,29.4105667],[121.3888843,29.4104256],[121.3886571,29.4101911],[121.3882694,29.4097612],[121.3882452,29.4096006],[121.388229,29.4094927],[121.388176,29.4091076],[121.3880048,29.4090072],[121.3875596,29.4089028],[121.3870817,29.4087414],[121.3869368,29.4087259],[121.3867268,29.4087035],[121.3863777,29.4084952],[121.3860953,29.4082886],[121.3857697,29.4079906],[121.3857636,29.4078761],[121.3857985,29.4075943],[121.3856455,29.407444],[121.385399,29.4071961],[121.3851747,29.4069358],[121.3851469,29.4068333],[121.3851417,29.4067908],[121.3851387,29.4067656],[121.385059,29.4066659],[121.3850163,29.406624],[121.3849193,29.4065591],[121.3849072,29.4065275],[121.3846619,29.4064754],[121.3843962,29.4064591],[121.3843047,29.4064461],[121.3840418,29.4064088],[121.3837527,29.4063328],[121.383349,29.406162],[121.3830817,29.4060469],[121.3829684,29.4060051],[121.3828493,29.4059545],[121.3827722,29.4058642]]},"properties":{"osmId":1136099389,"kind":"stream","name":null}},{"type":"Feature","geometry":{"type":"LineString","coordinates":[[121.3827167,29.4057993],[121.3826634,29.4057368],[121.3824052,29.4054395]]},"properties":{"osmId":1136099390,"kind":"stream","name":null}},{"type":"Feature","geometry":{"type":"LineString","coordinates":[[121.3827722,29.4058642],[121.3827167,29.4057993]]},"properties":{"osmId":1136099391,"kind":"stream","name":null}},{"type":"Feature","geometry":{"type":"LineString","coordinates":[[121.3887071,29.4133187],[121.3887889,29.4132432],[121.3887438,29.4131363],[121.3886629,29.4130041],[121.3884727,29.412805],[121.3882647,29.4127552],[121.3881966,29.4127388],[121.3878637,29.4126291],[121.3876685,29.4124896],[121.3876377,29.4123733],[121.3875884,29.4122273],[121.3875031,29.4119875],[121.387493,29.4119259],[121.3875802,29.4118212],[121.3875802,29.4117629],[121.3875499,29.4116913],[121.3874171,29.4115778],[121.3872426,29.4114489],[121.3871388,29.4114158],[121.3870669,29.4113928],[121.3869885,29.4113707],[121.3869746,29.4112903],[121.3867963,29.4111604],[121.3867672,29.4110194],[121.3868405,29.4109103],[121.3869847,29.4107903],[121.3870704,29.4107561],[121.38712,29.4107363],[121.3872288,29.4106505],[121.3874588,29.4103216],[121.3876274,29.4101596],[121.3876588,29.4101352],[121.3876983,29.4101045],[121.3876983,29.4098942],[121.3879341,29.409794],[121.3881234,29.4096737],[121.3881679,29.4096454],[121.3881948,29.4096298],[121.3882452,29.4096006]]},"properties":{"osmId":1136100468,"kind":"stream","name":null}},{"type":"Feature","geometry":{"type":"Polygon","coordinates":[[[121.3662542,29.3960652],[121.3662465,29.3955876],[121.366925,29.3953505],[121.3670591,29.395616],[121.3664459,29.3958982],[121.3662542,29.3960652]]]},"properties":{"osmId":1136102036,"kind":"water","name":null}},{"type":"Feature","geometry":{"type":"LineString","coordinates":[[121.366925,29.3953505],[121.3671878,29.3952926],[121.3674308,29.3953398],[121.3680348,29.3952124],[121.3685533,29.3950888],[121.368858,29.395037],[121.3692739,29.3948834],[121.3696495,29.3947147],[121.3698814,29.3947431],[121.3701842,29.3948333],[121.3703337,29.3947381],[121.3704046,29.3946262],[121.3706614,29.3944793],[121.3709546,29.3943691],[121.3710658,29.394334],[121.3712919,29.3941621],[121.3714357,29.394122],[121.3716273,29.394122],[121.3717749,29.3941621],[121.371886,29.394137],[121.3721639,29.3939951],[121.3722478,29.3937275],[121.3724324,29.3936923],[121.3725665,29.3937462],[121.3727144,29.3937484],[121.3727662,29.3936438],[121.373158,29.3935112]]},"properties":{"osmId":1136102037,"kind":"stream","name":null}},{"type":"Feature","geometry":{"type":"Polygon","coordinates":[[[121.3791189,29.3951006],[121.3790301,29.3958474],[121.378953,29.395723],[121.3787135,29.3956345],[121.3783743,29.3955928],[121.3780868,29.3955427],[121.377462,29.3953123],[121.3770902,29.3951319],[121.3765383,29.3947947],[121.375971,29.3946828],[121.3759403,29.3942319],[121.3764597,29.3942587],[121.3767012,29.3943806],[121.3769963,29.3945759],[121.3772474,29.3947796],[121.3775981,29.3950368],[121.3779392,29.3951653],[121.3784701,29.3952154],[121.3791189,29.3951006]]]},"properties":{"osmId":1136102040,"kind":"water","name":null}},{"type":"Feature","geometry":{"type":"Polygon","coordinates":[[[121.3759403,29.3942319],[121.3746379,29.3944784],[121.3746379,29.3945606],[121.3751074,29.3946285],[121.3756029,29.394649],[121.375971,29.3946828],[121.3759403,29.3942319]]]},"properties":{"osmId":1136102041,"kind":"water","name":null}},{"type":"Feature","geometry":{"type":"LineString","coordinates":[[121.3689859,29.3768133],[121.3691291,29.3779148],[121.3693782,29.3797541],[121.3698016,29.3801882],[121.369895,29.3806006],[121.369924,29.3810226],[121.3699487,29.3811766],[121.3700431,29.3812768],[121.3701541,29.3813018],[121.3704663,29.3814021],[121.3706347,29.3814951],[121.3706717,29.3816097],[121.3706347,29.3817565],[121.3706142,29.3819354],[121.370417,29.3822504],[121.3705525,29.3825547],[121.3706963,29.3827838],[121.3708935,29.3828805],[121.3710455,29.383063],[121.3711236,29.3833172],[121.3712263,29.3835534],[121.3713659,29.3836358],[121.3715713,29.383736],[121.3718096,29.3837718],[121.37213,29.3836823],[121.372393,29.3836501],[121.3725326,29.3837252],[121.3728818,29.3839257],[121.3730215,29.3840581],[121.3732619,29.3841744],[121.3739992,29.3842872],[121.374981,29.384434],[121.3752604,29.3846345],[121.3755315,29.3847848],[121.3759588,29.3849065],[121.3763162,29.3849137],[121.3768831,29.3850318],[121.3771624,29.3851606],[121.377376,29.3852752],[121.3776143,29.3854076],[121.3779717,29.3854398],[121.3784359,29.38549],[121.3787358,29.3855794],[121.379011,29.385762],[121.3792288,29.3858551],[121.379619,29.3859517],[121.3800381,29.3862202],[121.3802928,29.3864994],[121.3805926,29.3867177],[121.380909,29.3868788],[121.3815087,29.3872403],[121.3819771,29.3874909],[121.3820921,29.3876627],[121.3821907,29.387967],[121.3822975,29.3884502],[121.3824454,29.3887329],[121.3827946,29.3888153],[121.3832588,29.3889298],[121.3838709,29.3888654],[121.3841584,29.3889728],[121.3845035,29.3892412],[121.3852594,29.3897638],[121.3861468,29.3905799],[121.3867622,29.3911511],[121.3868689,29.3913982],[121.3869624,29.391875],[121.3869438,29.3927139]]},"properties":{"osmId":1136103154,"kind":"river","name":null}},{"type":"Feature","geometry":{"type":"LineString","coordinates":[[121.4783411,29.4003081],[121.4784511,29.400292],[121.4790899,29.4002401],[121.4812364,29.4003064],[121.4823702,29.400335]]},"properties":{"osmId":1136104968,"kind":"stream","name":null}},{"type":"Feature","geometry":{"type":"LineString","coordinates":[[121.4755926,29.4020253],[121.4757956,29.4020442],[121.4758785,29.4020331],[121.4762672,29.4016168],[121.4763065,29.4015818],[121.4763167,29.4014972],[121.4761887,29.4014125],[121.4759551,29.4013409],[121.4758271,29.4012871],[121.4757234,29.4011731],[121.475685,29.401073],[121.4757234,29.4010193],[121.475942,29.4009672],[121.4763088,29.4008238],[121.4766346,29.400735],[121.4768459,29.4006633],[121.477235,29.4005787],[121.4774379,29.4004468],[121.4775045,29.4005361],[121.4776263,29.4005328],[121.477702,29.4004865],[121.477837,29.400394],[121.4780585,29.4003572]]},"properties":{"osmId":1136104969,"kind":"stream","name":null}},{"type":"Feature","geometry":{"type":"LineString","coordinates":[[121.4780585,29.4003572],[121.4783411,29.4003081]]},"properties":{"osmId":1136104970,"kind":"stream","name":null}},{"type":"Feature","geometry":{"type":"Polygon","coordinates":[[[121.514769,29.4486206],[121.5166109,29.4490157],[121.5165742,29.4490913],[121.516384,29.4490622],[121.5160203,29.4498032],[121.5158,29.4498613],[121.5155965,29.4498119],[121.5153763,29.4495998],[121.5152628,29.4489082],[121.5147556,29.448731],[121.514769,29.4486206]]]},"properties":{"osmId":1136104973,"kind":"water","name":null}},{"type":"Feature","geometry":{"type":"Polygon","coordinates":[[[121.5144965,29.4481782],[121.5150593,29.4464718],[121.5148786,29.4459638],[121.5156838,29.4437816],[121.51535,29.44319],[121.5159301,29.44345],[121.5168536,29.4440097],[121.5168669,29.4440642],[121.5174092,29.4443575],[121.5173658,29.4446102],[121.5171858,29.4449867],[121.5172243,29.445209],[121.5175694,29.445259],[121.5178456,29.4457415],[121.5187035,29.4458961],[121.5196727,29.4461498],[121.5198128,29.4461516],[121.5196727,29.4462571],[121.5195779,29.4463505],[121.5193956,29.4465839],[121.5190916,29.4465844],[121.5186769,29.446818],[121.5186703,29.4469941],[121.5186142,29.447109],[121.5184217,29.447252],[121.518227,29.447168],[121.5179113,29.4470922],[121.5176144,29.44714],[121.5175524,29.4472375],[121.517516,29.4473694],[121.5175893,29.4475064],[121.51782,29.448078],[121.5181486,29.4481066],[121.5183735,29.448325],[121.5182415,29.4486001],[121.5178964,29.448764],[121.5175283,29.4487935],[121.5172775,29.4488318],[121.5167677,29.4486787],[121.5151579,29.4482676],[121.5144965,29.4481782]]]},"properties":{"osmId":1136104975,"kind":"water","name":null}},{"type":"Feature","geometry":{"type":"LineString","coordinates":[[121.5066115,29.4578644],[121.5067827,29.4579992],[121.5076906,29.4580314],[121.5089764,29.4580457],[121.5092541,29.4581273]]},"properties":{"osmId":1136104976,"kind":"stream","name":null}},{"type":"Feature","geometry":{"type":"Polygon","coordinates":[[[121.4232937,29.4112947],[121.4234956,29.4110998],[121.4237788,29.4110277],[121.4239429,29.4111783],[121.4240417,29.4112011],[121.4242145,29.410967],[121.4244948,29.4108696],[121.4246299,29.4113023],[121.4244643,29.4113795],[121.4241143,29.4114035],[121.423924,29.4113339],[121.4237251,29.4112871],[121.4232937,29.4112947]]]},"properties":{"osmId":1136106012,"kind":"water","name":null}},{"type":"Feature","geometry":{"type":"Polygon","coordinates":[[[121.4389833,29.4141399],[121.4393519,29.4138967],[121.440043,29.4144161],[121.4396988,29.4146711],[121.4389833,29.4141399]]]},"properties":{"osmId":1136106030,"kind":"water","name":null}},{"type":"Feature","geometry":{"type":"LineString","coordinates":[[121.3782716,29.3651852],[121.3787754,29.3651997],[121.3790991,29.3651387],[121.3793026,29.3649671],[121.3798232,29.3649467],[121.3804038,29.3650514],[121.3808209,29.364906],[121.3813114,29.3647025],[121.3815416,29.3646879],[121.381922,29.3647083],[121.3821423,29.364845],[121.3825694,29.364874],[121.3833201,29.3647228],[121.384131,29.3646152],[121.384488,29.3645483],[121.3847283,29.3646443],[121.3849752,29.3646007],[121.3850352,29.3644611],[121.3853856,29.3643448],[121.3858461,29.3642866],[121.3863733,29.3641994],[121.3866336,29.3641936],[121.3871775,29.3643157],[121.3873109,29.3645978],[121.3873176,29.3649846],[121.3873977,29.3651474],[121.3874377,29.3653946],[121.3875145,29.3655633],[121.3877547,29.3657319],[121.3884834,29.3660133]]},"properties":{"osmId":1136106520,"kind":"stream","name":null}},{"type":"Feature","geometry":{"type":"LineString","coordinates":[[121.409331,29.365709],[121.409396,29.3657909],[121.409494,29.3658479],[121.4097923,29.3660212],[121.409915,29.3661179],[121.410112,29.3664304],[121.4101156,29.3664379],[121.4102229,29.3666628],[121.4103386,29.3670144],[121.4105261,29.3671049],[121.4107115,29.3671539]]},"properties":{"osmId":1136106521,"kind":"stream","name":null}},{"type":"Feature","geometry":{"type":"Polygon","coordinates":[[[121.4135501,29.3569565],[121.4135721,29.3565497],[121.413746,29.3565286],[121.4138539,29.3566994],[121.4138825,29.3569143],[121.4138517,29.3570774],[121.4137967,29.357135],[121.413691,29.3570947],[121.4136029,29.3570333],[121.4135501,29.3569565]]]},"properties":{"osmId":1136107416,"kind":"water","name":null}},{"type":"Feature","geometry":{"type":"Polygon","coordinates":[[[121.419801,29.3574348],[121.4201533,29.3577091],[121.4202876,29.3573158],[121.419801,29.3574348]]]},"properties":{"osmId":1136107423,"kind":"water","name":null}},{"type":"Feature","geometry":{"type":"Polygon","coordinates":[[[121.4117477,29.358327],[121.4121181,29.3577599],[121.4122916,29.3577599],[121.4123817,29.3583241],[121.4117477,29.358327]]]},"properties":{"osmId":1136107425,"kind":"water","name":null}},{"type":"Feature","geometry":{"type":"LineString","coordinates":[[121.424822,29.3546033],[121.430001,29.3545901],[121.4310328,29.3545989],[121.4320898,29.3545857],[121.4327372,29.3539465],[121.4342241,29.3524697],[121.4361966,29.3506975],[121.4368136,29.3503184],[121.4371879,29.3504639],[121.4374863,29.350649],[121.4381639,29.3505948]]},"properties":{"osmId":1136107433,"kind":"stream","name":null}},{"type":"Feature","geometry":{"type":"LineString","coordinates":[[121.4188982,29.3399773],[121.4191144,29.3398944],[121.4231826,29.3386364],[121.4280734,29.3370624],[121.4283299,29.3374346],[121.4286021,29.3381091],[121.4288368,29.338689],[121.4297353,29.3386048],[121.4302919,29.3387556],[121.431772,29.3399264],[121.4330179,29.3391735],[121.4337881,29.338671]]},"properties":{"osmId":1136107925,"kind":"river","name":null}},{"type":"Feature","geometry":{"type":"LineString","coordinates":[[121.4129946,29.3428819],[121.4134126,29.3429975],[121.4140246,29.3430416],[121.4145507,29.3429495],[121.4147929,29.3429111],[121.4149294,29.3426463],[121.4150307,29.3423777],[121.4152508,29.342251],[121.4156295,29.3421781],[121.4158948,29.3418218]]},"properties":{"osmId":1136107926,"kind":"river","name":null}},{"type":"Feature","geometry":{"type":"LineString","coordinates":[[121.4158948,29.3418218],[121.4159523,29.3417445]]},"properties":{"osmId":1136107927,"kind":"river","name":null}},{"type":"Feature","geometry":{"type":"LineString","coordinates":[[121.4159523,29.3417445],[121.4160609,29.3415985],[121.4165056,29.3414028],[121.4165981,29.3413126],[121.4166487,29.341209],[121.4167082,29.3410324],[121.4167412,29.3409173],[121.4168755,29.3407119],[121.4169407,29.3406732],[121.4171859,29.3405277],[121.4178485,29.3403646],[121.4181032,29.3402703]]},"properties":{"osmId":1136107928,"kind":"stream","name":null}},{"type":"Feature","geometry":{"type":"LineString","coordinates":[[121.4181032,29.3402703],[121.4188982,29.3399773]]},"properties":{"osmId":1136107929,"kind":"river","name":null}},{"type":"Feature","geometry":{"type":"Polygon","coordinates":[[[121.4167593,29.3407886],[121.4166896,29.3405784],[121.4179431,29.3402201],[121.4180157,29.3404037],[121.4167593,29.3407886]]]},"properties":{"osmId":1136107930,"kind":"water","name":null}},{"type":"Feature","geometry":{"type":"LineString","coordinates":[[121.4125978,29.3337202],[121.4130192,29.3337818],[121.413389,29.3339859],[121.4135204,29.3343369],[121.4136355,29.3347523],[121.4137423,29.3351677],[121.4138984,29.3354256],[121.4143503,29.3357694],[121.4148884,29.3362099],[121.4150322,29.3364713],[121.4149993,29.3368581],[121.4151554,29.3372341],[121.4155704,29.3383085]]},"properties":{"osmId":1136107931,"kind":"stream","name":null}},{"type":"Feature","geometry":{"type":"LineString","coordinates":[[121.3951234,29.3425561],[121.3955717,29.3418925],[121.3961741,29.341632],[121.3968676,29.3411821],[121.3974501,29.3406847],[121.3982145,29.3397729],[121.39968,29.3381423],[121.4006211,29.3376355],[121.4011534,29.3375235],[121.4013099,29.3373546],[121.4015807,29.3371734],[121.4023326,29.3370574],[121.402879,29.3370045],[121.403346,29.3367602],[121.4035561,29.3369902],[121.4039064,29.3371958],[121.405214,29.3366686],[121.4052397,29.3362696],[121.4056553,29.3363348],[121.4061462,29.3364383],[121.4064632,29.3362676],[121.4069115,29.3361027],[121.4071824,29.3358015],[121.4071567,29.3355002],[121.4071264,29.3351684],[121.4072548,29.335032],[121.407981,29.3348916],[121.408525,29.3346799],[121.4089617,29.3346615],[121.4099285,29.3344006],[121.4110309,29.3341148],[121.411984,29.3337459],[121.4122839,29.3336743],[121.4124986,29.3337057]]},"properties":{"osmId":1136107932,"kind":"stream","name":null}},{"type":"Feature","geometry":{"type":"LineString","coordinates":[[121.4124986,29.3337057],[121.4125978,29.3337202]]},"properties":{"osmId":1136107933,"kind":"stream","name":null}},{"type":"Feature","geometry":{"type":"LineString","coordinates":[[121.4155704,29.3383085],[121.4162893,29.3398949]]},"properties":{"osmId":1136107934,"kind":"stream","name":null}},{"type":"Feature","geometry":{"type":"LineString","coordinates":[[121.4162893,29.3398949],[121.4164618,29.3400561],[121.416544,29.3402602],[121.4166896,29.3405784],[121.4169407,29.3406732]]},"properties":{"osmId":1136107935,"kind":"stream","name":null}},{"type":"Feature","geometry":{"type":"Polygon","coordinates":[[[121.4594444,29.2896231],[121.4596293,29.2893235],[121.460173,29.2895271],[121.460479,29.2897767],[121.4604702,29.2900531],[121.460675,29.2903834],[121.4607014,29.2906215],[121.4605693,29.2904928],[121.4603855,29.2902318],[121.4602963,29.2900282],[121.4598054,29.2897709],[121.4594444,29.2896231]]]},"properties":{"osmId":1136116197,"kind":"water","name":"山坑水库"}},{"type":"Feature","geometry":{"type":"LineString","coordinates":[[121.5501954,29.2637216],[121.5494666,29.2631994],[121.5494317,29.2621655],[121.5505472,29.2598746],[121.5513373,29.2588812],[121.5513071,29.2584332],[121.5511862,29.2566409],[121.5511375,29.2518525],[121.5507941,29.2513657],[121.5507798,29.2490942],[121.5644984,29.2443137],[121.5655734,29.2434836],[121.5678601,29.2417175],[121.5727096,29.2391461],[121.5755849,29.2380102]]},"properties":{"osmId":1136116199,"kind":"river","name":null}},{"type":"Feature","geometry":{"type":"LineString","coordinates":[[121.5513071,29.2584332],[121.5530235,29.2577013],[121.5538246,29.2571272],[121.5550691,29.2550305],[121.556986,29.2540945],[121.5612919,29.2523347],[121.5626222,29.2511739],[121.5638096,29.2493018],[121.5648825,29.2470926],[121.5651113,29.2452827],[121.5655734,29.2434836]]},"properties":{"osmId":1136116200,"kind":"river","name":null}},{"type":"Feature","geometry":{"type":"Polygon","coordinates":[[[121.4007261,29.2217155],[121.4010999,29.2216258],[121.4013135,29.2220955],[121.400952,29.2219664],[121.4007548,29.2218266],[121.4007261,29.2217155]]]},"properties":{"osmId":1136116205,"kind":"water","name":null}},{"type":"Feature","geometry":{"type":"LineString","coordinates":[[121.45666,29.3888192],[121.4564398,29.3886005]]},"properties":{"osmId":1136376050,"kind":"stream","name":null}},{"type":"Feature","geometry":{"type":"Polygon","coordinates":[[[121.4650306,29.4036721],[121.4652949,29.4037502],[121.4656842,29.403559],[121.4654293,29.4032343],[121.4649881,29.4031993],[121.4650306,29.4036721]]]},"properties":{"osmId":1136380703,"kind":"water","name":null}},{"type":"Feature","geometry":{"type":"LineString","coordinates":[[121.4689853,29.387839],[121.4694958,29.3880078],[121.4710007,29.3886067],[121.4717582,29.3889614],[121.4721152,29.3892871],[121.4727492,29.3899499],[121.473213,29.3904151],[121.4738603,29.3910227],[121.4746612,29.3916827],[121.4753686,29.3922496],[121.4757356,29.3925927],[121.4759658,29.3928616]]},"properties":{"osmId":1136380716,"kind":"stream","name":null}},{"type":"Feature","geometry":{"type":"Polygon","coordinates":[[[121.5133879,29.4578122],[121.5134237,29.4573856],[121.5167496,29.4576596],[121.5166781,29.4579741],[121.5133879,29.4578122]]]},"properties":{"osmId":1136690000,"kind":"water","name":null}},{"type":"Feature","geometry":{"type":"Polygon","coordinates":[[[121.5169801,29.4578015],[121.5170981,29.4571564],[121.5182778,29.4573105],[121.5182118,29.4574543],[121.5179098,29.4574625],[121.5177304,29.4576166],[121.5175393,29.4578364],[121.5171901,29.4579001],[121.5169801,29.4578015]]]},"properties":{"osmId":1136690001,"kind":"water","name":null}},{"type":"Feature","geometry":{"type":"Polygon","coordinates":[[[121.4410195,29.3126368],[121.4410358,29.3125789],[121.4410764,29.312521],[121.4411496,29.3124891],[121.441258,29.3124867],[121.4413217,29.3125103],[121.4413732,29.3125611],[121.4413922,29.3126214],[121.441399,29.3126498],[121.4413366,29.3126509],[121.4413339,29.3126049],[121.4412987,29.3125635],[121.441254,29.312547],[121.4411659,29.3125434],[121.4411185,29.3125765],[121.4410968,29.3126119],[121.4410913,29.3126415],[121.4410195,29.3126368]]]},"properties":{"osmId":1137138733,"kind":"water","name":null}},{"type":"Feature","geometry":{"type":"Polygon","coordinates":[[[121.6629001,29.3040701],[121.6633969,29.3047801],[121.6638744,29.3053508],[121.6652423,29.3066653],[121.6669106,29.3049017],[121.6674846,29.3045836],[121.6675758,29.304448],[121.667313,29.3040691],[121.6694963,29.3030867],[121.6696358,29.3033066],[121.6728061,29.3017441],[121.6732889,29.3008085],[121.6738844,29.3004202],[121.6743135,29.2996436],[121.6752416,29.2984647],[121.6747534,29.2976741],[121.6740185,29.2973419],[121.6720819,29.296963],[121.6719639,29.2970566],[121.6724092,29.2975618],[121.6722161,29.2980343],[121.6717976,29.2985255],[121.6714382,29.2985864],[121.670419,29.2979548],[121.6702405,29.2978306],[121.6700009,29.2976638],[121.6698879,29.2975852],[121.6686863,29.297239],[121.6663635,29.2962893],[121.6637832,29.2972437],[121.6632628,29.2974355],[121.6627049,29.2974028],[121.6622972,29.2969022],[121.6620934,29.2964999],[121.6616321,29.2963361],[121.6612673,29.2959197],[121.660881,29.2948812],[121.6607791,29.2943618],[121.6608435,29.2935946],[121.6606182,29.2932203],[121.6599262,29.2929302],[121.6594112,29.2924951],[121.6585046,29.2921583],[121.6581827,29.2918214],[121.6575175,29.2912132],[121.6572225,29.2910074],[121.6567665,29.2908343],[121.6559565,29.2902775],[121.6555434,29.289805],[121.6551787,29.2892389],[121.6546583,29.2886681],[121.6543257,29.2883452],[121.6540548,29.2883499],[121.6532367,29.288378],[121.6533065,29.2889675],[121.6528881,29.2891874],[121.6527754,29.2887383],[121.6517999,29.2891701],[121.65194,29.28969],[121.6522401,29.28956],[121.65253,29.28944],[121.6526701,29.2899501],[121.6528199,29.2900799],[121.65296,29.2902099],[121.6532499,29.2907301],[121.65339,29.2908599],[121.65354,29.29099],[121.6536801,29.29112],[121.65427,29.29125],[121.65441,29.29177],[121.6545501,29.2919],[121.6546999,29.29203],[121.65484,29.2921601],[121.65499,29.2922901],[121.6551301,29.2924199],[121.65528,29.29255],[121.6555701,29.2930701],[121.6557099,29.2931999],[121.65586,29.29333],[121.6560001,29.29346],[121.6561499,29.29359],[121.65629,29.2937201],[121.6564401,29.2938501],[121.65672,29.29436],[121.65686,29.2948799],[121.6574501,29.29501],[121.6575899,29.29514],[121.65788,29.29566],[121.65817,29.2961801],[121.65831,29.2963099],[121.6584601,29.29645],[121.6585999,29.29657],[121.65875,29.2967],[121.6588901,29.2968301],[121.6590399,29.2969601],[121.65918,29.2970899],[121.65976,29.29735],[121.6599101,29.29748],[121.66005,29.2976],[121.66064,29.2978799],[121.6607801,29.29801],[121.6609299,29.29814],[121.6612201,29.29814],[121.66151,29.29814],[121.6621,29.2984001],[121.66298,29.29867],[121.66385,29.29894],[121.6650201,29.2991999],[121.66561,29.29947],[121.6664799,29.2997301],[121.6663624,29.3004091],[121.6656165,29.300516],[121.6639423,29.3002412],[121.6622887,29.2996271],[121.661559,29.2993525],[121.66121,29.2992926],[121.6613501,29.29981],[121.66163,29.30059],[121.66162,29.30136],[121.6614756,29.3018025],[121.6611305,29.3023967],[121.6611786,29.3025697],[121.6627439,29.3038956],[121.6629001,29.3040701]]]},"properties":{"osmId":1157201754,"kind":"water","name":null}},{"type":"Feature","geometry":{"type":"LineString","coordinates":[[121.6912115,29.3725875],[121.6909969,29.372106],[121.690557,29.3714422],[121.687392,29.3684782],[121.6802359,29.361905],[121.6777897,29.3594551],[121.6773069,29.359212],[121.6765022,29.359212],[121.6747212,29.3602686],[121.6740131,29.360493],[121.6733587,29.3603621]]},"properties":{"osmId":1157201759,"kind":"river","name":"中堡溪"}},{"type":"Feature","geometry":{"type":"Polygon","coordinates":[[[121.460379,29.3306436],[121.4609174,29.3304964],[121.4609728,29.3304812],[121.461039,29.3304631],[121.4609718,29.3303119],[121.46074,29.3301638],[121.460717,29.3300882],[121.4605559,29.3299232],[121.4604834,29.3297056],[121.4606161,29.3296084],[121.460724,29.3295267],[121.4608833,29.3293863],[121.4612248,29.3292073],[121.461216,29.3288155],[121.461062,29.3286967],[121.4608214,29.3286072],[121.4607842,29.3284961],[121.4608373,29.3283017],[121.4610089,29.3281999],[121.4613629,29.3280795],[121.4611505,29.3281166],[121.4608391,29.3281706],[121.4606232,29.3283464],[121.4605683,29.3286103],[121.4606002,29.3287784],[121.4607223,29.3289281],[121.4607205,29.3290546],[121.4605435,29.3292212],[121.4601985,29.3294295],[121.4598906,29.3297396],[121.4598675,29.3300852],[121.4600056,29.3304276],[121.4600923,29.3305541],[121.460379,29.3306436]]]},"properties":{"osmId":1157360933,"kind":"water","name":null}},{"type":"Feature","geometry":{"type":"LineString","coordinates":[[121.4609728,29.3304812],[121.4610096,29.3305974],[121.461062,29.3307273],[121.4611536,29.3316316],[121.4613536,29.3324848],[121.4615571,29.3329553],[121.4614969,29.3332068],[121.461212,29.3336325],[121.4612244,29.3342712],[121.4605201,29.3347711],[121.4603149,29.3350055],[121.4601715,29.3352416],[121.4603251,29.3359884],[121.460313,29.3364093]]},"properties":{"osmId":1157360935,"kind":"stream","name":null}},{"type":"Feature","geometry":{"type":"LineString","coordinates":[[121.460313,29.3364093],[121.4591285,29.3371242],[121.458203,29.3377227]]},"properties":{"osmId":1157360936,"kind":"stream","name":null}},{"type":"Feature","geometry":{"type":"LineString","coordinates":[[121.4728515,29.3486882],[121.4722764,29.3482039],[121.471864,29.3478862],[121.4704209,29.3470094],[121.4696216,29.3464518],[121.4680579,29.3454604],[121.4668361,29.3446573],[121.4653757,29.343687],[121.4643269,29.3429914],[121.46353,29.342525]]},"properties":{"osmId":1157360937,"kind":"stream","name":null}},{"type":"Feature","geometry":{"type":"LineString","coordinates":[[121.478759,29.3442318],[121.4773645,29.3448149],[121.476616,29.3453255],[121.4758586,29.3460412],[121.4753755,29.3466582],[121.4747668,29.3473786],[121.4737068,29.3485833],[121.4733546,29.3490229],[121.473567,29.3495442],[121.4740289,29.3503463],[121.4743138,29.3510281],[121.4743899,29.3514383]]},"properties":{"osmId":1157360938,"kind":"stream","name":null}},{"type":"Feature","geometry":{"type":"LineString","coordinates":[[121.4689664,29.360853],[121.4688209,29.3610025],[121.468944,29.3614013]]},"properties":{"osmId":1157360939,"kind":"stream","name":null}},{"type":"Feature","geometry":{"type":"LineString","coordinates":[[121.4690473,29.3607697],[121.4689664,29.360853]]},"properties":{"osmId":1157360940,"kind":"stream","name":null}},{"type":"Feature","geometry":{"type":"LineString","coordinates":[[121.4724912,29.3567061],[121.4723353,29.3568953],[121.471332,29.3581122],[121.4702171,29.3594217],[121.4690669,29.3607496],[121.4690473,29.3607697]]},"properties":{"osmId":1157360943,"kind":"stream","name":null}},{"type":"Feature","geometry":{"type":"LineString","coordinates":[[121.4725634,29.3566185],[121.4724912,29.3567061]]},"properties":{"osmId":1157360944,"kind":"stream","name":null}},{"type":"Feature","geometry":{"type":"LineString","coordinates":[[121.4745456,29.3524502],[121.4743934,29.3536903],[121.4737616,29.3551231],[121.4728715,29.3562444],[121.4725634,29.3566185]]},"properties":{"osmId":1157360947,"kind":"stream","name":null}},{"type":"Feature","geometry":{"type":"LineString","coordinates":[[121.4743899,29.3514383],[121.4745456,29.3524502]]},"properties":{"osmId":1157360948,"kind":"stream","name":null}},{"type":"Feature","geometry":{"type":"LineString","coordinates":[[121.4657735,29.3414931],[121.4655757,29.3417412],[121.4653236,29.341916],[121.4648656,29.3420153],[121.4644428,29.3419893],[121.4641257,29.341883],[121.46402,29.341883],[121.46353,29.342525]]},"properties":{"osmId":1157362817,"kind":"river","name":null}},{"type":"Feature","geometry":{"type":"LineString","coordinates":[[121.458203,29.3377227],[121.4588046,29.3384308],[121.459401,29.3391327],[121.4597177,29.3394767],[121.4606023,29.3405011],[121.4611939,29.3408906],[121.4628515,29.3420616],[121.46353,29.342525]]},"properties":{"osmId":1157362818,"kind":"stream","name":null}},{"type":"Feature","geometry":{"type":"Polygon","coordinates":[[[121.4706555,29.3378934],[121.4707033,29.3373892],[121.4715256,29.337103],[121.472482,29.3366476],[121.4727086,29.3372289],[121.4717868,29.3376222],[121.4712013,29.3378854],[121.4707464,29.337892],[121.4706555,29.3378934]]]},"properties":{"osmId":1157362819,"kind":"water","name":null}},{"type":"Feature","geometry":{"type":"LineString","coordinates":[[121.4712494,29.3384965],[121.4712489,29.3387353],[121.4708986,29.3392088],[121.4707605,29.3395482],[121.4701996,29.3401776],[121.4694616,29.3405108],[121.4686229,29.3409474],[121.4682796,29.3412204],[121.4681433,29.3413901],[121.4676071,29.3414857],[121.4670268,29.3413274],[121.466324,29.3414209],[121.4657735,29.3414931]]},"properties":{"osmId":1157362821,"kind":"stream","name":null}},{"type":"Feature","geometry":{"type":"LineString","coordinates":[[121.4419516,29.3337672],[121.4417518,29.3338491],[121.4415989,29.3339542],[121.4412972,29.334132],[121.4409686,29.3341507],[121.4404416,29.3342935]]},"properties":{"osmId":1157362828,"kind":"river","name":null}},{"type":"Feature","geometry":{"type":"LineString","coordinates":[[121.4426893,29.3337417],[121.4419516,29.3337672]]},"properties":{"osmId":1157365464,"kind":"river","name":null}},{"type":"Feature","geometry":{"type":"LineString","coordinates":[[121.4734848,29.3244722],[121.4724481,29.3240548],[121.4722126,29.3239622],[121.4704446,29.323267],[121.4701434,29.3230939],[121.4699893,29.3227764],[121.4697255,29.322642],[121.4686514,29.3225198],[121.4680746,29.3224079],[121.4677267,29.3222939],[121.4670355,29.3219437],[121.466697,29.3217279],[121.4661272,29.3215508],[121.4656812,29.3213105],[121.4652166,29.3212067],[121.464836,29.3213167],[121.4636218,29.3215487],[121.4627835,29.3217768],[121.4622184,29.321848],[121.4612798,29.3216811],[121.4606563,29.3216078],[121.4598204,29.3213289],[121.4593581,29.3211823],[121.4590125,29.3213187],[121.4587533,29.3214999],[121.4584054,29.3215935],[121.4580131,29.3217951],[121.4578006,29.3220801],[121.4576372,29.3224608],[121.4572706,29.3229474],[121.4566437,29.323381],[121.4565584,29.32344],[121.4561801,29.323495],[121.455531,29.323495],[121.455043,29.3235316],[121.4547394,29.3237067],[121.4539969,29.3239307],[121.4528121,29.3242014],[121.452104,29.3245335],[121.4517969,29.3248703],[121.45151,29.3252374],[121.4511621,29.3261047],[121.4505807,29.3266116],[121.4496584,29.3269414],[121.4492474,29.3273994],[121.4491984,29.3280468],[121.4492614,29.3289628],[121.4492287,29.3298931],[121.4489235,29.3304344],[121.4480042,29.3309952],[121.4468594,29.3315869],[121.4458777,29.3319715],[121.4451803,29.3321095],[121.4445057,29.3319855],[121.4435442,29.3319668],[121.4432532,29.3321258],[121.4430627,29.3323877],[121.4429807,29.3327076],[121.4430462,29.3329359],[121.4431083,29.3334301],[121.4430159,29.3335993],[121.4426893,29.3337417]]},"properties":{"osmId":1157365465,"kind":"river","name":null}},{"type":"Feature","geometry":{"type":"LineString","coordinates":[[121.4779252,29.3230852],[121.4774475,29.3233582],[121.4772157,29.3234999],[121.4769899,29.3239403],[121.4766171,29.3243923],[121.4761288,29.324759],[121.4757968,29.3247563],[121.4752407,29.324628],[121.4744381,29.3244843],[121.4742247,29.3244896],[121.4740011,29.3242831],[121.4736698,29.3242025],[121.4734899,29.3242592],[121.4733202,29.3242999],[121.4730275,29.3241457],[121.472628,29.3240376],[121.4722804,29.3239021],[121.4722126,29.3239622]]},"properties":{"osmId":1157365466,"kind":"stream","name":null}},{"type":"Feature","geometry":{"type":"Polygon","coordinates":[[[121.4779384,29.3232492],[121.4778042,29.3230905],[121.4782575,29.3230445],[121.4779384,29.3232492]]]},"properties":{"osmId":1157365467,"kind":"water","name":null}},{"type":"Feature","geometry":{"type":"Polygon","coordinates":[[[121.4657489,29.3229845],[121.4660619,29.3224599],[121.466377,29.3223376],[121.4668191,29.3219672],[121.4670986,29.3221258],[121.4671718,29.3222853],[121.467123,29.3224387],[121.4666484,29.3232016],[121.4657489,29.3229845]]]},"properties":{"osmId":1157365468,"kind":"water","name":null}},{"type":"Feature","geometry":{"type":"LineString","coordinates":[[121.4745783,29.3202369],[121.4739766,29.3203047],[121.4729325,29.3204127],[121.4722689,29.3203279],[121.4708249,29.3198419],[121.4705878,29.3197154],[121.4687669,29.3203387],[121.4683705,29.3205624],[121.4668699,29.3216085],[121.466697,29.3217279]]},"properties":{"osmId":1157366968,"kind":"river","name":null}},{"type":"Feature","geometry":{"type":"LineString","coordinates":[[121.4761228,29.3179531],[121.4755017,29.3179429],[121.4743412,29.3177576],[121.4738952,29.3175805],[121.4736034,29.3175662],[121.4733021,29.3177189],[121.4730897,29.3180772],[121.4722771,29.3188733],[121.4717587,29.3193762],[121.4705878,29.3197154]]},"properties":{"osmId":1157366969,"kind":"river","name":null}},{"type":"Feature","geometry":{"type":"LineString","coordinates":[[121.4736328,29.3169318],[121.4733021,29.3177189]]},"properties":{"osmId":1157366970,"kind":"river","name":null}},{"type":"Feature","geometry":{"type":"Polygon","coordinates":[[[121.4564322,29.3160767],[121.4563366,29.315934],[121.4566781,29.3157869],[121.4564322,29.3160767]]]},"properties":{"osmId":1157368418,"kind":"water","name":null}},{"type":"Feature","geometry":{"type":"LineString","coordinates":[[121.4837712,29.3558034],[121.4834148,29.3558041],[121.4831813,29.3558713],[121.4827026,29.3560768],[121.4823866,29.356159],[121.4825653,29.3565269],[121.4823742,29.3567337],[121.4821462,29.3568223],[121.4816132,29.3571312],[121.4812527,29.3578884],[121.480729,29.35849],[121.4795526,29.3598226],[121.4791087,29.3603299],[121.4790725,29.3605695],[121.4790242,29.3607413],[121.4788177,29.3609716],[121.4785106,29.3610569],[121.4768942,29.3629396],[121.4756683,29.3643458],[121.4754488,29.3646388],[121.4751895,29.3650409]]},"properties":{"osmId":1157368424,"kind":"stream","name":null}},{"type":"Feature","geometry":{"type":"LineString","coordinates":[[121.527066,29.4648209],[121.5245232,29.464652],[121.5210016,29.4643998],[121.5196582,29.4643381],[121.518777,29.464381]]},"properties":{"osmId":1158110196,"kind":"stream","name":null}},{"type":"Feature","geometry":{"type":"LineString","coordinates":[[121.518777,29.464381],[121.5155851,29.4641718],[121.5151722,29.4642308],[121.5139947,29.4642188]]},"properties":{"osmId":1158110197,"kind":"river","name":null}},{"type":"Feature","geometry":{"type":"Polygon","coordinates":[[[121.525698,29.4597306],[121.5261525,29.459807],[121.526114,29.4600311],[121.5259646,29.460298],[121.5258013,29.4602859],[121.5257304,29.4602081],[121.5256441,29.4599787],[121.525698,29.4597306]]]},"properties":{"osmId":1158110216,"kind":"water","name":null}},{"type":"Feature","geometry":{"type":"LineString","coordinates":[[121.4458362,29.3936873],[121.4460106,29.3936865],[121.4464264,29.3931045]]},"properties":{"osmId":1158115842,"kind":"stream","name":null}},{"type":"Feature","geometry":{"type":"LineString","coordinates":[[121.4443056,29.3930884],[121.4443103,29.393252],[121.4444585,29.3933601],[121.4446744,29.3934448],[121.4447944,29.3935681],[121.4451156,29.3936143],[121.4458362,29.3936873]]},"properties":{"osmId":1158115843,"kind":"stream","name":null}},{"type":"Feature","geometry":{"type":"Polygon","coordinates":[[[121.4414176,29.3966962],[121.4415184,29.3965944],[121.441591,29.3965112],[121.4417556,29.3964433],[121.441821,29.3964958],[121.4417963,29.3966962],[121.4419325,29.3968581],[121.4419909,29.3969253],[121.4419626,29.3970138],[121.4419148,29.3970492],[121.4417432,29.3969783],[121.4416051,29.3969213],[121.4415414,29.3968396],[121.4414176,29.3966962]]]},"properties":{"osmId":1158121761,"kind":"water","name":null}},{"type":"Feature","geometry":{"type":"Polygon","coordinates":[[[121.4423852,29.3955511],[121.4430845,29.3951562],[121.443057,29.3950907],[121.4429676,29.3949534],[121.4428194,29.3949773],[121.4426627,29.3950783],[121.4425305,29.3951996],[121.4423649,29.3952217],[121.4422825,29.395274],[121.4422897,29.3953776],[121.4423852,29.3955511]]]},"properties":{"osmId":1158121762,"kind":"water","name":null}},{"type":"Feature","geometry":{"type":"Polygon","coordinates":[[[121.4310933,29.3951505],[121.4311906,29.3950141],[121.4310836,29.3948776],[121.4307675,29.3947743],[121.4305214,29.3948014],[121.4305273,29.394909],[121.4305963,29.3950327],[121.4305438,29.3951785],[121.4306556,29.3951793],[121.4307412,29.3951081],[121.43082,29.3950903],[121.4308677,29.3950514],[121.4309114,29.395059],[121.4309795,29.3951073],[121.4310933,29.3951505]]]},"properties":{"osmId":1158121769,"kind":"water","name":null}},{"type":"Feature","geometry":{"type":"Polygon","coordinates":[[[121.4415121,29.3928473],[121.441501,29.3926088],[121.4415602,29.3925212],[121.4421143,29.3925562],[121.4420272,29.3926974],[121.4419255,29.3927616],[121.441778,29.3929602],[121.4415121,29.3928473]]]},"properties":{"osmId":1158121781,"kind":"water","name":null}},{"type":"Feature","geometry":{"type":"Polygon","coordinates":[[[121.5183678,29.4489723],[121.518505,29.4495732],[121.5188882,29.4493918],[121.5188191,29.4493254],[121.518817,29.4491165],[121.5186209,29.4489767],[121.5183678,29.4489723]]]},"properties":{"osmId":1158348333,"kind":"water","name":null}},{"type":"Feature","geometry":{"type":"LineString","coordinates":[[121.4740076,29.4236109],[121.4739846,29.4234774],[121.4738946,29.4232437],[121.4737834,29.4231269],[121.4737061,29.4229051],[121.4736567,29.422771],[121.4734563,29.422647],[121.4731977,29.4225408],[121.4731135,29.4223384],[121.472916,29.4216527],[121.4724956,29.421285],[121.4724333,29.4209932],[121.4722528,29.419945],[121.4722298,29.4194687],[121.472159,29.4188553],[121.4722635,29.4185732],[121.4723926,29.4182664],[121.4725979,29.4176082],[121.4727023,29.4171566],[121.4727395,29.41691],[121.4725519,29.4162472],[121.4724687,29.4160668],[121.472159,29.4158731]]},"properties":{"osmId":1158469924,"kind":"stream","name":null}},{"type":"Feature","geometry":{"type":"Polygon","coordinates":[[[121.4724956,29.421285],[121.4728554,29.4211482],[121.4731442,29.4211475],[121.4732667,29.4213052],[121.473289,29.4214481],[121.4732436,29.4216554],[121.4731719,29.4218372],[121.4731974,29.4222096],[121.4729732,29.4222049],[121.4728561,29.4218292],[121.472585,29.4214494],[121.4724956,29.421285]]]},"properties":{"osmId":1158469929,"kind":"water","name":null}},{"type":"Feature","geometry":{"type":"Polygon","coordinates":[[[121.4767649,29.4194915],[121.476834,29.4193056],[121.4772344,29.4194481],[121.4772156,29.4194833],[121.4771775,29.4195544],[121.4767649,29.4194915]]]},"properties":{"osmId":1158472581,"kind":"water","name":null}},{"type":"Feature","geometry":{"type":"Polygon","coordinates":[[[121.479963,29.4229304],[121.4801718,29.423009],[121.4802992,29.4230306],[121.4803806,29.4231046],[121.4804585,29.423288],[121.4806354,29.4232156],[121.4806567,29.423063],[121.4805063,29.4229119],[121.4804284,29.4227994],[121.4804426,29.4227223],[121.4806248,29.4227809],[121.480754,29.4228009],[121.4808938,29.4228009],[121.4806868,29.4227054],[121.4803558,29.4226314],[121.4802666,29.4225158],[121.4802143,29.422448],[121.4800462,29.4223493],[121.4798798,29.4223231],[121.4798887,29.4225466],[121.4799294,29.4228318],[121.479963,29.4229304]]]},"properties":{"osmId":1158472589,"kind":"water","name":null}},{"type":"Feature","geometry":{"type":"Polygon","coordinates":[[[121.4774076,29.4245945],[121.4776104,29.4244183],[121.4776307,29.4244545],[121.4776228,29.4245123],[121.4776962,29.4245817],[121.4777679,29.4245578],[121.4778413,29.4245493],[121.4779502,29.4246033],[121.4779634,29.4246665],[121.4779218,29.4247212],[121.4778422,29.424752],[121.4777714,29.4247975],[121.4777183,29.424806],[121.4776652,29.4247867],[121.4775467,29.4246857],[121.4775272,29.4246426],[121.4774076,29.4245945]]]},"properties":{"osmId":1158475772,"kind":"water","name":null}},{"type":"Feature","geometry":{"type":"Polygon","coordinates":[[[121.4764258,29.4242078],[121.4763958,29.4240663],[121.4765966,29.4239555],[121.4766573,29.4240236],[121.4767098,29.4241162],[121.4768406,29.4241558],[121.4769597,29.4241243],[121.4769795,29.4242341],[121.4768885,29.4242992],[121.4767344,29.424286],[121.4765732,29.4242219],[121.4764258,29.4242078]]]},"properties":{"osmId":1158475773,"kind":"water","name":null}},{"type":"Feature","geometry":{"type":"Polygon","coordinates":[[[121.4803964,29.4268362],[121.4804699,29.4267569],[121.4806334,29.4268423],[121.4807828,29.427001],[121.4807956,29.4271301],[121.4805858,29.4270434],[121.4805691,29.4270365],[121.4804501,29.426943],[121.4803964,29.4268362]]]},"properties":{"osmId":1158475778,"kind":"water","name":null}},{"type":"Feature","geometry":{"type":"Polygon","coordinates":[[[121.507442,29.3483793],[121.5075378,29.3482002],[121.5079557,29.3482185],[121.5079811,29.3486205],[121.50771,29.3489508],[121.5077747,29.3491147],[121.5080766,29.3492113],[121.5081882,29.3492789],[121.5080188,29.3493909],[121.5078997,29.3494723],[121.5077666,29.3494621],[121.5075284,29.3493705],[121.5073603,29.3491609],[121.5072926,29.3490388],[121.5073393,29.348819],[121.5074677,29.3487131],[121.5076639,29.348648],[121.5077643,29.3485605],[121.5077222,29.3483936],[121.5076008,29.3483793],[121.507442,29.3483793]]]},"properties":{"osmId":1158584627,"kind":"water","name":null}},{"type":"Feature","geometry":{"type":"Polygon","coordinates":[[[121.5128307,29.3514001],[121.5129758,29.3515282],[121.5131284,29.3515021],[121.5131419,29.3512792],[121.5134376,29.3511181],[121.5137457,29.3510134],[121.5141001,29.3506992],[121.5142017,29.3504548],[121.5139768,29.3506186],[121.5136317,29.350769],[121.5132959,29.3508683],[121.5128337,29.3512067],[121.5128307,29.3514001]]]},"properties":{"osmId":1158584630,"kind":"water","name":null}},{"type":"Feature","geometry":{"type":"LineString","coordinates":[[121.2713662,29.4095381],[121.2714284,29.4097212],[121.2715398,29.4099501],[121.2715698,29.4100683],[121.2716626,29.4102263],[121.2717854,29.4103458],[121.271904,29.4103943],[121.2721111,29.4104092],[121.2725153,29.4103569],[121.2726668,29.4103253],[121.2729923,29.4102574],[121.2731551,29.4102524],[121.2732779,29.4102524],[121.2734293,29.4103022],[121.2735322,29.4103669],[121.2736536,29.4104503],[121.2737578,29.4104839],[121.2738478,29.4104876],[121.2740021,29.4104801],[121.2740835,29.4104117],[121.2742292,29.410296],[121.2743434,29.4102076],[121.2746433,29.4100695],[121.274809,29.4100695],[121.2753617,29.4101778],[121.2755803,29.4101915],[121.2757888,29.4101529],[121.2762173,29.4100148],[121.2764229,29.4099737],[121.27665,29.4099912],[121.2768328,29.410082],[121.2769999,29.4102748],[121.2771671,29.4106842],[121.2773027,29.4109566],[121.2774741,29.4111445],[121.2776969,29.4112727],[121.2779911,29.4113622],[121.2784725,29.4114045],[121.2798436,29.4114531],[121.2801192,29.4113809],[121.2803163,29.411203],[121.280542,29.4108695],[121.2807991,29.4106979],[121.2810347,29.4106605],[121.2814332,29.4107202],[121.2816617,29.4106891],[121.2818403,29.4104739],[121.2818474,29.4101716],[121.2819074,29.4097],[121.2820003,29.4094423],[121.2821883,29.4093778],[121.2827213,29.4095067],[121.2833005,29.4094611],[121.2845884,29.4095899],[121.2851646,29.4092088],[121.2855343,29.4091417],[121.2858978,29.4092356],[121.2865818,29.4093913],[121.2868129,29.4093295],[121.2870286,29.4091068],[121.2874507,29.4088545],[121.2878266,29.4087283],[121.2888279,29.4087444],[121.2898323,29.4087578],[121.2904917,29.4089404],[121.2907351,29.4092141],[121.2920877,29.410693],[121.2930336,29.4114391],[121.2938932,29.4118015],[121.2942968,29.4117532],[121.294494,29.4116458],[121.2945833,29.411321],[121.2953601,29.4097597],[121.2962667,29.4085027],[121.2967087,29.4076682],[121.2974689,29.4061665],[121.297725,29.4048773],[121.297908,29.4044665],[121.2985015,29.4038998],[121.2991073,29.4036483],[121.2999773,29.4037829],[121.3019653,29.4037652],[121.302754,29.4034819],[121.3034817,29.4031348],[121.3042908,29.4034464],[121.3048233,29.403829],[121.3051039,29.4047923],[121.3054128,29.4055042],[121.3061893,29.4069598],[121.3073689,29.4098743],[121.3076094,29.410456],[121.3080554,29.4110601],[121.3084266,29.4114262],[121.3087981,29.4115398],[121.3093256,29.4114934],[121.3102503,29.4112147],[121.3111329,29.4112208],[121.3117517,29.4115259],[121.3127494,29.4118153],[121.3136024,29.4122967],[121.314289,29.4130116],[121.3144821,29.413806],[121.3143749,29.4144602],[121.3138062,29.4154322],[121.3136238,29.4162593],[121.3136614,29.4175677],[121.3136828,29.4183106],[121.3147524,29.4200522],[121.3156415,29.4211339]]},"properties":{"osmId":1159338535,"kind":"river","name":"双湖溪"}},{"type":"Feature","geometry":{"type":"Polygon","coordinates":[[[121.3409157,29.4224984],[121.3408456,29.422051],[121.3410068,29.4220408],[121.3411749,29.4219025],[121.3418427,29.4218293],[121.3428117,29.4217073],[121.3431083,29.4215751],[121.3433955,29.421449],[121.344215,29.420249],[121.3448502,29.4205541],[121.3442758,29.4209934],[121.3437387,29.4215588],[121.3436453,29.4221039],[121.3437691,29.4226632],[121.3435029,29.4227445],[121.3433581,29.4224781],[121.3427417,29.4225188],[121.3418964,29.4224984],[121.3409157,29.4224984]]]},"properties":{"osmId":1162387264,"kind":"water","name":null}},{"type":"Feature","geometry":{"type":"Polygon","coordinates":[[[121.344215,29.420249],[121.3447034,29.4196156],[121.3460246,29.4182274],[121.3470004,29.4171509],[121.347598,29.4166622],[121.349338,29.4155785],[121.3495819,29.4160708],[121.3478622,29.4171615],[121.346545,29.4185745],[121.3448502,29.4205541],[121.344215,29.420249]]]},"properties":{"osmId":1162388988,"kind":"water","name":null}},{"type":"Feature","geometry":{"type":"Polygon","coordinates":[[[121.349338,29.4155785],[121.3498926,29.4152997],[121.3514177,29.4139041],[121.3518244,29.4142933],[121.3512329,29.4148945],[121.3511004,29.414916],[121.3508601,29.4154313],[121.3504072,29.4155681],[121.3495819,29.4160708],[121.349338,29.4155785]]]},"properties":{"osmId":1162388989,"kind":"water","name":null}},{"type":"Feature","geometry":{"type":"Polygon","coordinates":[[[121.3514177,29.4139041],[121.3527834,29.412684],[121.3528389,29.4125417],[121.3527187,29.4124236],[121.3524691,29.4123995],[121.3517482,29.4124827],[121.3517235,29.4122277],[121.3527372,29.4121794],[121.3529929,29.4121606],[121.3541021,29.4114333],[121.3549217,29.4107301],[121.3554116,29.4112239],[121.3552513,29.4113393],[121.355085,29.4112454],[121.3548385,29.4114252],[121.3549155,29.4115165],[121.3540097,29.4122787],[121.3538679,29.4124773],[121.3536523,29.41259],[121.3534582,29.4128343],[121.3532271,29.4129738],[121.3531408,29.4131698],[121.3525462,29.4135428],[121.3521179,29.4140608],[121.3518244,29.4142933],[121.3514177,29.4139041]]]},"properties":{"osmId":1162388990,"kind":"water","name":null}},{"type":"Feature","geometry":{"type":"Polygon","coordinates":[[[121.3549217,29.4107301],[121.3558706,29.4101557],[121.3578271,29.4092082],[121.3588747,29.4090069],[121.359802,29.4087761],[121.3606031,29.4088459],[121.3625935,29.4093049],[121.3639954,29.4096511],[121.3628246,29.410416],[121.3619341,29.4098417],[121.3607664,29.4094552],[121.3597682,29.4093532],[121.3585049,29.4095974],[121.3572479,29.4102228],[121.3564868,29.4106442],[121.3556272,29.4111488],[121.3554116,29.4112239],[121.3549217,29.4107301]]]},"properties":{"osmId":1162388991,"kind":"water","name":null}},{"type":"Feature","geometry":{"type":"Polygon","coordinates":[[[121.3628246,29.410416],[121.3632867,29.4106683],[121.3637674,29.4105556],[121.3642357,29.4103946],[121.364818,29.4101691],[121.3651936,29.4101026],[121.3660196,29.4101584],[121.3664697,29.4103727],[121.3669624,29.4108508],[121.3665958,29.4108643],[121.3665958,29.410934],[121.3671195,29.4111112],[121.3675077,29.4112534],[121.368127,29.4113286],[121.3684105,29.411546],[121.3689035,29.4118842],[121.3692855,29.4119459],[121.3697569,29.4118788],[121.3702283,29.4117043],[121.3714986,29.4113751],[121.3710263,29.4107059],[121.3698062,29.4109609],[121.3688634,29.4109448],[121.3679576,29.4107515],[121.3670856,29.4102255],[121.3666481,29.409949],[121.366149,29.4097853],[121.3643866,29.4097128],[121.3639954,29.4096511],[121.3628246,29.410416]]]},"properties":{"osmId":1162388992,"kind":"water","name":null}},{"type":"Feature","geometry":{"type":"Polygon","coordinates":[[[121.3710263,29.4107059],[121.371457,29.4105104],[121.372043,29.4100583],[121.3723756,29.4097277],[121.372688,29.4093147],[121.3729496,29.4088387],[121.3734306,29.4083037],[121.3741684,29.4089811],[121.3735426,29.4096259],[121.3732788,29.4100205],[121.3727161,29.4105982],[121.3722304,29.4109806],[121.3717027,29.411302],[121.3714986,29.4113751],[121.3710263,29.4107059]]]},"properties":{"osmId":1162388993,"kind":"water","name":null}},{"type":"Feature","geometry":{"type":"Polygon","coordinates":[[[121.3734306,29.4083037],[121.3738562,29.407953],[121.3740991,29.4078269],[121.3753997,29.4077883],[121.3759727,29.4077694],[121.3766473,29.4083504],[121.3760745,29.4085246],[121.3751451,29.408665],[121.3746431,29.4087931],[121.3741684,29.4089811],[121.3734306,29.4083037]]]},"properties":{"osmId":1162388994,"kind":"water","name":null}},{"type":"Feature","geometry":{"type":"Polygon","coordinates":[[[121.5253407,29.3486794],[121.5256069,29.3490071],[121.5259035,29.3490784],[121.526576,29.3493145],[121.5273769,29.3493389],[121.5276968,29.3495119],[121.5279303,29.3496645],[121.5282011,29.3497358],[121.5283973,29.3497073],[121.5288946,29.349056],[121.5287358,29.3488382],[121.5284603,29.3486632],[121.5282408,29.3485594],[121.527587,29.3483965],[121.5273442,29.3484311],[121.5270593,29.348539],[121.5266413,29.3485634],[121.5264289,29.3486062],[121.5258801,29.3482419],[121.5255719,29.3480811],[121.5254692,29.3477737],[121.5252987,29.3475783],[121.525175,29.3476496],[121.5251773,29.347902],[121.5252754,29.3482337],[121.5252403,29.34848],[121.5253407,29.3486794]]]},"properties":{"osmId":1162392620,"kind":"water","name":null}},{"type":"Feature","geometry":{"type":"Polygon","coordinates":[[[121.5217001,29.353192],[121.5218912,29.353229],[121.5220859,29.3529915],[121.5220355,29.3528273],[121.5219435,29.3527532],[121.5217736,29.352801],[121.5216612,29.3528079],[121.5217001,29.353192]]]},"properties":{"osmId":1162394560,"kind":"water","name":null}},{"type":"Feature","geometry":{"type":"Polygon","coordinates":[[[121.5205136,29.3496421],[121.5205974,29.3495059],[121.5207746,29.3494515],[121.520971,29.3495388],[121.5211489,29.3496624],[121.5211143,29.3497288],[121.5210445,29.3498334],[121.5209419,29.3498365],[121.5205136,29.3496421]]]},"properties":{"osmId":1162394564,"kind":"water","name":null}},{"type":"Feature","geometry":{"type":"Polygon","coordinates":[[[121.5233439,29.3415871],[121.5233032,29.3411367],[121.5227989,29.3410379],[121.5222503,29.3410025],[121.5218858,29.3411968],[121.5219778,29.3412524],[121.5223494,29.3411891],[121.5227882,29.341294],[121.5229971,29.3414961],[121.5230855,29.3415994],[121.5233439,29.3415871]]]},"properties":{"osmId":1162394573,"kind":"water","name":null}},{"type":"Feature","geometry":{"type":"LineString","coordinates":[[121.5239615,29.3413912],[121.5246782,29.3414483],[121.5249472,29.3414606],[121.5253312,29.3415223],[121.5254179,29.3415238],[121.5265575,29.3406908],[121.5271538,29.3402898],[121.5274458,29.3400723],[121.5276476,29.3395432],[121.5278599,29.3391112],[121.5278971,29.3389539],[121.5279679,29.338923],[121.5281271,29.3389168],[121.528428,29.3390171],[121.5286899,29.3390634],[121.5287996,29.3390001],[121.5290066,29.3387009],[121.5290314,29.3386052],[121.5290986,29.3385312],[121.5293888,29.3385713],[121.5295747,29.3385096],[121.5298808,29.3382813],[121.5299458,29.3382517]]},"properties":{"osmId":1162394575,"kind":"stream","name":null}},{"type":"Feature","geometry":{"type":"LineString","coordinates":[[121.5057528,29.3079241],[121.5064244,29.30844],[121.506637,29.3091976],[121.5073148,29.310197],[121.5080481,29.3106215],[121.5081806,29.3108687],[121.5077154,29.3109681],[121.5073426,29.3110863],[121.5072933,29.3115457],[121.5075891,29.3117391],[121.5082422,29.3121475],[121.5086674,29.3124967],[121.5092652,29.3127788],[121.5098937,29.3135096],[121.5107348,29.3140066],[121.5111846,29.3145895],[121.5115513,29.3150355],[121.5118409,29.3152289],[121.512568,29.3152854],[121.5130733,29.315057],[121.513631,29.3149872],[121.51405,29.3153149],[121.5142072,29.3161182],[121.5142965,29.3165775],[121.5146416,29.3166823],[121.5151037,29.3169913],[121.5156306,29.3170665],[121.5163208,29.3168462],[121.5177011,29.3167844],[121.5191307,29.3168999],[121.5195805,29.3173888],[121.5194757,29.3177381],[121.5192601,29.3181545],[121.5195528,29.3184446],[121.5201443,29.3189497],[121.5205695,29.3192183],[121.5207975,29.3191995],[121.5211765,29.3188341],[121.5215339,29.3183264],[121.5218143,29.3181733],[121.5223812,29.3180819],[121.5228002,29.3184527],[121.523287,29.3194198],[121.5240111,29.3206045],[121.5241466,29.3209214],[121.5240912,29.3211095],[121.5239309,29.3212411],[121.5235643,29.3212948],[121.5230436,29.3211954],[121.5226708,29.3210289],[121.52207,29.3209349],[121.5217465,29.3211041],[121.5215616,29.3212814],[121.5214076,29.3217999],[121.5213135,29.3223928],[121.521272,29.3226541],[121.5213244,29.3235621],[121.5214599,29.3240053],[121.5216232,29.3244808],[121.5218482,29.3246688],[121.5222949,29.3247387],[121.522754,29.3246984],[121.5250001,29.3240725],[121.525339,29.3240993],[121.5254376,29.3241745],[121.5255023,29.3243841],[121.5254006,29.3246527],[121.5252127,29.3249079],[121.525074,29.3253081],[121.5251541,29.3256036],[121.5253975,29.3256788],[121.5256409,29.325926],[121.5258905,29.3266136],[121.5261339,29.3272153],[121.5262646,29.3279778],[121.5261924,29.3285879],[121.5262423,29.3295222],[121.5263687,29.3299371],[121.5264641,29.330248],[121.5266532,29.3304098]]},"properties":{"osmId":1162394584,"kind":"stream","name":null}},{"type":"Feature","geometry":{"type":"LineString","coordinates":[[121.5052297,29.3171683],[121.5053394,29.3171004],[121.5058332,29.3170649],[121.5062437,29.3171498],[121.5064207,29.3171189],[121.5063481,29.3168289],[121.5064118,29.3166422],[121.506771,29.3165357],[121.5071179,29.3166962],[121.5073214,29.3166375],[121.5074913,29.3165018],[121.5075143,29.3163598],[121.5073055,29.3160281],[121.5073179,29.3159077],[121.5075037,29.3157982],[121.5077426,29.3158028],[121.5081655,29.3157781],[121.5084769,29.3154433],[121.5086079,29.3154001],[121.5091759,29.3159941],[121.5094962,29.3158676],[121.5097174,29.3157133],[121.5100377,29.3155945],[121.5105474,29.3156207],[121.5107792,29.3155544],[121.5110163,29.3153353],[121.5112534,29.31511],[121.5115513,29.3150355]]},"properties":{"osmId":1162394585,"kind":"stream","name":null}},{"type":"Feature","geometry":{"type":"Polygon","coordinates":[[[121.549618,29.3341449],[121.5499508,29.3340589],[121.5499353,29.3338441],[121.5503544,29.3330329],[121.5504283,29.3330544],[121.5504838,29.3332317],[121.5505423,29.3331994],[121.5504776,29.3330141],[121.5505577,29.3325843],[121.5507426,29.3325467],[121.5509613,29.3329469],[121.5511,29.3328879],[121.5508288,29.3322351],[121.5508073,29.3320794],[121.5508443,29.3320418],[121.5517686,29.3297828],[121.5511832,29.3295276],[121.5505361,29.3312923],[121.5502773,29.3319585],[121.5497905,29.3328288],[121.5496581,29.3329926],[121.549618,29.3341449]]]},"properties":{"osmId":1162396770,"kind":"water","name":null}},{"type":"Feature","geometry":{"type":"Polygon","coordinates":[[[121.5517686,29.3297828],[121.552166,29.3289501],[121.5525604,29.3286062],[121.55281,29.3282087],[121.5532937,29.3279804],[121.5544676,29.3269059],[121.5554443,29.3262639],[121.5562453,29.3259738],[121.5569047,29.3255494],[121.5567223,29.3252873],[121.5563963,29.3248187],[121.554255,29.3262988],[121.5522985,29.3280395],[121.5515929,29.3287432],[121.5511832,29.3295276],[121.5517686,29.3297828]]]},"properties":{"osmId":1162396771,"kind":"water","name":null}},{"type":"Feature","geometry":{"type":"Polygon","coordinates":[[[121.5563963,29.3248187],[121.5573062,29.3243931],[121.5581561,29.3241305],[121.5593913,29.3239961],[121.5616353,29.3241509],[121.5616189,29.3245112],[121.5605635,29.3243992],[121.5598677,29.3242567],[121.5588193,29.3243646],[121.5580487,29.3246374],[121.5574533,29.3248145],[121.5568368,29.3252339],[121.5567223,29.3252873],[121.5563963,29.3248187]]]},"properties":{"osmId":1162396772,"kind":"water","name":null}},{"type":"Feature","geometry":{"type":"Polygon","coordinates":[[[121.5616189,29.3245112],[121.5616556,29.3245592],[121.5619206,29.3246479],[121.5621024,29.3248816],[121.562429,29.3249111],[121.562771,29.3249219],[121.56319,29.3248923],[121.5643269,29.3245055],[121.5642591,29.3239656],[121.5636429,29.3241751],[121.5631253,29.3242261],[121.5626077,29.3242557],[121.5616353,29.3241509],[121.5616189,29.3245112]]]},"properties":{"osmId":1162396773,"kind":"water","name":null}},{"type":"Feature","geometry":{"type":"Polygon","coordinates":[[[121.5642591,29.3239656],[121.5658454,29.3232129],[121.5664081,29.3229971],[121.5677974,29.3222337],[121.5680286,29.3225411],[121.5675102,29.3230093],[121.5667583,29.323443],[121.566219,29.3237015],[121.5656516,29.3238664],[121.5643269,29.3245055],[121.5642591,29.3239656]]]},"properties":{"osmId":1162396778,"kind":"water","name":null}},{"type":"Feature","geometry":{"type":"Polygon","coordinates":[[[121.5677974,29.3222337],[121.5679048,29.3220016],[121.5682668,29.321401],[121.5683531,29.3210977],[121.5683648,29.3200858],[121.5688762,29.3199576],[121.5689509,29.3205948],[121.5689743,29.3210997],[121.5690186,29.3214417],[121.5688015,29.3217858],[121.5682504,29.3222805],[121.5680286,29.3225411],[121.5677974,29.3222337]]]},"properties":{"osmId":1162396779,"kind":"water","name":null}},{"type":"Feature","geometry":{"type":"Polygon","coordinates":[[[121.5683648,29.3200858],[121.5683617,29.3190252],[121.568508,29.318646],[121.5692154,29.3178023],[121.569561,29.3181107],[121.5690971,29.3186686],[121.5688963,29.3190085],[121.5688263,29.3193119],[121.5688762,29.3199576],[121.5683648,29.3200858]]]},"properties":{"osmId":1162396780,"kind":"water","name":null}},{"type":"Feature","geometry":{"type":"LineString","coordinates":[[121.5741128,29.3243716],[121.5740686,29.3240068],[121.5738674,29.323663],[121.5738473,29.3233941],[121.5740444,29.3230819],[121.5739961,29.3213244],[121.5739074,29.3210414],[121.5737206,29.3209172],[121.5735128,29.3208235],[121.5733283,29.3207564],[121.5732373,29.3205711],[121.5731532,29.3203329],[121.5732396,29.3199502],[121.5734334,29.3194249],[121.5734708,29.3189037],[121.5736972,29.3185372],[121.5738864,29.318297],[121.5740461,29.3177833],[121.5739664,29.3174531],[121.5740302,29.3171569],[121.5741009,29.3167125],[121.5741841,29.3161354],[121.574216,29.3160475],[121.5740772,29.3155987]]},"properties":{"osmId":1162396800,"kind":"stream","name":null}},{"type":"Feature","geometry":{"type":"LineString","coordinates":[[121.5866896,29.3191344],[121.5868034,29.3184822],[121.586697,29.3167986],[121.5868473,29.31627],[121.5867721,29.3142447],[121.5866595,29.3139828],[121.5865522,29.3136787],[121.586461,29.3134074],[121.5866219,29.3130706],[121.5870243,29.312645],[121.5871982,29.3124319],[121.5872228,29.3124017],[121.5871691,29.3120977],[121.5864825,29.3110499],[121.5865522,29.3093753],[121.5869438,29.308828],[121.5874373,29.3082246],[121.5877699,29.3071908],[121.5881025,29.3050343],[121.5886658,29.3038461],[121.5895402,29.3026439],[121.5906935,29.3012171],[121.5910154,29.300113],[121.590951,29.2996873],[121.5905058,29.2983353],[121.590141,29.2975774],[121.5901902,29.2969188],[121.5900029,29.2963533],[121.5895992,29.2958839],[121.5894007,29.2954862],[121.5895878,29.2949801]]},"properties":{"osmId":1162398917,"kind":"river","name":null}},{"type":"Feature","geometry":{"type":"LineString","coordinates":[[121.6159781,29.2896398],[121.6160572,29.2888902],[121.6166264,29.2888018],[121.617094,29.2883976],[121.6173623,29.2881459],[121.6179193,29.2879544],[121.6182079,29.2873552],[121.6184153,29.2865042],[121.6182038,29.2858375],[121.6177607,29.2853198],[121.6173989,29.2838554],[121.6169232,29.2828129],[121.6161955,29.2820079],[121.6155898,29.2813236],[121.6150409,29.2805399],[121.6140408,29.2796427],[121.6124187,29.278891],[121.6121097,29.2785293],[121.6116015,29.2775576],[121.6108901,29.2770186],[121.610081,29.2761498],[121.6098534,29.2751356],[121.6099306,29.2743448],[121.610151,29.269791],[121.6103513,29.2697556],[121.6106829,29.2704502],[121.6113437,29.2706641],[121.6128778,29.2707639],[121.613618,29.2707537],[121.6155894,29.2696098],[121.6170467,29.2689378]]},"properties":{"osmId":1162398923,"kind":"stream","name":null}},{"type":"Feature","geometry":{"type":"LineString","coordinates":[[121.618826,29.3018946],[121.616965,29.298853],[121.616103,29.2975062]]},"properties":{"osmId":1162398930,"kind":"stream","name":null}},{"type":"Feature","geometry":{"type":"LineString","coordinates":[[121.601239,29.2715306],[121.6009669,29.2711842],[121.6006864,29.2692372],[121.6011621,29.2671697],[121.6017638,29.2643998],[121.6021378,29.2641905],[121.6029224,29.2642118],[121.603085,29.2640239],[121.6039019,29.2614064]]},"properties":{"osmId":1162398953,"kind":"stream","name":null}},{"type":"Feature","geometry":{"type":"LineString","coordinates":[[121.5126084,29.2631132],[121.5133446,29.2631904],[121.5144028,29.2632614],[121.5157017,29.2633911],[121.5187524,29.2636103],[121.5191782,29.2636321],[121.5208996,29.2637204],[121.5270569,29.2640715],[121.5280675,29.265066],[121.5281969,29.2652434],[121.5279627,29.2654746],[121.527858,29.2657003],[121.5280367,29.2658992],[121.5289302,29.2665873],[121.529417,29.2668883],[121.5297744,29.2674958],[121.529799,29.2681032],[121.5298113,29.2683827],[121.5294786,29.2688611],[121.52931,29.2691]]},"properties":{"osmId":1163858774,"kind":"stream","name":null}},{"type":"Feature","geometry":{"type":"LineString","coordinates":[[121.5203908,29.2589672],[121.5201843,29.2607994],[121.51968,29.2611855],[121.5193769,29.261375],[121.5190363,29.2613961],[121.5188566,29.2614967],[121.5187868,29.2616605],[121.5187895,29.2618103],[121.5188459,29.2619717],[121.51898,29.2622361],[121.5191168,29.2625941],[121.5191248,29.2628515],[121.5191782,29.2636321]]},"properties":{"osmId":1163858777,"kind":"stream","name":null}},{"type":"Feature","geometry":{"type":"Polygon","coordinates":[[[121.2258412,29.2775252],[121.2257956,29.2774469],[121.2258023,29.2770831],[121.2258345,29.2768456],[121.2262207,29.2768468],[121.2262449,29.2773159],[121.2262435,29.2775042],[121.2261698,29.2776247],[121.2260839,29.2776551],[121.2260008,29.2776305],[121.2258412,29.2775252]]]},"properties":{"osmId":1170035392,"kind":"water","name":null}},{"type":"Feature","geometry":{"type":"LineString","coordinates":[[121.2149483,29.2543592],[121.2155182,29.2541446],[121.2159429,29.254055],[121.2161269,29.253933],[121.2161375,29.2536675],[121.2162083,29.2534004],[121.2162897,29.2531564],[121.2166082,29.2530005],[121.2175638,29.2526856],[121.21767,29.2524462],[121.2178894,29.2521158],[121.2182345,29.2517932],[121.2185636,29.2516557],[121.2188538,29.2516033],[121.2190202,29.2516218],[121.2191618,29.2515832],[121.2192042,29.2514736],[121.2192131,29.2513377],[121.2194201,29.2512451],[121.2195617,29.2510119],[121.2195918,29.2507217],[121.2197174,29.250541],[121.219882,29.2505179],[121.2199917,29.2506506],[121.2201864,29.2507062],[121.2204606,29.2506784],[121.2208287,29.2508205],[121.2210464,29.2511107],[121.2211012,29.2512034],[121.2211508,29.251262],[121.2212516,29.2512698],[121.2213879,29.2512389],[121.2215224,29.2510258],[121.221733,29.2504623],[121.2218303,29.2502631],[121.2217861,29.2499898],[121.2216852,29.2495838],[121.2216923,29.2493908],[121.22177,29.2492404],[121.2219241,29.2492564],[121.2222249,29.2492703],[121.2223364,29.2493398],[121.2224143,29.249576],[121.222524,29.249752],[121.2228531,29.2498632],[121.2228868,29.2498632]]},"properties":{"osmId":1170035395,"kind":"stream","name":null}},{"type":"Feature","geometry":{"type":"LineString","coordinates":[[121.2228868,29.2498632],[121.2235097,29.2495868],[121.2239078,29.2491252],[121.2250138,29.2484814],[121.225842,29.2484196],[121.2259782,29.2480459],[121.2261446,29.2475472],[121.2264525,29.2472616],[121.2272205,29.2472523],[121.2278257,29.2477371],[121.2278505,29.2484196],[121.2278399,29.248503],[121.2278115,29.2492317],[121.2280522,29.2500269]]},"properties":{"osmId":1170035396,"kind":"stream","name":null}},{"type":"Feature","geometry":{"type":"Polygon","coordinates":[[[121.2233372,29.2499478],[121.2230127,29.2496389],[121.2232903,29.2492352],[121.2237315,29.2490047],[121.2237838,29.2486911],[121.2241969,29.2484641],[121.2245107,29.2482394],[121.224748,29.2480838],[121.2249143,29.2480031],[121.2250795,29.2479359],[121.2252458,29.2479533],[121.2253683,29.2480259],[121.2254261,29.2481099],[121.2254954,29.248161],[121.2255717,29.2481677],[121.225614,29.2480992],[121.2256541,29.2478888],[121.2256171,29.2477981],[121.2257744,29.2473682],[121.2258547,29.2471988],[121.2261789,29.2471323],[121.2266218,29.2469928],[121.2267945,29.2469887],[121.2270397,29.2470723],[121.2273059,29.2470988],[121.2276092,29.2471628],[121.2273668,29.2478303],[121.2270925,29.2476774],[121.2267934,29.2476373],[121.2265032,29.2476218],[121.2263547,29.247928],[121.226344,29.2483118],[121.2262367,29.2488641],[121.2259792,29.248836],[121.2253033,29.2488079],[121.2248663,29.2487335],[121.2244859,29.2489157],[121.2242452,29.2490053],[121.2240859,29.2491458],[121.2238647,29.2493619],[121.2235586,29.2497139],[121.2234613,29.2498406],[121.2233372,29.2499478]]]},"properties":{"osmId":1170035397,"kind":"water","name":null}},{"type":"Feature","geometry":{"type":"Polygon","coordinates":[[[121.2273668,29.2478303],[121.2275296,29.2481267],[121.227726,29.2485282],[121.2277313,29.2489806],[121.2279224,29.2490284],[121.2279773,29.2484355],[121.2280534,29.2481962],[121.2281357,29.2481246],[121.2281357,29.2476846],[121.2278106,29.2473151],[121.2276092,29.2471628],[121.2273668,29.2478303]]]},"properties":{"osmId":1170035398,"kind":"water","name":null}},{"type":"Feature","geometry":{"type":"LineString","coordinates":[[121.2264525,29.2472616],[121.2263492,29.246609],[121.2262024,29.2461242],[121.226098,29.2459697],[121.2258077,29.2458895],[121.2251689,29.2458138],[121.2248026,29.2458478],[121.2241974,29.2459852],[121.2237409,29.2461396],[121.2234913,29.2462353],[121.2233179,29.2462245],[121.2231746,29.2461736],[121.2229941,29.2460361],[121.2229357,29.245891],[121.2226596,29.2453846],[121.2225251,29.2452286],[121.2221394,29.2451807],[121.2219146,29.2451653],[121.2217536,29.2448673],[121.2217766,29.243839],[121.22189,29.2431311],[121.2218807,29.2428132],[121.2218293,29.2426523],[121.2216799,29.24253],[121.2212082,29.2423772],[121.2208253,29.2423222],[121.2199683,29.2423344],[121.2194593,29.2423059],[121.2187938,29.2419921],[121.218105,29.2413931],[121.21768,29.2410916],[121.2169912,29.2401075],[121.2163374,29.2398385],[121.2157046,29.2396776],[121.215359,29.2396613],[121.2152376,29.2394779],[121.2152983,29.2387179],[121.2152166,29.2383736],[121.2149574,29.2379172],[121.2143223,29.2374343],[121.2138133,29.2370757],[121.2134397,29.2366621],[121.2131688,29.236656],[121.2129377,29.2367191],[121.2128443,29.2369738],[121.2126481,29.2373752],[121.2122979,29.237636],[121.2119803,29.2375728],[121.2115386,29.2369002]]},"properties":{"osmId":1170035399,"kind":"river","name":null}},{"type":"Feature","geometry":{"type":"Polygon","coordinates":[[[121.3258661,29.3980596],[121.326358,29.3972945],[121.3266507,29.3974805],[121.3265552,29.3976009],[121.3265979,29.3977497],[121.3265308,29.3979285],[121.3263987,29.3980561],[121.3261364,29.3980915],[121.3258661,29.3980596]]]},"properties":{"osmId":1172129479,"kind":"water","name":null}},{"type":"Feature","geometry":{"type":"Polygon","coordinates":[[[121.2483158,29.374223],[121.2482294,29.3740919],[121.2482661,29.3740226],[121.2484002,29.3739058],[121.2485397,29.373859],[121.2486148,29.3739198],[121.2487274,29.374032],[121.2489326,29.3740676],[121.2490963,29.3740613],[121.249331,29.3740026],[121.2493437,29.3738647],[121.2492746,29.3736332],[121.2492309,29.3734715],[121.2493929,29.3732765],[121.2494474,29.3731798],[121.2493856,29.3730434],[121.249371,29.3728611],[121.2494766,29.3726851],[121.2497222,29.372628],[121.2498168,29.3728103],[121.2498623,29.3731496],[121.2498095,29.3732337],[121.2494766,29.3734065],[121.2494001,29.3734905],[121.2494074,29.3736126],[121.2494675,29.3736728],[121.2496949,29.37376],[121.250177,29.3738425],[121.250721,29.3737838],[121.2514087,29.3735476],[121.2516325,29.3733256],[121.2518927,29.3731037],[121.2521419,29.3730006],[121.2524476,29.3730006],[121.2529715,29.373156],[121.2536083,29.373018],[121.2538102,29.3731306],[121.2534973,29.3732717],[121.2532117,29.3733795],[121.2527641,29.3734556],[121.2524639,29.3734001],[121.2521164,29.3734239],[121.25194,29.3736713],[121.2516907,29.3738314],[121.2514142,29.3739487],[121.2511212,29.3740407],[121.2504881,29.3740977],[121.2503571,29.3740946],[121.2501097,29.3740708],[121.2498331,29.374028],[121.2497404,29.3740597],[121.2496494,29.3741088],[121.2494911,29.3741976],[121.2493092,29.3742832],[121.2491127,29.3742912],[121.2489308,29.3743213],[121.248767,29.3742547],[121.2486524,29.3741992],[121.248485,29.3741849],[121.2483158,29.374223]]]},"properties":{"osmId":1172152275,"kind":"water","name":null}},{"type":"Feature","geometry":{"type":"LineString","coordinates":[[121.2339957,29.3653594],[121.2343459,29.365377],[121.2347535,29.3654126],[121.2350042,29.3653684],[121.23516,29.3651672],[121.2355455,29.3648861],[121.235858,29.3647061],[121.2359707,29.3647253],[121.2361496,29.3647484],[121.2363208,29.3645588],[121.2365439,29.364424],[121.236724,29.3644327],[121.2371481,29.3645405],[121.237453,29.3645174],[121.2376561,29.3647034],[121.2379315,29.3647382]]},"properties":{"osmId":1172152280,"kind":"stream","name":null}},{"type":"Feature","geometry":{"type":"Polygon","coordinates":[[[121.3868507,29.5027475],[121.3872694,29.5026608],[121.3872247,29.5025565],[121.3870519,29.5022221],[121.3870072,29.5019426],[121.3869601,29.5019156],[121.3869239,29.5018948],[121.3865112,29.5019744],[121.3864767,29.5021266],[121.3863405,29.5023707],[121.3866433,29.5027033],[121.3866677,29.5027475],[121.3868507,29.5027475]]]},"properties":{"osmId":1172472085,"kind":"water","name":null}},{"type":"Feature","geometry":{"type":"LineString","coordinates":[[121.3869601,29.5019156],[121.3870558,29.5017399],[121.3873693,29.5014089],[121.3877193,29.5012561],[121.3880108,29.5011888],[121.3892543,29.5009896],[121.3893588,29.5009724],[121.3895354,29.5009623],[121.3911864,29.5013025],[121.393377,29.5016219],[121.3938509,29.5017884],[121.393962,29.5018357],[121.3940237,29.5018647],[121.3941014,29.5018647],[121.3941533,29.5018324],[121.3941866,29.5017164],[121.3942779,29.5016251],[121.3946025,29.5015081],[121.3947197,29.5015081],[121.3947851,29.5014544],[121.3949036,29.5014125],[121.3949653,29.501478],[121.3950048,29.5015049],[121.3951084,29.5015156],[121.3952479,29.5014254],[121.3954848,29.501333],[121.3956193,29.5013502],[121.3958452,29.5013706],[121.3960624,29.501347],[121.3977532,29.5016951],[121.3977773,29.5019084],[121.3978736,29.5020265],[121.3981611,29.5020394],[121.3988547,29.5020545],[121.3991662,29.5020988]]},"properties":{"osmId":1172472086,"kind":"stream","name":null}},{"type":"Feature","geometry":{"type":"LineString","coordinates":[[121.3992592,29.502112],[121.3994493,29.5021391],[121.3999828,29.5023743],[121.4000672,29.5026664],[121.4002066,29.5027728],[121.4005095,29.5029855],[121.4006403,29.5030274],[121.4007419,29.50299],[121.4009312,29.5029825],[121.4010569,29.5030469],[121.4012221,29.5030754],[121.4013168,29.50296],[121.4014407,29.5029376],[121.401513,29.5030065],[121.4015681,29.5032671],[121.4017264,29.5033989]]},"properties":{"osmId":1172472091,"kind":"stream","name":null}},{"type":"Feature","geometry":{"type":"LineString","coordinates":[[121.3991662,29.5020988],[121.3992592,29.502112]]},"properties":{"osmId":1172472092,"kind":"stream","name":null}},{"type":"Feature","geometry":{"type":"LineString","coordinates":[[121.425236,29.4798341],[121.4242744,29.4788161],[121.4236015,29.4782632]]},"properties":{"osmId":1172475342,"kind":"stream","name":null}},{"type":"Feature","geometry":{"type":"Polygon","coordinates":[[[121.4111543,29.4776875],[121.4104559,29.4774448],[121.4100947,29.4772311],[121.4101185,29.4770243],[121.4103133,29.4768105],[121.4107631,29.4767554],[121.4109104,29.4768891],[121.4112462,29.4770946],[121.4113111,29.4772228],[121.4112731,29.4775248],[121.4111543,29.4776875]]]},"properties":{"osmId":1172475349,"kind":"water","name":null}},{"type":"Feature","geometry":{"type":"LineString","coordinates":[[121.4136008,29.4977811],[121.4140626,29.4972748],[121.4152304,29.4958345],[121.4174064,29.4930379],[121.4176732,29.4927242],[121.4177802,29.4924676],[121.4178428,29.491909],[121.4177932,29.4895291],[121.4176837,29.4863249],[121.4177818,29.4856048]]},"properties":{"osmId":1172475358,"kind":"river","name":"义溪"}},{"type":"Feature","geometry":{"type":"LineString","coordinates":[[121.4049861,29.5043083],[121.4057596,29.5040147],[121.4059382,29.5039469],[121.406851,29.5035106],[121.4090956,29.5017427],[121.4108894,29.5003231],[121.4120381,29.4994568],[121.412663,29.498991],[121.4130747,29.4984599],[121.4136008,29.4977811]]},"properties":{"osmId":1172475361,"kind":"river","name":null}},{"type":"Feature","geometry":{"type":"LineString","coordinates":[[121.402505,29.5030878],[121.4029234,29.5029804],[121.4032037,29.5030026],[121.4041559,29.503257],[121.4048855,29.5037064],[121.4053159,29.503899],[121.4057596,29.5040147]]},"properties":{"osmId":1172475373,"kind":"stream","name":null}},{"type":"Feature","geometry":{"type":"Polygon","coordinates":[[[121.4428537,29.4764349],[121.442102,29.476054],[121.4415597,29.475834],[121.4412824,29.4756516],[121.4405288,29.4732473],[121.4393767,29.4693572],[121.4389662,29.4685499],[121.4382229,29.468026],[121.4373098,29.4679767],[121.4368072,29.4682725],[121.4362764,29.4684759],[121.4354128,29.4686978],[121.4345492,29.4685437],[121.4336007,29.4683403],[121.4329495,29.4683773],[121.4322912,29.4693202],[121.4320152,29.4697516],[121.4316188,29.4699241],[121.4286883,29.4700042],[121.4285599,29.4698401],[121.4308048,29.4694434],[121.4306915,29.4690614],[121.4308331,29.4685745],[121.4312436,29.468402],[121.431364,29.4677117],[121.4312366,29.4664114],[121.4313498,29.46598],[121.4318241,29.4657212],[121.4327442,29.4651788],[121.4330415,29.464655],[121.4327655,29.4637984],[121.4306632,29.4611113],[121.4297387,29.46102],[121.4298138,29.4609017],[121.4308756,29.4605505],[121.4307552,29.4608155],[121.4311728,29.461364],[121.4325956,29.4631821],[121.4330699,29.4632868],[121.4335087,29.4632745],[121.4337281,29.4633916],[121.4339051,29.463823],[121.4339051,29.4640942],[121.434351,29.4643654],[121.436241,29.4647844],[121.436694,29.4647474],[121.4373381,29.4644023],[121.4378973,29.4643284],[121.4384424,29.4643469],[121.4387255,29.4647228],[121.4388671,29.465185],[121.4396669,29.4655918],[121.4402049,29.4676378],[121.440127,29.4677549],[121.4399005,29.4679829],[121.4399076,29.468556],[121.4419108,29.4750266],[121.4423142,29.4753162],[121.4429796,29.4757414],[121.4432486,29.4756243],[121.4434609,29.4760125],[121.4428537,29.4764349]]]},"properties":{"osmId":1172642932,"kind":"water","name":null}},{"type":"Feature","geometry":{"type":"Polygon","coordinates":[[[121.4378985,29.2547024],[121.4378477,29.2547027],[121.4377993,29.2546894],[121.4377541,29.2546602],[121.4377228,29.2546193],[121.4377094,29.2545716],[121.4377154,29.2545228],[121.4377401,29.2544786],[121.4377805,29.2544444],[121.4378318,29.2544243],[121.4378879,29.2544205],[121.4379421,29.2544336],[121.437988,29.2544621],[121.4380176,29.254498],[121.4380332,29.2545402],[121.4380331,29.2545845],[121.4380174,29.2546266],[121.4379876,29.2546624],[121.4379466,29.2546885],[121.4378985,29.2547024]]]},"properties":{"osmId":1172691171,"kind":"water","name":null}},{"type":"Feature","geometry":{"type":"LineString","coordinates":[[121.3750668,29.2372237],[121.377582,29.236791],[121.3785859,29.2358643]]},"properties":{"osmId":1172693570,"kind":"river","name":null}},{"type":"Feature","geometry":{"type":"LineString","coordinates":[[121.3605597,29.2440721],[121.3606191,29.2440808],[121.36181,29.2440054],[121.3622303,29.2438424],[121.3625712,29.2436346],[121.3628724,29.2430213],[121.3630545,29.2422369],[121.363232,29.2418539],[121.3636523,29.2414729],[121.3648735,29.2408005],[121.3656184,29.240501],[121.3664636,29.2404399],[121.367512,29.2405377],[121.3680771,29.2404664],[121.3683503,29.2405825],[121.3686725,29.2408372],[121.3687332,29.2410287],[121.3688617,29.2412284],[121.3693077,29.2415197],[121.3696182,29.2415157],[121.3701156,29.2412773],[121.3706573,29.2410532],[121.3710029,29.2410287],[121.3711967,29.2411469],[121.3717104,29.2414138],[121.373527,29.2421636],[121.3741178,29.2424101],[121.3746551,29.242477],[121.3749682,29.2424634],[121.3759883,29.242238],[121.3765935,29.2420741],[121.3775119,29.241694],[121.3779919,29.2415528],[121.3784771,29.2414754],[121.3788659,29.2414367],[121.3796329,29.2413206],[121.3808877,29.2412182],[121.3813156,29.2411453],[121.3815634,29.2410452],[121.3818139,29.2407766],[121.3819678,29.2404852],[121.3820304,29.2402348],[121.3820565,29.2398705],[121.3821974,29.2396179],[121.382393,29.2395268],[121.3826383,29.2395837],[121.3830166,29.2397271],[121.3834314,29.2396634],[121.3838306,29.2395224],[121.3843966,29.239372],[121.3846601,29.2392491],[121.384788,29.239092],[121.3847697,29.2388188],[121.3846888,29.238384],[121.3848949,29.2376663]]},"properties":{"osmId":1172701166,"kind":"stream","name":null}},{"type":"Feature","geometry":{"type":"Polygon","coordinates":[[[121.4552702,29.3966794],[121.4553241,29.3964088],[121.4554816,29.3964049],[121.4560559,29.3965229],[121.456577,29.3969076],[121.4564354,29.3970386],[121.4558276,29.3968929],[121.4558099,29.396859],[121.4555648,29.3967534],[121.4553932,29.3966894],[121.4552702,29.3966794]]]},"properties":{"osmId":1173954788,"kind":"water","name":null}},{"type":"Feature","geometry":{"type":"LineString","coordinates":[[121.5071314,29.471442],[121.5088897,29.4705784],[121.5108086,29.4696422],[121.5109001,29.469598],[121.5119124,29.4696351],[121.5123671,29.4696314]]},"properties":{"osmId":1173954803,"kind":"stream","name":null}},{"type":"Feature","geometry":{"type":"Polygon","coordinates":[[[121.4780828,29.4144669],[121.477616,29.4139074],[121.4777824,29.4137651],[121.4778994,29.413647],[121.478149,29.4135799],[121.4786127,29.4135115],[121.478739,29.4135745],[121.4788823,29.4134793],[121.4791611,29.4133088],[121.4792828,29.4133585],[121.4795601,29.4133773],[121.4798652,29.413282],[121.4799792,29.4134283],[121.4795432,29.4135491],[121.4791966,29.4136242],[121.4791781,29.4137181],[121.4792536,29.4139315],[121.478796,29.4141798],[121.4786173,29.4141596],[121.478186,29.4143435],[121.478186,29.4144374],[121.4780828,29.4144669]]]},"properties":{"osmId":1173958658,"kind":"water","name":null}},{"type":"Feature","geometry":{"type":"LineString","coordinates":[[121.4400192,29.386675],[121.4401349,29.3866271]]},"properties":{"osmId":1173958664,"kind":"stream","name":null}},{"type":"Feature","geometry":{"type":"Polygon","coordinates":[[[121.4145531,29.3044389],[121.4142773,29.3042428],[121.4142681,29.3041823],[121.4143636,29.3041004],[121.4142727,29.3040063],[121.4142819,29.3039526],[121.4144822,29.3038303],[121.4146917,29.3039472],[121.414704,29.3040372],[121.4146809,29.3043314],[121.4146424,29.3044496],[121.4145531,29.3044389]]]},"properties":{"osmId":1174206183,"kind":"water","name":null}},{"type":"Feature","geometry":{"type":"Polygon","coordinates":[[[121.3933604,29.2983842],[121.3932364,29.298144],[121.3934651,29.2980864],[121.393896,29.2980784],[121.3939092,29.2981821],[121.3938411,29.2983239],[121.3937293,29.298362],[121.3935718,29.2983647],[121.3934722,29.2983993],[121.3933604,29.2983842]]]},"properties":{"osmId":1174206197,"kind":"water","name":null}},{"type":"Feature","geometry":{"type":"Polygon","coordinates":[[[121.4429876,29.2915016],[121.4429124,29.2914513],[121.4429138,29.2913332],[121.4428642,29.2911811],[121.442435,29.2909191],[121.442309,29.2907402],[121.4423224,29.29067],[121.4424229,29.2905776],[121.443351,29.2904361],[121.4435146,29.2904805],[121.4437761,29.2903811],[121.4439558,29.2904606],[121.443752,29.2906852],[121.443874,29.2908606],[121.4440269,29.291118],[121.4441355,29.291249],[121.4441288,29.2913449],[121.4439384,29.2914724],[121.4429876,29.2915016]]]},"properties":{"osmId":1174207959,"kind":"water","name":"和尚塘水库"}},{"type":"Feature","geometry":{"type":"LineString","coordinates":[[121.4429517,29.2914566],[121.442768,29.2915888],[121.4426768,29.2917818],[121.442768,29.2923198],[121.4427627,29.2923935],[121.4416938,29.2926368],[121.441554,29.2925942]]},"properties":{"osmId":1174207961,"kind":"stream","name":null}},{"type":"Feature","geometry":{"type":"LineString","coordinates":[[121.4458523,29.2844288],[121.4455498,29.2843104],[121.445383,29.2841339],[121.4451627,29.283936],[121.4450426,29.2837924],[121.444947,29.2837672],[121.4447623,29.2837982],[121.4444687,29.2840989],[121.4442507,29.2842115],[121.4435811,29.2841145],[121.4431807,29.2840155],[121.4427091,29.2839204],[121.4425089,29.2838506],[121.4423532,29.2839069],[121.4422998,29.2840369],[121.4422175,29.2841416],[121.4421218,29.2841804],[121.441866,29.2841998],[121.4416591,29.2841513],[121.4406959,29.2839806],[121.4405558,29.2839612],[121.440449,29.2838428],[121.4403778,29.2838195],[121.4402532,29.283806],[121.4401264,29.2838409],[121.4397883,29.2839282],[121.4396482,29.2839554],[121.4392055,29.2838952],[121.4390764,29.2837167],[121.4387806,29.2825041],[121.4384428,29.2817273],[121.4380157,29.2811549],[121.4377606,29.2808091],[121.437165,29.2802418],[121.4364088,29.2796974],[121.4357116,29.2793322],[121.434933,29.2790272],[121.4338658,29.2787559],[121.4318169,29.2782063],[121.4316522,29.2781088],[121.4310932,29.2778269],[121.4293738,29.277251]]},"properties":{"osmId":1174207963,"kind":"stream","name":null}},{"type":"Feature","geometry":{"type":"Polygon","coordinates":[[[121.4407243,29.2659095],[121.4405256,29.2653839],[121.4403807,29.2649762],[121.4408464,29.2648952],[121.4409034,29.2651566],[121.4409409,29.2657759],[121.4407243,29.2659095]]]},"properties":{"osmId":1174209456,"kind":"water","name":null}},{"type":"Feature","geometry":{"type":"LineString","coordinates":[[121.4539713,29.2400895],[121.4535559,29.2409839],[121.4532309,29.2414605],[121.4528309,29.2417608],[121.4520925,29.2426183],[121.4521194,29.2431083],[121.4519155,29.2432643],[121.4514617,29.2434086],[121.451379,29.2438197],[121.4512771,29.2439624],[121.4508867,29.2440882],[121.4508578,29.244199],[121.4509213,29.2446487],[121.4508165,29.2449203],[121.4505643,29.2454492],[121.4503685,29.2460039],[121.4518035,29.2484364],[121.4527021,29.2487458],[121.4531465,29.2487498],[121.4556118,29.248345],[121.4560982,29.2487204],[121.4564049,29.2494483],[121.4566948,29.2501694],[121.456673,29.2512657],[121.456115,29.2525925]]},"properties":{"osmId":1174209467,"kind":"stream","name":null}},{"type":"Feature","geometry":{"type":"Polygon","coordinates":[[[121.4215911,29.2456097],[121.4216974,29.243757],[121.4229914,29.2439882],[121.42484,29.244655],[121.4273788,29.2459077],[121.4291535,29.2472304],[121.4297759,29.2492734],[121.4303076,29.2510254],[121.4316874,29.2517726],[121.4297143,29.2523487],[121.4287407,29.2498595],[121.4276746,29.248768],[121.4260971,29.2476067],[121.425179,29.2473218],[121.4215911,29.2456097]]]},"properties":{"osmId":1174209471,"kind":"water","name":null}},{"type":"Feature","geometry":{"type":"Polygon","coordinates":[[[121.4304221,29.2546128],[121.4315808,29.2543757],[121.4328741,29.2546253],[121.4328682,29.254178],[121.4326738,29.2530409],[121.4319625,29.2526555],[121.4316874,29.2517726],[121.4297143,29.2523487],[121.429992,29.2533994],[121.4304221,29.2546128]]]},"properties":{"osmId":1174209472,"kind":"water","name":null}},{"type":"Feature","geometry":{"type":"Polygon","coordinates":[[[121.4215911,29.2456097],[121.4207825,29.2453417],[121.4166861,29.2450427],[121.4142274,29.2445373],[121.4127362,29.2448223],[121.4069191,29.2444513],[121.406192,29.2437631],[121.4038689,29.2420264],[121.4046946,29.2413812],[121.4059517,29.2421232],[121.4069315,29.2423382],[121.4080283,29.2421339],[121.4098338,29.2426393],[121.4117317,29.2427576],[121.4134448,29.2428275],[121.4151147,29.2436179],[121.4168586,29.2440803],[121.4185285,29.2443276],[121.4208886,29.2442954],[121.4216974,29.243757],[121.4215911,29.2456097]]]},"properties":{"osmId":1174209473,"kind":"water","name":null}},{"type":"Feature","geometry":{"type":"Polygon","coordinates":[[[121.3839479,29.2383785],[121.3821774,29.238371],[121.3791006,29.2372836],[121.3779661,29.2370961],[121.3755253,29.2374261],[121.3754789,29.2370073],[121.3764305,29.2368559],[121.3765764,29.2366862],[121.376771,29.2363989],[121.3766513,29.2360692],[121.372409,29.2336829],[121.3687241,29.2322628],[121.3646614,29.2312247],[121.3656265,29.2295956],[121.3671716,29.2297229],[121.3702729,29.2307219],[121.3735537,29.2321257],[121.3761537,29.233487],[121.3779456,29.2345512],[121.3784058,29.2346622],[121.3792101,29.2349593],[121.3816941,29.2360692],[121.3819373,29.2359843],[121.3833963,29.2362324],[121.3838227,29.2362063],[121.3837741,29.2357754],[121.3863517,29.2357722],[121.3875824,29.2355502],[121.3883568,29.2361933],[121.389135,29.2363793],[121.3902086,29.2364903],[121.3901937,29.2375774],[121.3882895,29.2379397],[121.3855062,29.2381454],[121.3839479,29.2383785]]]},"properties":{"osmId":1174209474,"kind":"water","name":null}},{"type":"Feature","geometry":{"type":"LineString","coordinates":[[121.3682068,29.2281626],[121.3689404,29.2279624],[121.3694764,29.2279604],[121.3700624,29.2283152],[121.3696808,29.2293815],[121.3696059,29.2301009],[121.3694405,29.2317622]]},"properties":{"osmId":1174209475,"kind":"stream","name":null}},{"type":"Feature","geometry":{"type":"Polygon","coordinates":[[[121.3646614,29.2312247],[121.3599207,29.2296728],[121.357469,29.227837],[121.3527476,29.222985],[121.3467528,29.219741],[121.3451216,29.2192211],[121.3395007,29.2182432],[121.3382195,29.2175115],[121.3366457,29.2162415],[121.335056,29.2147436],[121.3358864,29.2132872],[121.337911,29.2149093],[121.3393583,29.2161172],[121.3408609,29.2166901],[121.3464286,29.2176358],[121.3491492,29.2188575],[121.351846,29.2201482],[121.3529848,29.2203829],[121.3541237,29.2210662],[121.3543688,29.2214734],[121.3543767,29.221998],[121.3548038,29.2223224],[121.3552071,29.222212],[121.3569628,29.2232197],[121.3578328,29.2241514],[121.3583468,29.2249382],[121.3587581,29.2265809],[121.359114,29.2270019],[121.3609488,29.227906],[121.3623802,29.2291897],[121.3656265,29.2295956],[121.3646614,29.2312247]]]},"properties":{"osmId":1174209480,"kind":"water","name":null}},{"type":"Feature","geometry":{"type":"LineString","coordinates":[[121.3209831,29.3806514],[121.3218299,29.3812591],[121.3218797,29.3814979],[121.3216369,29.3818994],[121.321419,29.382328],[121.3215933,29.3825722],[121.3215871,29.3829845],[121.3213442,29.3833426],[121.3212299,29.3835087],[121.3212233,29.3836104],[121.3213167,29.3837267],[121.3214869,29.3839506],[121.3216137,29.3843373],[121.3217538,29.384535],[121.321924,29.3845205],[121.3221476,29.3844187],[121.3225613,29.3841309],[121.3229617,29.3840117],[121.3233121,29.3842007],[121.3234589,29.3844449],[121.3233888,29.3849188],[121.3234256,29.3853259],[121.3235056,29.385509],[121.3237092,29.3859626],[121.3239494,29.3863435],[121.3243865,29.3866313],[121.3245634,29.3868174],[121.3247202,29.3871401],[121.324827,29.3874105],[121.3249071,29.3876344],[121.3250439,29.3879164],[121.3251006,29.3883699],[121.3252541,29.3888293],[121.3255644,29.3894224],[121.3259215,29.3898672],[121.3262885,29.3900911],[121.3267523,29.3901405],[121.3271294,29.3906406],[121.3272629,29.3908935],[121.3274731,29.3911174],[121.3275398,29.3913645],[121.3273796,29.3914808],[121.3266889,29.391882],[121.3266222,29.3920506],[121.3266856,29.3922512],[121.3267824,29.3924983],[121.3270426,29.3928152],[121.3273463,29.3931031],[121.3276399,29.3934548],[121.32768,29.3937426],[121.3278068,29.3942456],[121.3280136,29.3946206],[121.3282172,29.3952544],[121.3283907,29.3958765],[121.3284674,29.3964434],[121.3285142,29.3972138],[121.3287544,29.3978272],[121.328968,29.3981528],[121.3294518,29.3986848]]},"properties":{"osmId":1174300707,"kind":"stream","name":null}},{"type":"Feature","geometry":{"type":"Polygon","coordinates":[[[121.368182,29.4712985],[121.3681878,29.4710577],[121.3681902,29.4709605],[121.3686028,29.47081],[121.3689626,29.4708384],[121.3690642,29.4709321],[121.3689906,29.4710616],[121.3685662,29.4712206],[121.368182,29.4712985]]]},"properties":{"osmId":1174300718,"kind":"water","name":null}},{"type":"Feature","geometry":{"type":"LineString","coordinates":[[121.3668606,29.475076],[121.3671207,29.4748371],[121.3679664,29.4745115],[121.3680133,29.4744432]]},"properties":{"osmId":1174300720,"kind":"stream","name":null}},{"type":"Feature","geometry":{"type":"Polygon","coordinates":[[[121.3698317,29.4790022],[121.3697372,29.4789199],[121.3694037,29.4786729],[121.3693344,29.4786322],[121.3692783,29.4785743],[121.3693986,29.4785459],[121.3694768,29.4785702],[121.3695375,29.4785641],[121.3696017,29.4785509],[121.3696753,29.4785428],[121.3698247,29.4785499],[121.3699146,29.4785123],[121.3699987,29.4785042],[121.3700652,29.4785103],[121.3701108,29.4785387],[121.3701201,29.4786068],[121.3700781,29.478681],[121.3699391,29.4787501],[121.3698773,29.4788508],[121.3698644,29.4789331],[121.3699123,29.4789839],[121.3698317,29.4790022]]]},"properties":{"osmId":1174300723,"kind":"water","name":null}},{"type":"Feature","geometry":{"type":"Polygon","coordinates":[[[121.3971448,29.4887837],[121.3968252,29.488958],[121.3961651,29.4890658],[121.3956697,29.4890273],[121.3955369,29.4886622],[121.3955086,29.4882972],[121.3949353,29.4882263],[121.394953,29.4878381],[121.3953901,29.487376],[121.3952361,29.4869678],[121.3954661,29.4869278],[121.3958143,29.4870989],[121.3959646,29.4871727],[121.3971448,29.4887837]]]},"properties":{"osmId":1174300730,"kind":"water","name":null}},{"type":"Feature","geometry":{"type":"LineString","coordinates":[[121.6977091,29.3201636],[121.6972451,29.32065],[121.6966658,29.3207646],[121.6962232,29.3208511],[121.6957485,29.3210265],[121.6954212,29.3210429],[121.6939299,29.3205518],[121.6934869,29.3205594]]},"properties":{"osmId":1174306636,"kind":"stream","name":null}},{"type":"Feature","geometry":{"type":"Polygon","coordinates":[[[121.5192394,29.4641025],[121.5140789,29.4639484],[121.5140681,29.4630843],[121.5127753,29.4625192],[121.5117453,29.4601791],[121.5098839,29.4587452],[121.5131186,29.4587218],[121.5137302,29.4607023],[121.514095,29.4605762],[121.5141808,29.4587032],[121.5178018,29.4583996],[121.5194165,29.4588433],[121.5197759,29.4594271],[121.5195559,29.4617719],[121.5192394,29.4641025]]]},"properties":{"osmId":1174547873,"kind":"water","name":null}},{"type":"Feature","geometry":{"type":"Polygon","coordinates":[[[121.5198467,29.4718361],[121.5180161,29.4722589],[121.5180347,29.4711774],[121.5167645,29.4710555],[121.5162788,29.4716084],[121.5156063,29.4709823],[121.5151207,29.4683477],[121.5157091,29.4667132],[121.5151393,29.4660789],[121.5147284,29.4662497],[121.5143081,29.4644363],[121.518922,29.4645989],[121.5190061,29.4660057],[121.5208181,29.4661846],[121.5207994,29.4669897],[121.5209395,29.4671523],[121.5205192,29.4700634],[121.5204071,29.4706652],[121.5198467,29.4718361]]]},"properties":{"osmId":1174547874,"kind":"water","name":null}},{"type":"Feature","geometry":{"type":"Polygon","coordinates":[[[121.3200005,29.1344112],[121.3205284,29.1342291],[121.3205899,29.1341702],[121.3205929,29.1340326],[121.3206034,29.1336003],[121.3204774,29.1333436],[121.320179,29.1332925],[121.320053,29.1332768],[121.3198131,29.1331576],[121.3196646,29.1332021],[121.3195551,29.1333174],[121.3198431,29.1337431],[121.3199165,29.1339868],[121.319921,29.1341794],[121.3200005,29.1344112]]]},"properties":{"osmId":1176514654,"kind":"water","name":null}},{"type":"Feature","geometry":{"type":"Polygon","coordinates":[[[121.4807132,29.4346157],[121.4807438,29.4339962],[121.4808074,29.4338054],[121.4811113,29.4339736],[121.4812667,29.4339428],[121.4813798,29.434109],[121.4813751,29.4345459],[121.4812738,29.4346854],[121.4808593,29.4347162],[121.4807132,29.4346157]]]},"properties":{"osmId":1176526185,"kind":"water","name":null}},{"type":"Feature","geometry":{"type":"Polygon","coordinates":[[[121.366009,29.4091237],[121.3660043,29.409156],[121.3659876,29.4091852],[121.3659609,29.409208],[121.365927,29.4092219],[121.3658898,29.4092254],[121.3658534,29.409218],[121.3658225,29.4092011],[121.3657994,29.4091765],[121.3657866,29.4091467],[121.3657854,29.409115],[121.365796,29.4090845],[121.3658172,29.4090587],[121.3658468,29.4090401],[121.3658816,29.4090308],[121.3659181,29.4090316],[121.3659531,29.4090431],[121.3659819,29.4090639],[121.3660012,29.4090918],[121.366009,29.4091237]]]},"properties":{"osmId":1176531635,"kind":"water","name":null}},{"type":"Feature","geometry":{"type":"Polygon","coordinates":[[[121.525897,29.3523087],[121.5258354,29.3521046],[121.5261851,29.3514252],[121.5263561,29.3513446],[121.5266688,29.3514144],[121.5267659,29.3520643],[121.525897,29.3523087]]]},"properties":{"osmId":1181284915,"kind":"water","name":null}},{"type":"Feature","geometry":{"type":"Polygon","coordinates":[[[121.5825189,29.4036659],[121.5811885,29.4038623],[121.5805898,29.4039234],[121.580235,29.4046543],[121.580187,29.4050921],[121.5793998,29.405662],[121.5783244,29.4059227],[121.5778218,29.4059227],[121.577588,29.4056835],[121.5771791,29.4053881],[121.5757024,29.4038237],[121.5751371,29.4036268],[121.5756763,29.4030351],[121.5760923,29.4024064],[121.5764595,29.4012636],[121.5769304,29.4010278],[121.5771141,29.4008924],[121.5775207,29.4001448],[121.5778567,29.39948],[121.5781538,29.3995068],[121.5781554,29.3998952],[121.578096,29.4007273],[121.5779092,29.4020365],[121.5778582,29.4027004],[121.5776523,29.4031349],[121.577958,29.4039375],[121.5788664,29.4045292],[121.5789683,29.4036213],[121.5797218,29.4030147],[121.5799871,29.4028779],[121.5807449,29.4028261],[121.5812777,29.4029759],[121.5818698,29.4031312],[121.5825257,29.4032977],[121.5829736,29.4033735],[121.5825189,29.4036659]]]},"properties":{"osmId":1181300339,"kind":"water","name":"宁海抽水蓄能电站 下水库"}},{"type":"Feature","geometry":{"type":"LineString","coordinates":[[121.592761,29.4028407],[121.5924847,29.4030347],[121.5916881,29.4031281],[121.5909532,29.4031585],[121.5904731,29.4032169],[121.5902102,29.4032123],[121.5892929,29.4035254],[121.5887135,29.4034927],[121.5884292,29.4035067],[121.5879893,29.4036889]]},"properties":{"osmId":1181300344,"kind":"stream","name":null}},{"type":"Feature","geometry":{"type":"Polygon","coordinates":[[[121.5440174,29.3765538],[121.5436053,29.3764129],[121.5433889,29.3762732],[121.5432972,29.3761538],[121.5430369,29.3758766],[121.5431232,29.3758195],[121.5432418,29.3759678],[121.5433365,29.3760504],[121.5435282,29.3761432],[121.5440398,29.376386],[121.5440644,29.376427],[121.5440837,29.3765384],[121.5440174,29.3765538]]]},"properties":{"osmId":1181401705,"kind":"water","name":null}},{"type":"Feature","geometry":{"type":"Polygon","coordinates":[[[121.546112,29.3754274],[121.5460705,29.3752693],[121.54642,29.375213],[121.5466093,29.3751236],[121.5467703,29.3749832],[121.5468632,29.3747974],[121.5469774,29.3747103],[121.5471995,29.3747589],[121.5476374,29.3749308],[121.5475578,29.3750534],[121.547326,29.3749331],[121.5470827,29.3748869],[121.5469623,29.3749254],[121.5469022,29.3750264],[121.5468916,29.3751328],[121.5468252,29.3752762],[121.5467526,29.3753279],[121.5465713,29.3753688],[121.546112,29.3754274]]]},"properties":{"osmId":1181401706,"kind":"water","name":null}},{"type":"Feature","geometry":{"type":"LineString","coordinates":[[121.2283561,29.3865781],[121.2284362,29.3865781],[121.2287196,29.3865727],[121.2288629,29.3865231],[121.2289646,29.3863714],[121.229077,29.3861351],[121.2292727,29.3860237],[121.2294545,29.3860224],[121.2295839,29.38606],[121.2297025,29.3860828],[121.2297703,29.3860627],[121.2299705,29.3858103],[121.2301292,29.3857848],[121.2302786,29.3857204],[121.2303341,29.3856801],[121.2304188,29.3856425],[121.2305405,29.3856747],[121.2306052,29.3857378],[121.2307223,29.3857539],[121.230787,29.3857002],[121.230804,29.3856345],[121.2307978,29.3855606],[121.2308779,29.3854479],[121.2311182,29.3852949],[121.2313,29.3851808],[121.2315249,29.3850183],[121.2317976,29.3849378],[121.2319886,29.3849324],[121.232098,29.3848774],[121.2321072,29.3847579],[121.2321134,29.3845928],[121.2322274,29.384476],[121.2327019,29.3844425],[121.2330023,29.3844076],[121.2332303,29.3843378],[121.2334598,29.3842398],[121.2336986,29.3841418],[121.2339882,29.3841861],[121.2341068,29.3842666],[121.2343441,29.3844505],[121.2344119,29.3844787],[121.2344951,29.3844801],[121.2347077,29.384417],[121.2350296,29.3843257],[121.2352129,29.3843257],[121.2352684,29.3842707],[121.2354024,29.38408],[121.2354995,29.3839149],[121.2359093,29.3835995],[121.2362127,29.3834518],[121.2367073,29.3833283],[121.2371371,29.382986],[121.2373851,29.3829672],[121.2375915,29.3830236],[121.2377687,29.3830505],[121.2378164,29.3829927],[121.2378842,29.3828505],[121.2379335,29.3826867],[121.2382247,29.3822491],[121.2383541,29.3820799],[121.2384758,29.3819148],[121.2386052,29.3818732],[121.2387315,29.3818799],[121.2389857,29.3820061],[121.2391397,29.3821028],[121.2392938,29.3821632],[121.2393939,29.3821632],[121.2395372,29.3821001],[121.2396404,29.381994],[121.2397405,29.3818303],[121.2400409,29.3816933],[121.2404307,29.3815672],[121.2409699,29.3814235],[121.2413165,29.3813859],[121.2418495,29.381296],[121.2423656,29.3809899],[121.2428586,29.3807121],[121.2432576,29.3802986],[121.243558,29.3801872],[121.2437213,29.3801429],[121.2438122,29.3800731],[121.2438353,29.3799764],[121.243769,29.3798046],[121.2437243,29.3795684],[121.2437151,29.379312],[121.2437675,29.3791844],[121.2439123,29.3790408],[121.2440463,29.3789911],[121.2444376,29.3789884],[121.2452418,29.3790301],[121.245573,29.3790757],[121.2457794,29.3791307],[121.2460059,29.3792287],[121.2461722,29.3792556],[121.2463001,29.3792448],[121.2463879,29.3791804],[121.2464495,29.3790623],[121.2464557,29.3788958],[121.2464218,29.3787669],[121.2463324,29.3785213],[121.24626,29.3783172],[121.2463063,29.3782179],[121.2463864,29.3781535],[121.2465913,29.3781132],[121.2467777,29.3781454],[121.246981,29.3781682],[121.2473631,29.3782246],[121.2478514,29.3783723],[121.2481718,29.3784488],[121.2484016,29.3784591]]},"properties":{"osmId":1181965850,"kind":"stream","name":null}},{"type":"Feature","geometry":{"type":"Polygon","coordinates":[[[121.2352111,29.3988493],[121.2350769,29.3988352],[121.2350363,29.398713],[121.2352294,29.3985394],[121.2354448,29.3984013],[121.2355607,29.3982224],[121.2356786,29.3980276],[121.2358148,29.3979639],[121.2362478,29.3982384],[121.2362396,29.3983747],[121.2360547,29.3985075],[121.23589,29.3987006],[121.2358046,29.3987767],[121.2355932,29.398798],[121.2353351,29.3988334],[121.2352111,29.3988493]]]},"properties":{"osmId":1181965861,"kind":"water","name":null}},{"type":"Feature","geometry":{"type":"LineString","coordinates":[[121.2443239,29.414067],[121.2447021,29.4139969],[121.2451098,29.4139104],[121.2453995,29.413817],[121.2459091,29.4137959],[121.246813,29.4137749],[121.2472663,29.4136861],[121.2486557,29.4132001],[121.249522,29.4132048],[121.2500638,29.4132258],[121.2504957,29.4131371],[121.2509382,29.4129291],[121.2512735,29.4128543],[121.2514398,29.4126791],[121.2515632,29.4125342],[121.2516651,29.4122936],[121.2517429,29.4116697],[121.2520435,29.4111173],[121.2523116,29.4109241],[121.2525765,29.4106396],[121.2528692,29.4105054],[121.2529894,29.4104074],[121.2530079,29.4101538],[121.2530495,29.4100894]]},"properties":{"osmId":1181987614,"kind":"stream","name":null}},{"type":"Feature","geometry":{"type":"LineString","coordinates":[[121.2228967,29.3572039],[121.2245228,29.3565608],[121.2248257,29.3564811],[121.225027,29.3564722],[121.2252546,29.3563907],[121.2254701,29.3561781],[121.2259336,29.355884],[121.2265231,29.3554234],[121.2267588,29.3552232],[121.2267426,29.3550991],[121.2266003,29.3549663],[121.2264438,29.3548387],[121.2262873,29.3546261],[121.2262059,29.354378],[121.2261937,29.3540272],[121.2261043,29.3536853],[121.2258136,29.353276],[121.2256734,29.3530723],[121.2255331,29.352865],[121.2253746,29.3525939],[121.2252689,29.3518586],[121.2250879,29.3516052],[121.2250879,29.3514351],[121.2251936,29.351157],[121.2250412,29.3507512],[121.2249294,29.3504341],[121.2246895,29.3501205],[121.2245798,29.3497962],[121.2245472,29.3495818],[121.2244192,29.3493763],[121.224161,29.3491087],[121.2239465,29.3488951]]},"properties":{"osmId":1181991941,"kind":"stream","name":null}},{"type":"Feature","geometry":{"type":"Polygon","coordinates":[[[121.3057197,29.300675],[121.3056286,29.3002466],[121.3059329,29.2999478],[121.3066566,29.2995884],[121.3072963,29.2994066],[121.3076653,29.2996678],[121.3079481,29.3001358],[121.3081613,29.3007878],[121.3080655,29.3011472],[121.308111,29.301492],[121.308111,29.3016654],[121.3078427,29.3019496],[121.3070927,29.3034353],[121.3070807,29.303849],[121.3071645,29.3040036],[121.3075695,29.3041018],[121.3076608,29.3042122],[121.3068846,29.3043557],[121.3072457,29.304828],[121.3068914,29.3046848],[121.3064673,29.3044236],[121.3062875,29.304292],[121.3062181,29.3041436],[121.3062564,29.3037654],[121.3066709,29.3025869],[121.3071406,29.3020478],[121.3074353,29.3016926],[121.307488,29.3015129],[121.3074808,29.3005036],[121.3073922,29.3003532],[121.3070879,29.300186],[121.3068746,29.3001296],[121.3067117,29.3001442],[121.3060144,29.3004994],[121.3057197,29.300675]]]},"properties":{"osmId":1181992890,"kind":"water","name":null}},{"type":"Feature","geometry":{"type":"Polygon","coordinates":[[[121.5403013,29.3257694],[121.539868,29.3255283],[121.539792,29.3254693],[121.5398492,29.3253699],[121.5399446,29.3253134],[121.5400878,29.3253212],[121.5400849,29.3252235],[121.5402574,29.3250946],[121.5404299,29.3251214],[121.5405378,29.3252866],[121.5403013,29.3257694]]]},"properties":{"osmId":1182057767,"kind":"water","name":null}},{"type":"Feature","geometry":{"type":"LineString","coordinates":[[121.5186659,29.3225073],[121.5188088,29.3224337],[121.5189824,29.3224564],[121.5192267,29.3225917],[121.5194033,29.3226346],[121.5196384,29.3226453],[121.5199902,29.3226279],[121.5204066,29.3225529],[121.5207154,29.3224524],[121.5209166,29.3224216],[121.5213135,29.3223928]]},"properties":{"osmId":1182164098,"kind":"stream","name":null}},{"type":"Feature","geometry":{"type":"LineString","coordinates":[[121.5419747,29.3428552],[121.54217,29.3422793],[121.5424402,29.342179],[121.5425258,29.3420531],[121.5424348,29.3418129],[121.5423546,29.3415191],[121.5424776,29.3412626],[121.5426087,29.3409292],[121.5429136,29.3401154],[121.5431249,29.3397003],[121.5432988,29.3395044],[121.5435931,29.3393296],[121.5438391,29.3391453],[121.5440264,29.3388725],[121.5440692,29.338623],[121.5443099,29.3382919],[121.544762,29.3380424],[121.5449974,29.3380447],[121.5454735,29.3380424],[121.545832,29.338131],[121.5461155,29.3379748],[121.5464927,29.3377649],[121.5468672,29.3375294],[121.5471694,29.3373195],[121.5471881,29.3368741],[121.5476242,29.3366293],[121.5481217,29.3363914],[121.5486085,29.3358434],[121.5493067,29.3354517],[121.5497213,29.3352068],[121.5498149,29.3348057],[121.5497651,29.3344378]]},"properties":{"osmId":1182164107,"kind":"stream","name":null}},{"type":"Feature","geometry":{"type":"LineString","coordinates":[[121.6000413,29.3285915],[121.6000549,29.3283141],[121.6000549,29.3280704],[121.5997646,29.3277896],[121.5996195,29.3274532],[121.5996018,29.3270089],[121.5992975,29.3262036],[121.5987241,29.3253982],[121.5981968,29.3251329],[121.5977473,29.3249847],[121.5973545,29.3249107],[121.5971987,29.3248212],[121.5969085,29.3245435],[121.5971456,29.3241362],[121.5972377,29.323948],[121.5971527,29.3232197],[121.5969333,29.3227383],[121.5962325,29.3223681],[121.5954185,29.3223002],[121.5951708,29.322149],[121.595008,29.32197],[121.5951071,29.3215935],[121.5952805,29.3212479],[121.5952579,29.3190614],[121.595797,29.3187826],[121.59576,29.3183138],[121.5957092,29.3179887],[121.5955952,29.3178289],[121.5954026,29.3176462],[121.59513,29.3175535],[121.5948896,29.317532],[121.5947525,29.3174917],[121.5945292,29.3174729],[121.5943227,29.317352],[121.5940855,29.3172003],[121.5939592,29.3172029],[121.5938067,29.317254],[121.5936126,29.3172903],[121.5932598,29.3173198],[121.5930133,29.317258],[121.5929239,29.317172],[121.5929578,29.3170834],[121.5931257,29.3169961],[121.5931566,29.3169034],[121.5931088,29.3167758],[121.5930025,29.316671],[121.5928099,29.3166871],[121.592679,29.3167301],[121.5925326,29.3168053],[121.5924156,29.3168349],[121.5922615,29.3168161],[121.5921152,29.3167113],[121.5918579,29.3166092],[121.5917485,29.3165421],[121.5917732,29.3164386],[121.5919056,29.3163836],[121.5920813,29.3163634],[121.5921244,29.3162976],[121.5920643,29.3162358],[121.5917624,29.3161337],[121.5914728,29.3160411],[121.590949,29.3158517],[121.5905608,29.3157402],[121.5903004,29.3156891],[121.5902265,29.3155924],[121.5902573,29.3154863],[121.5904206,29.315219],[121.5904483,29.3149933],[121.5903251,29.314855],[121.5901233,29.3146803],[121.590074,29.3146065],[121.59002,29.3144036],[121.5899892,29.3141713],[121.58996,29.3130966],[121.5899553,29.3128938],[121.5898552,29.3128159],[121.5896305,29.3127146],[121.5893301,29.3126582],[121.5888479,29.3126125],[121.5882548,29.3125843],[121.5877356,29.3126031],[121.5875107,29.3125708],[121.5871982,29.3124319]]},"properties":{"osmId":1182166868,"kind":"stream","name":null}},{"type":"Feature","geometry":{"type":"LineString","coordinates":[[121.5856734,29.3276878],[121.5857026,29.3276193],[121.5858274,29.3272688],[121.5857088,29.3269035],[121.5857858,29.3265395],[121.585601,29.3264199],[121.585222,29.3263783],[121.5850448,29.326287],[121.5848815,29.3261057],[121.5848171,29.3259436],[121.5847876,29.3258693],[121.5847552,29.3256786],[121.5848384,29.3252622],[121.5848137,29.3250889],[121.5846905,29.3244442],[121.5847198,29.324181],[121.5850263,29.3241286],[121.5853529,29.324087],[121.5854669,29.3240238],[121.5855532,29.3238774],[121.5855131,29.32368],[121.5849801,29.3233603],[121.5845673,29.3231495],[121.5843839,29.3229654],[121.5843578,29.3226807],[121.5845087,29.3221918],[121.5848446,29.321633],[121.5850895,29.3213308],[121.5855501,29.3210716],[121.5858274,29.3209521],[121.5859599,29.3208419],[121.5858428,29.3207022],[121.5856518,29.3205558],[121.585658,29.3202845],[121.5858105,29.3201166],[121.5860338,29.319989],[121.5863419,29.3199729],[121.5870244,29.3198278],[121.5873079,29.3196331],[121.5876206,29.3194961],[121.5880042,29.319261],[121.5880904,29.3191522],[121.5880843,29.3191092],[121.5880134,29.3190609],[121.5877346,29.319132],[121.5875097,29.3192086],[121.5871215,29.3193147],[121.5868781,29.3192637],[121.586761,29.319214],[121.5866896,29.3191344]]},"properties":{"osmId":1182166884,"kind":"stream","name":null}},{"type":"Feature","geometry":{"type":"Polygon","coordinates":[[[121.585091,29.3274716],[121.5856734,29.3276878],[121.5855748,29.3279766],[121.5854638,29.3282882],[121.5852867,29.3287314],[121.5852574,29.3289006],[121.5854223,29.3290403],[121.5853406,29.3292847],[121.5852251,29.3295493],[121.5851265,29.3297615],[121.5849647,29.3297132],[121.5848415,29.3295856],[121.5848569,29.3293841],[121.5850325,29.3283258],[121.5850217,29.3278665],[121.585091,29.3274716]]]},"properties":{"osmId":1182166885,"kind":"water","name":null}},{"type":"Feature","geometry":{"type":"Polygon","coordinates":[[[121.5820934,29.3278435],[121.5820087,29.3277361],[121.5819732,29.327634],[121.5819686,29.3275857],[121.5821671,29.3275804],[121.5822212,29.327579],[121.5821827,29.3277657],[121.5820934,29.3278435]]]},"properties":{"osmId":1182166887,"kind":"water","name":null}},{"type":"Feature","geometry":{"type":"LineString","coordinates":[[121.5821671,29.3275804],[121.5821735,29.327395],[121.5821458,29.3271975],[121.5820518,29.3268886],[121.5821334,29.3266966],[121.582289,29.3266361],[121.5827851,29.3265824],[121.5831671,29.3265287],[121.5834182,29.326385],[121.5836786,29.3261687],[121.5838095,29.3260854],[121.5843426,29.3260089],[121.5846322,29.3259646],[121.5848171,29.3259436]]},"properties":{"osmId":1182166888,"kind":"stream","name":null}},{"type":"Feature","geometry":{"type":"Polygon","coordinates":[[[121.5917533,29.3251516],[121.5916354,29.3247777],[121.5918407,29.3248627],[121.5919708,29.3248929],[121.5923286,29.3247369],[121.5925928,29.3250541],[121.5923347,29.3250648],[121.5921233,29.3251233],[121.5919159,29.3251002],[121.5917533,29.3251516]]]},"properties":{"osmId":1182166889,"kind":"water","name":null}},{"type":"Feature","geometry":{"type":"Polygon","coordinates":[[[121.6002344,29.3305089],[121.6000681,29.3299828],[121.5999635,29.3297139],[121.5997757,29.3295806],[121.5995316,29.3293187],[121.5994109,29.3291995],[121.599309,29.3292135],[121.5991508,29.328968],[121.5991803,29.3288651],[121.5991213,29.3288113],[121.5988986,29.3288043],[121.5987484,29.3287856],[121.5985124,29.3284114],[121.5985178,29.3282056],[121.5987297,29.3281308],[121.5991347,29.328367],[121.5994136,29.3284629],[121.5997274,29.3285237],[121.5999447,29.3285424],[121.6000413,29.3285915],[121.6001137,29.3287037],[121.6000868,29.3288884],[121.6000413,29.3290147],[121.6000278,29.3291223],[121.599934,29.3290966],[121.599934,29.3291807],[121.6000493,29.3292836],[121.6002129,29.3294146],[121.6003604,29.329756],[121.6003604,29.3301161],[121.6003202,29.3304178],[121.6002344,29.3305089]]]},"properties":{"osmId":1182166891,"kind":"water","name":null}},{"type":"Feature","geometry":{"type":"Polygon","coordinates":[[[121.6008916,29.3208066],[121.6000245,29.3204301],[121.5995644,29.3201246],[121.5992105,29.3197698],[121.5988424,29.3196803],[121.5982974,29.3196432],[121.5981983,29.3196124],[121.5981806,29.3193069],[121.5986335,29.3189537],[121.5988856,29.3186347],[121.5993328,29.3184964],[121.5997211,29.3184238],[121.6002313,29.3184326],[121.6004,29.3185691],[121.6005728,29.3187676],[121.6004427,29.318897],[121.5998694,29.3189519],[121.5996133,29.3189289],[121.5994426,29.319099],[121.5994771,29.319278],[121.5997333,29.3196414],[121.6000463,29.3200933],[121.6002902,29.3203663],[121.6005728,29.3204106],[121.6007638,29.3205275],[121.6010139,29.3206817],[121.6008916,29.3208066]]]},"properties":{"osmId":1182166898,"kind":"water","name":null}},{"type":"Feature","geometry":{"type":"Polygon","coordinates":[[[121.6018351,29.3141925],[121.6020323,29.3139567],[121.6020363,29.3138043],[121.6016542,29.313581],[121.6014428,29.3134197],[121.6013432,29.3131255],[121.6014164,29.3130191],[121.6011196,29.3127532],[121.6007801,29.312911],[121.6007984,29.3131698],[121.6008655,29.3133311],[121.6008817,29.3135278],[121.6008086,29.3136661],[121.6006033,29.3138096],[121.6004528,29.3138965],[121.6005077,29.3139496],[121.6007801,29.3138486],[121.601022,29.3138575],[121.6013859,29.3139213],[121.601581,29.314001],[121.6017375,29.3141056],[121.6018351,29.3141925]]]},"properties":{"osmId":1182166900,"kind":"water","name":null}},{"type":"Feature","geometry":{"type":"LineString","coordinates":[[121.6014164,29.3130191],[121.6016867,29.3129021],[121.6018514,29.3127869],[121.6019306,29.3125831],[121.6020465,29.3124555],[121.6023636,29.3123243],[121.6027478,29.3121701],[121.6028108,29.3119734],[121.6026665,29.3115905],[121.6025831,29.3113636],[121.6025974,29.3112325],[121.6029511,29.3109364],[121.6030934,29.310745],[121.6030974,29.3105784],[121.6028311,29.3104206],[121.6027925,29.3103232],[121.6027824,29.310052],[121.6028637,29.3098056],[121.6029043,29.3096567],[121.6028108,29.309467],[121.6027275,29.3093625],[121.6027925,29.3091179],[121.6028616,29.3088378],[121.6027966,29.3085276],[121.6026157,29.3083539],[121.602512,29.3080401],[121.6025669,29.3078133],[121.6025486,29.3073099],[121.6029511,29.307223],[121.6033637,29.3071007],[121.6035385,29.3069642],[121.6036503,29.3067355],[121.603628,29.3063261],[121.6043313,29.3055107],[121.6044533,29.3038515],[121.604472,29.3033539]]},"properties":{"osmId":1182166901,"kind":"stream","name":null}},{"type":"Feature","geometry":{"type":"LineString","coordinates":[[121.6003061,29.3036818],[121.604472,29.3033539],[121.6068495,29.3031741]]},"properties":{"osmId":1182166907,"kind":"stream","name":null}},{"type":"Feature","geometry":{"type":"LineString","coordinates":[[121.5672366,29.3103042],[121.5676679,29.3098018],[121.5676833,29.3096272],[121.5675262,29.3093021],[121.5673906,29.3090952],[121.5673352,29.3088373],[121.5672489,29.3084692],[121.5674954,29.3083295],[121.5676741,29.3082194],[121.567859,29.3079534],[121.5683119,29.3075128],[121.5694237,29.3061257],[121.5696922,29.3057906],[121.5705864,29.3054617]]},"properties":{"osmId":1182169942,"kind":"stream","name":null}},{"type":"Feature","geometry":{"type":"LineString","coordinates":[[121.5484642,29.304782],[121.549596,29.3040655],[121.5501735,29.3037917],[121.550689,29.3037985],[121.5522161,29.3036497],[121.5531735,29.3033692],[121.5540533,29.3029095],[121.554913,29.3024554],[121.5555564,29.3021985],[121.5560758,29.3018436],[121.5564169,29.3015732],[121.5567851,29.301296],[121.5571107,29.3009918],[121.557444,29.3008837],[121.558037,29.3008397],[121.5588393,29.3008397],[121.5590448,29.3009411],[121.5594634,29.3008465],[121.5611649,29.300451],[121.5618006,29.3003023],[121.5620797,29.3001874],[121.5640874,29.2983215],[121.5650254,29.2975982],[121.5655952,29.2971385],[121.566661,29.2967599],[121.566882,29.2967092],[121.5671572,29.2969931],[121.5677502,29.2978179],[121.5682851,29.2979092],[121.5690486,29.2979294],[121.5702037,29.2978956],[121.5722502,29.2980376],[121.5731417,29.2985379],[121.5748115,29.299714]]},"properties":{"osmId":1182169949,"kind":"river","name":null}},{"type":"Feature","geometry":{"type":"LineString","coordinates":[[121.5314526,29.3141446],[121.5315466,29.3139551],[121.5321517,29.3136195],[121.5327069,29.313494],[121.533077,29.3136144],[121.5335646,29.3136247],[121.5337732,29.3132277],[121.5337908,29.3130663],[121.5340053,29.312951],[121.5345692,29.3128665],[121.5348248,29.3128383],[121.5350275,29.312677],[121.5350598,29.3125336],[121.535048,29.3123466],[121.5351567,29.3121929],[121.5352772,29.3121698],[121.5354564,29.3122211],[121.535568,29.312157],[121.5360497,29.3118036],[121.5363215,29.3114309],[121.5363705,29.3111339],[121.5366399,29.3107612],[121.5373367,29.3103963],[121.5379978,29.3099595],[121.5388527,29.3093306],[121.539082,29.3091384],[121.5392934,29.3088375],[121.5393313,29.3087016],[121.5394381,29.3086085],[121.5395895,29.308558],[121.5397565,29.3085813],[121.5399747,29.3086453],[121.5402485,29.3085929],[121.54046,29.3084512],[121.5407084,29.3081214],[121.5410572,29.3076989],[121.5415146,29.307317],[121.5417743,29.3073305],[121.5421812,29.3074555],[121.5425494,29.3073508],[121.5426076,29.3070567],[121.5426929,29.3066748],[121.5431929,29.3065531],[121.5441541,29.3066613],[121.5447859,29.3065768],[121.5452006,29.3063638],[121.5456153,29.3060732],[121.5460107,29.3058568],[121.5463246,29.305823],[121.5471618,29.3057892],[121.5477936,29.3057622],[121.5481696,29.3057318],[121.5482781,29.3055797],[121.5480533,29.3054851],[121.5480572,29.305262],[121.5484642,29.304782]]},"properties":{"osmId":1182169967,"kind":"stream","name":null}},{"type":"Feature","geometry":{"type":"Polygon","coordinates":[[[121.5458553,29.3023472],[121.5449266,29.3024993],[121.5439895,29.3024085],[121.542968,29.3023962],[121.5428864,29.3020944],[121.5433985,29.3019766],[121.5447043,29.3018858],[121.5451771,29.301984],[121.5455542,29.3019594],[121.5457821,29.3018956],[121.5458553,29.3023472]]]},"properties":{"osmId":1182169970,"kind":"water","name":null}},{"type":"Feature","geometry":{"type":"LineString","coordinates":[[121.5466545,29.30166],[121.547071,29.3016698],[121.5473778,29.3018956],[121.5477605,29.3022784],[121.548419,29.3028061],[121.5491451,29.3031325],[121.5496375,29.3032895],[121.5498176,29.3032822],[121.5500878,29.3032404],[121.5503214,29.3032159],[121.5504818,29.3032993],[121.5503861,29.3034049],[121.5502623,29.3035472],[121.5501735,29.3037917]]},"properties":{"osmId":1182169972,"kind":"stream","name":null}},{"type":"Feature","geometry":{"type":"Polygon","coordinates":[[[121.5528797,29.2948257],[121.5522111,29.29503],[121.5518259,29.2948687],[121.5521156,29.2944388],[121.552322,29.2933801],[121.5521217,29.2929824],[121.5518906,29.2928535],[121.5519954,29.2926734],[121.5520262,29.2924074],[121.5516688,29.2921763],[121.5514593,29.2921172],[121.5514901,29.2918968],[121.5519369,29.2919479],[121.5527102,29.2922838],[121.5530491,29.2925686],[121.5530799,29.2929744],[121.553499,29.2935225],[121.5536191,29.2938772],[121.5534805,29.2942561],[121.5532247,29.294506],[121.5528797,29.2948257]]]},"properties":{"osmId":1182284432,"kind":"water","name":null}},{"type":"Feature","geometry":{"type":"LineString","coordinates":[[121.5548317,29.2922335],[121.5550605,29.2921236],[121.5552753,29.2921256],[121.5554505,29.2922641],[121.5556816,29.2923496],[121.5559595,29.2922783],[121.5562187,29.2922417],[121.5565316,29.2921724],[121.5568795,29.2922987],[121.5571667,29.2923292],[121.5574959,29.29237],[121.5578812,29.2923313],[121.5582239,29.2922816],[121.5581375,29.2920857],[121.5583001,29.2919864],[121.5586833,29.2917408],[121.5590666,29.2912732],[121.5592651,29.2909759],[121.5595149,29.290422],[121.5595967,29.2901023],[121.5601524,29.2898559],[121.560554,29.2898599],[121.5608436,29.2894995],[121.5611728,29.2893997],[121.56139,29.2893142],[121.5615744,29.2892001],[121.5616912,29.2889048],[121.5620554,29.2884588],[121.5623356,29.2883081],[121.5628166,29.2883733],[121.5630992,29.2883163],[121.5632393,29.2882246],[121.563349,29.2878642],[121.5636105,29.2869518],[121.5638229,29.2868053],[121.5661583,29.2837499],[121.5667098,29.2837687]]},"properties":{"osmId":1182284434,"kind":"stream","name":null}},{"type":"Feature","geometry":{"type":"LineString","coordinates":[[121.5633499,29.2916519],[121.5652482,29.2891755],[121.567226,29.2865892],[121.5681733,29.285381]]},"properties":{"osmId":1182284435,"kind":"stream","name":null}},{"type":"Feature","geometry":{"type":"LineString","coordinates":[[121.5653083,29.2920797],[121.5654547,29.2919769],[121.5656661,29.2918173],[121.5685566,29.2881191],[121.5688534,29.2875163],[121.5689713,29.2863055],[121.5681733,29.285381],[121.5667098,29.2837687],[121.5680347,29.2825298]]},"properties":{"osmId":1182284436,"kind":"stream","name":null}},{"type":"Feature","geometry":{"type":"LineString","coordinates":[[121.5680347,29.2825298],[121.565916,29.281546],[121.5648427,29.2789893],[121.5639389,29.2767425],[121.5626725,29.2752402],[121.5614216,29.2744473],[121.5607808,29.2718108],[121.5602154,29.2691061],[121.5605121,29.2688472],[121.5608984,29.2686202],[121.5612968,29.2678613],[121.5619391,29.2671165],[121.5630246,29.2662263],[121.5636303,29.2662263],[121.5640775,29.2661377],[121.5644597,29.265932],[121.565285,29.2646445],[121.5653663,29.2642048],[121.5655574,29.2639955],[121.5666551,29.2636621],[121.5690374,29.2635025],[121.5696066,29.263843],[121.570066,29.2653361],[121.5701879,29.2660313],[121.5702611,29.2664994],[121.5700131,29.2670349],[121.5699643,29.2677159],[121.5699643,29.2684393],[121.5694318,29.2689678]]},"properties":{"osmId":1182284437,"kind":"stream","name":null}},{"type":"Feature","geometry":{"type":"LineString","coordinates":[[121.5680347,29.2825298],[121.5714898,29.2840813],[121.5718638,29.2841487],[121.5720427,29.2841097],[121.5725386,29.2841771],[121.573055,29.2842728],[121.573429,29.2840991],[121.5736648,29.2837835],[121.574425,29.2823154],[121.5747498,29.2816475]]},"properties":{"osmId":1182284442,"kind":"stream","name":null}},{"type":"Feature","geometry":{"type":"LineString","coordinates":[[121.6873808,29.2593381],[121.6868236,29.2592619],[121.6867133,29.259233],[121.6865148,29.2590598],[121.6861177,29.258877],[121.6830843,29.2575586],[121.6828858,29.2574142],[121.6828086,29.2571929],[121.6825769,29.2569812],[121.6816283,29.2562787],[121.6816173,29.2560477],[121.68154,29.255759],[121.681165,29.2554511],[121.6809003,29.2549891],[121.6804811,29.2545946],[121.6800399,29.2544695],[121.6797322,29.2544939],[121.6796097,29.2546331],[121.679334,29.2549795],[121.6789038,29.2551335],[121.6778118,29.2552586],[121.6774367,29.2553067]]},"properties":{"osmId":1182389116,"kind":"stream","name":null}},{"type":"Feature","geometry":{"type":"LineString","coordinates":[[121.6707119,29.2585682],[121.6701057,29.2584653],[121.6697141,29.2584278],[121.6694566,29.2582172],[121.6690007,29.2576416],[121.6686144,29.2568787],[121.6682174,29.2565652],[121.6677937,29.2561252],[121.667327,29.2560223],[121.6668871,29.2556666],[121.6668012,29.255119],[121.6666028,29.2542391],[121.6666457,29.2529286],[121.6665008,29.2519645],[121.6665974,29.2516883],[121.6670212,29.2516135],[121.6677776,29.2516509],[121.668373,29.2516275],[121.6688397,29.2515713],[121.6693011,29.2514777],[121.6696122,29.250991],[121.6700017,29.2501506]]},"properties":{"osmId":1182389117,"kind":"river","name":null}},{"type":"Feature","geometry":{"type":"Polygon","coordinates":[[[121.6689075,29.2874347],[121.6688351,29.2864287],[121.6691059,29.2864674],[121.6694001,29.2864633],[121.6695543,29.2863595],[121.6697294,29.2860967],[121.6698018,29.2857424],[121.6699792,29.2856263],[121.6701147,29.2858218],[121.6702291,29.2861517],[121.6702244,29.2864776],[121.6701543,29.2871252],[121.6701707,29.2874103],[121.6695683,29.2877545],[121.6694655,29.2875345],[121.6694001,29.2874368],[121.6692577,29.2873899],[121.6691013,29.2874185],[121.6689075,29.2874347]]]},"properties":{"osmId":1182390819,"kind":"water","name":null}},{"type":"Feature","geometry":{"type":"Polygon","coordinates":[[[121.6699949,29.2886194],[121.6707594,29.288158],[121.6705116,29.2879635],[121.6702037,29.2878184],[121.6700285,29.2878076],[121.6697896,29.2880885],[121.6699029,29.2885268],[121.6699949,29.2886194]]]},"properties":{"osmId":1182390821,"kind":"water","name":null}},{"type":"Feature","geometry":{"type":"LineString","coordinates":[[121.6687574,29.2874363],[121.6685805,29.2873776],[121.6684336,29.2872804],[121.6683734,29.2871307],[121.6683611,29.2869331],[121.6681876,29.2868776],[121.6679452,29.2867942],[121.6677948,29.286768],[121.6673559,29.28691],[121.6671453,29.2870381],[121.6669188,29.2869686],[121.6663189,29.2869733],[121.6658553,29.2867819],[121.6655067,29.2867772],[121.6647192,29.2867711],[121.663845,29.2869779]]},"properties":{"osmId":1182390824,"kind":"stream","name":null}},{"type":"Feature","geometry":{"type":"Polygon","coordinates":[[[121.6784393,29.3032433],[121.6787708,29.3030682],[121.6790067,29.3028483],[121.679441,29.3025836],[121.6796628,29.3024655],[121.6796861,29.3021824],[121.6796511,29.301824],[121.6795344,29.3011582],[121.6793709,29.301203],[121.676876,29.3026742],[121.6767703,29.3027841],[121.6769492,29.3032166],[121.6771403,29.3033939],[121.677433,29.3032379],[121.6777583,29.3031705],[121.67799,29.3031705],[121.6784393,29.3032433]]]},"properties":{"osmId":1182390828,"kind":"water","name":null}},{"type":"Feature","geometry":{"type":"Polygon","coordinates":[[[121.5265546,29.3577376],[121.5263513,29.3571441],[121.5270729,29.3568323],[121.5273941,29.3567898],[121.5276116,29.3568376],[121.5279064,29.3567473],[121.5280182,29.3565807],[121.5277234,29.3560687],[121.5279104,29.35595],[121.5280257,29.3562603],[121.528071,29.3563823],[121.5282377,29.356524],[121.5284999,29.3564939],[121.528689,29.3566126],[121.5284369,29.3566551],[121.5281828,29.3569404],[121.5280365,29.3571459],[121.5271827,29.3574134],[121.526827,29.3577483],[121.5265546,29.3577376]]]},"properties":{"osmId":1182642470,"kind":"water","name":null}},{"type":"Feature","geometry":{"type":"Polygon","coordinates":[[[121.5017156,29.3442365],[121.5015769,29.3440498],[121.5016771,29.3440324],[121.5017495,29.3436053],[121.5018265,29.3433005],[121.5019066,29.3432374],[121.5018419,29.3438592],[121.5020068,29.3440324],[121.5024319,29.3441103],[121.5024353,29.3441494],[121.5024381,29.3441814],[121.5022317,29.3441694],[121.5018928,29.344168],[121.5017156,29.3442365]]]},"properties":{"osmId":1182650856,"kind":"water","name":null}},{"type":"Feature","geometry":{"type":"LineString","coordinates":[[121.5054775,29.3406148],[121.5031806,29.3409819],[121.5024869,29.341238],[121.5023028,29.3416206],[121.5022391,29.342759],[121.5020445,29.3430582],[121.5019066,29.3432374]]},"properties":{"osmId":1182650858,"kind":"stream","name":null}},{"type":"Feature","geometry":{"type":"LineString","coordinates":[[121.5043868,29.3434042],[121.5032688,29.3439358],[121.5028053,29.3441076],[121.5024353,29.3441494]]},"properties":{"osmId":1182650859,"kind":"stream","name":null}},{"type":"Feature","geometry":{"type":"LineString","coordinates":[[121.5015043,29.3442423],[121.5010754,29.3445169],[121.5008966,29.3448926],[121.5008417,29.3452948],[121.5007175,29.3454305]]},"properties":{"osmId":1182650860,"kind":"stream","name":null}},{"type":"Feature","geometry":{"type":"LineString","coordinates":[[121.5007175,29.3454305],[121.5005774,29.3455836]]},"properties":{"osmId":1182650861,"kind":"stream","name":null}},{"type":"Feature","geometry":{"type":"LineString","coordinates":[[121.4976151,29.3461716],[121.4975568,29.3461241],[121.4971746,29.3462871],[121.4962883,29.3469444],[121.4959042,29.3472368],[121.4944873,29.3482999],[121.4943617,29.3484176]]},"properties":{"osmId":1182650862,"kind":"stream","name":null}},{"type":"Feature","geometry":{"type":"LineString","coordinates":[[121.4850405,29.3495919],[121.4845818,29.3495614],[121.4845359,29.3495839]]},"properties":{"osmId":1182650863,"kind":"stream","name":null}},{"type":"Feature","geometry":{"type":"LineString","coordinates":[[121.4851812,29.3496013],[121.4850405,29.3495919]]},"properties":{"osmId":1182650864,"kind":"stream","name":null}},{"type":"Feature","geometry":{"type":"LineString","coordinates":[[121.4863173,29.3498351],[121.4862446,29.349705],[121.4861816,29.3496678],[121.4851812,29.3496013]]},"properties":{"osmId":1182650865,"kind":"stream","name":null}},{"type":"Feature","geometry":{"type":"LineString","coordinates":[[121.4864698,29.3501066],[121.4863173,29.3498351]]},"properties":{"osmId":1182650866,"kind":"stream","name":null}},{"type":"Feature","geometry":{"type":"LineString","coordinates":[[121.4940816,29.3490553],[121.4940381,29.3491362],[121.4929506,29.3496766],[121.4923042,29.3499388],[121.4916313,29.3501373],[121.4909707,29.3502489],[121.490243,29.3503393],[121.4896962,29.3503729],[121.4887428,29.3503074],[121.4866207,29.3501727],[121.4865007,29.3501639],[121.4864698,29.3501066]]},"properties":{"osmId":1182650867,"kind":"stream","name":null}},{"type":"Feature","geometry":{"type":"LineString","coordinates":[[121.4943617,29.3484176],[121.4940816,29.3490553]]},"properties":{"osmId":1182650868,"kind":"stream","name":null}},{"type":"Feature","geometry":{"type":"LineString","coordinates":[[121.5005774,29.3455836],[121.4994614,29.3457165],[121.4987073,29.3458831],[121.4977153,29.3462534]]},"properties":{"osmId":1182650869,"kind":"stream","name":null}},{"type":"Feature","geometry":{"type":"LineString","coordinates":[[121.4977153,29.3462534],[121.4976151,29.3461716]]},"properties":{"osmId":1182650870,"kind":"stream","name":null}},{"type":"Feature","geometry":{"type":"LineString","coordinates":[[121.4842108,29.350038],[121.484158,29.3501058],[121.4836444,29.3500875],[121.4835902,29.3502147]]},"properties":{"osmId":1182650871,"kind":"stream","name":null}},{"type":"Feature","geometry":{"type":"LineString","coordinates":[[121.4845359,29.3495839],[121.4842108,29.350038]]},"properties":{"osmId":1182650872,"kind":"stream","name":null}},{"type":"Feature","geometry":{"type":"Polygon","coordinates":[[[121.483205,29.3610284],[121.4831192,29.3608262],[121.4832278,29.3606953],[121.4836744,29.3606088],[121.4846131,29.3604919],[121.485159,29.3604265],[121.485053,29.360686],[121.4846789,29.3606848],[121.4837615,29.3608765],[121.4832962,29.3610413],[121.483205,29.3610284]]]},"properties":{"osmId":1182650884,"kind":"water","name":null}},{"type":"Feature","geometry":{"type":"Polygon","coordinates":[[[121.4841164,29.3745656],[121.4841639,29.374621],[121.4841885,29.3746867],[121.4841878,29.3747559],[121.4841618,29.3748212],[121.4841132,29.3748758],[121.4840471,29.3749141],[121.4839705,29.3749319],[121.4838885,29.3749269],[121.483813,29.3748986],[121.4837526,29.3748501],[121.4837139,29.374787],[121.4837013,29.3747162],[121.4837163,29.3746458],[121.4837571,29.3745837],[121.4838192,29.3745368],[121.4838956,29.3745104],[121.4839749,29.3745073],[121.4840511,29.3745263],[121.4841164,29.3745656]]]},"properties":{"osmId":1182650895,"kind":"water","name":null}},{"type":"Feature","geometry":{"type":"LineString","coordinates":[[121.4840302,29.3764202],[121.4843257,29.3768982],[121.4844867,29.3770724],[121.4848247,29.3770539],[121.4850361,29.3770514],[121.4850849,29.3770509],[121.485191,29.3770956],[121.485391,29.377111],[121.4855733,29.3770678],[121.4856226,29.3769942],[121.4855697,29.376761],[121.4855759,29.3766708],[121.4855839,29.3765543],[121.4855697,29.375828],[121.4855818,29.3757191],[121.4856441,29.3751572],[121.4856441,29.3750138],[121.4861379,29.3752262]]},"properties":{"osmId":1182650897,"kind":"stream","name":null}},{"type":"Feature","geometry":{"type":"LineString","coordinates":[[121.4840302,29.3764202],[121.485076,29.375828],[121.4855818,29.3757191]]},"properties":{"osmId":1182650900,"kind":"stream","name":null}},{"type":"Feature","geometry":{"type":"LineString","coordinates":[[121.4850361,29.3770514],[121.4850461,29.3769606],[121.4851467,29.3768437],[121.4853388,29.376725],[121.4855759,29.3766708]]},"properties":{"osmId":1182650901,"kind":"stream","name":null}},{"type":"Feature","geometry":{"type":"Polygon","coordinates":[[[121.4846658,29.3761139],[121.4846135,29.3759889],[121.4852196,29.3756886],[121.485563,29.3755378],[121.4856542,29.3755249],[121.4856555,29.3759679],[121.4854959,29.3760041],[121.4851137,29.3758767],[121.4846658,29.3761139]]]},"properties":{"osmId":1182650902,"kind":"water","name":null}},{"type":"Feature","geometry":{"type":"LineString","coordinates":[[121.4838438,29.3762706],[121.4840302,29.3764202]]},"properties":{"osmId":1182650909,"kind":"stream","name":null}},{"type":"Feature","geometry":{"type":"Polygon","coordinates":[[[121.4984768,29.3769973],[121.4983104,29.3768153],[121.4992023,29.3761168],[121.4992342,29.3762849],[121.4989563,29.3766272],[121.4984768,29.3769973]]]},"properties":{"osmId":1182650917,"kind":"water","name":null}},{"type":"Feature","geometry":{"type":"LineString","coordinates":[[121.4233104,29.2609269],[121.4234587,29.2609363],[121.4238191,29.2609472]]},"properties":{"osmId":1182669909,"kind":"stream","name":null}},{"type":"Feature","geometry":{"type":"LineString","coordinates":[[121.4226259,29.2608767],[121.4230924,29.2609101]]},"properties":{"osmId":1182669910,"kind":"stream","name":null}},{"type":"Feature","geometry":{"type":"LineString","coordinates":[[121.4230924,29.2609101],[121.4233104,29.2609269]]},"properties":{"osmId":1182669911,"kind":"stream","name":null}},{"type":"Feature","geometry":{"type":"LineString","coordinates":[[121.3505062,29.242514],[121.3510433,29.2430335],[121.3515757,29.2434451],[121.3521664,29.243657],[121.3525867,29.243877],[121.3540928,29.2436325],[121.3555312,29.2435347],[121.3556269,29.2435388],[121.3559515,29.2435103],[121.356171,29.2434064],[121.3565376,29.2431823],[121.3573875,29.2431436],[121.358067,29.2433514],[121.3587955,29.2435938],[121.3592251,29.243712],[121.3597412,29.2440645],[121.359966,29.2440686]]},"properties":{"osmId":1182669916,"kind":"stream","name":null}},{"type":"Feature","geometry":{"type":"LineString","coordinates":[[121.359966,29.2440686],[121.3605597,29.2440721]]},"properties":{"osmId":1182669917,"kind":"stream","name":null}},{"type":"Feature","geometry":{"type":"LineString","coordinates":[[121.3555246,29.2706532],[121.3555724,29.2710314],[121.3556431,29.2712429],[121.3558148,29.271422],[121.3558803,29.2721583],[121.3555574,29.2727313],[121.3551538,29.2730039],[121.3550586,29.2732928],[121.3550948,29.2736403],[121.3551484,29.2737795],[121.3552825,29.2738146],[121.3556138,29.2737772],[121.3557157,29.2737959],[121.3557425,29.2739234],[121.3557532,29.2742814],[121.3556446,29.2746885],[121.35538,29.2750362]]},"properties":{"osmId":1182721838,"kind":"stream","name":null}},{"type":"Feature","geometry":{"type":"Polygon","coordinates":[[[121.569561,29.3181107],[121.5699134,29.3177546],[121.5702285,29.3175242],[121.5706789,29.3171705],[121.5713119,29.3169074],[121.5731007,29.3162481],[121.5748715,29.3155451],[121.5754213,29.3151709],[121.5756735,29.3146961],[121.5757968,29.3140694],[121.57588,29.3136671],[121.5755125,29.3125304],[121.575115,29.3117707],[121.574808,29.3113829],[121.5742254,29.3108708],[121.5739172,29.3112444],[121.5744589,29.3117188],[121.5747065,29.3121657],[121.5749796,29.3131308],[121.5751285,29.313817],[121.5750802,29.314238],[121.5749488,29.3146309],[121.5745732,29.3151127],[121.5739456,29.3155102],[121.5724838,29.3160622],[121.5711347,29.3165206],[121.5700484,29.3170514],[121.5695253,29.3174818],[121.5692154,29.3178023],[121.569561,29.3181107]]]},"properties":{"osmId":1182818424,"kind":"water","name":null}},{"type":"Feature","geometry":{"type":"LineString","coordinates":[[121.6072739,29.2831976],[121.607592,29.2840002],[121.6079985,29.2847626],[121.6090939,29.286565],[121.6091981,29.2867457]]},"properties":{"osmId":1183398730,"kind":"stream","name":null}},{"type":"Feature","geometry":{"type":"LineString","coordinates":[[121.6122161,29.2952904],[121.6125364,29.2952572]]},"properties":{"osmId":1183398731,"kind":"stream","name":null}},{"type":"Feature","geometry":{"type":"Polygon","coordinates":[[[121.6066523,29.2607639],[121.6066828,29.2608115],[121.6066936,29.2608652],[121.6066835,29.260919],[121.6066536,29.2609669],[121.6066072,29.2610034],[121.6065496,29.2610246],[121.6064872,29.2610279],[121.606427,29.2610131],[121.6063776,29.2609832],[121.6063416,29.2609411],[121.6063228,29.2608912],[121.6063232,29.2608387],[121.6063428,29.260789],[121.6063795,29.2607474],[121.6064295,29.2607181],[121.6064875,29.2607043],[121.6065476,29.2607072],[121.6066055,29.2607278],[121.6066523,29.2607639]]]},"properties":{"osmId":1183406293,"kind":"water","name":null}},{"type":"Feature","geometry":{"type":"Polygon","coordinates":[[[121.6068117,29.2603861],[121.6068589,29.2604086],[121.6068954,29.2604432],[121.6069172,29.2604861],[121.6069219,29.2605329],[121.6069091,29.2605786],[121.6068802,29.2606182],[121.6068382,29.2606475],[121.6067875,29.2606635],[121.6067337,29.2606644],[121.6066813,29.2606497],[121.6066373,29.2606207],[121.6066068,29.2605807],[121.6065931,29.2605342],[121.6065976,29.2604863],[121.6066201,29.2604424],[121.6066578,29.2604073],[121.6067054,29.2603855],[121.6067586,29.2603781],[121.6068117,29.2603861]]]},"properties":{"osmId":1183406294,"kind":"water","name":null}},{"type":"Feature","geometry":{"type":"Polygon","coordinates":[[[121.6106033,29.2633438],[121.6103224,29.2632033],[121.610617,29.2627748],[121.6108872,29.262924],[121.6106033,29.2633438]]]},"properties":{"osmId":1183406295,"kind":"water","name":null}},{"type":"Feature","geometry":{"type":"Polygon","coordinates":[[[121.6102246,29.2633492],[121.6102367,29.2633141],[121.6102613,29.2632844],[121.6102957,29.2632633],[121.610336,29.263253],[121.610378,29.2632548],[121.610417,29.2632685],[121.6104487,29.2632923],[121.6104697,29.2633237],[121.610478,29.2633595],[121.6104726,29.2633956],[121.610454,29.2634283],[121.6104244,29.2634539],[121.6103868,29.2634698],[121.6103453,29.2634742],[121.6103045,29.2634667],[121.6102686,29.263448],[121.6102414,29.26342],[121.6102262,29.2633859],[121.6102246,29.2633492]]]},"properties":{"osmId":1183406296,"kind":"water","name":null}},{"type":"Feature","geometry":{"type":"Polygon","coordinates":[[[121.6408847,29.1831848],[121.6406943,29.1831776],[121.6402078,29.1830528],[121.6394294,29.1821184],[121.6394522,29.182001],[121.6396882,29.1816485],[121.6410648,29.1826878],[121.6410959,29.1828052],[121.6410752,29.1829697],[121.6408847,29.1831848]]]},"properties":{"osmId":1183406322,"kind":"water","name":null}},{"type":"Feature","geometry":{"type":"Polygon","coordinates":[[[121.6266295,29.2821401],[121.6266141,29.2819063],[121.6270084,29.2818928],[121.627791,29.2818875],[121.6280098,29.2817961],[121.6280159,29.2816349],[121.6279451,29.2815059],[121.6276031,29.2813984],[121.6269715,29.2812076],[121.6265432,29.2808421],[121.6264508,29.2806244],[121.6265185,29.2805357],[121.6268421,29.2805196],[121.6271656,29.2808797],[121.6273628,29.2810087],[121.6281977,29.2811404],[121.6285983,29.2813634],[121.6287708,29.2812748],[121.6287708,29.2810033],[121.6287431,29.2807426],[121.6288263,29.2806486],[121.6289002,29.2805653],[121.629005,29.2805438],[121.6291405,29.2805142],[121.6291775,29.2806459],[121.6293531,29.2807588],[121.6300032,29.2810114],[121.6306163,29.280955],[121.6311494,29.2810651],[121.6312387,29.281135],[121.6310578,29.2816056],[121.6304016,29.2822733],[121.6295004,29.2826336],[121.6293932,29.2825996],[121.629159,29.2823658],[121.6289649,29.2822126],[121.6285983,29.282089],[121.6282932,29.2820514],[121.6280005,29.2821078],[121.6277602,29.2821804],[121.6275014,29.2822153],[121.6272796,29.282124],[121.6271101,29.2820837],[121.6269899,29.282124],[121.6268051,29.2820541],[121.6267558,29.282046],[121.6266295,29.2821401]]]},"properties":{"osmId":1183582936,"kind":"water","name":null}},{"type":"Feature","geometry":{"type":"Polygon","coordinates":[[[121.602757,29.268996],[121.6025276,29.2691785],[121.6022527,29.2691446],[121.6016814,29.2690393],[121.6014105,29.2690779],[121.6012643,29.2691446],[121.6008392,29.2690522],[121.6007413,29.2692171],[121.6005414,29.2692592],[121.6004043,29.2688535],[121.6001148,29.2687557],[121.6005257,29.2667717],[121.6006565,29.2667392],[121.6006285,29.2666108],[121.6006752,29.2664621],[121.6008153,29.2664581],[121.600862,29.2667697],[121.6010207,29.266896],[121.6010278,29.2670895],[121.6015181,29.2675519],[121.6027206,29.2679267],[121.6028631,29.2683463],[121.602821,29.2686702],[121.602757,29.268996]]]},"properties":{"osmId":1183585564,"kind":"water","name":null}},{"type":"Feature","geometry":{"type":"LineString","coordinates":[[121.606122,29.2969987],[121.6056659,29.2967322],[121.6055849,29.2964625],[121.6054745,29.2962571],[121.6052021,29.296225],[121.6048488,29.2963983],[121.6044807,29.2965075],[121.6041715,29.2964368],[121.6038623,29.2961351],[121.603693,29.2957242],[121.603428,29.295538],[121.602817,29.2953262],[121.6025961,29.2950694],[121.6025814,29.2942668],[121.6025372,29.2930727],[121.6027728,29.2927067],[121.6031409,29.292527],[121.6035089,29.2926168],[121.6040537,29.2927838],[121.6044512,29.2928351],[121.6048561,29.2925591],[121.604915,29.2922958],[121.6048046,29.2920454],[121.6043187,29.2913007],[121.6036427,29.2894489],[121.6033777,29.2887298],[121.6030243,29.2874714],[121.6026268,29.2868422],[121.6017729,29.2860974],[121.60124,29.28582]]},"properties":{"osmId":1183588186,"kind":"river","name":null}},{"type":"Feature","geometry":{"type":"Polygon","coordinates":[[[121.6067578,29.3012686],[121.606757,29.3012948],[121.6067461,29.3013193],[121.6067264,29.3013391],[121.6067002,29.301352],[121.6066705,29.3013565],[121.6066408,29.3013519],[121.6066163,29.3013401],[121.6065973,29.3013222],[121.6065856,29.3013],[121.6065826,29.3012756],[121.6065885,29.3012517],[121.6066027,29.3012307],[121.6066237,29.3012145],[121.6066495,29.301205],[121.6066775,29.301203],[121.6067047,29.3012087],[121.6067301,29.3012229],[121.6067485,29.3012436],[121.6067578,29.3012686]]]},"properties":{"osmId":1183588187,"kind":"water","name":null}},{"type":"Feature","geometry":{"type":"LineString","coordinates":[[121.4060898,29.4885408],[121.4064336,29.4886313],[121.4077601,29.488909],[121.4080469,29.488905],[121.4088522,29.4890354],[121.4091891,29.4887468],[121.4093275,29.4887492],[121.4097061,29.488903],[121.4097016,29.4891826],[121.4099265,29.4892905],[121.4123086,29.4893684],[121.4125565,29.4893334],[121.4129282,29.4893504],[121.4133459,29.4893564],[121.4136626,29.4894702],[121.4140735,29.4895823]]},"properties":{"osmId":1183929041,"kind":"stream","name":null}},{"type":"Feature","geometry":{"type":"LineString","coordinates":[[121.3958143,29.4870989],[121.3961204,29.4870053],[121.3969971,29.4871451],[121.3976465,29.4874188],[121.3978645,29.4876085],[121.3980252,29.4877504],[121.3982547,29.4877484],[121.398413,29.4875546],[121.3987022,29.4875566],[121.3988835,29.4876445],[121.3991634,29.4878283],[121.3996362,29.4878982],[121.4001365,29.4879941],[121.4001607,29.487996]]},"properties":{"osmId":1183929042,"kind":"stream","name":null}},{"type":"Feature","geometry":{"type":"LineString","coordinates":[[121.4001607,29.487996],[121.4002849,29.4880059]]},"properties":{"osmId":1183929043,"kind":"stream","name":null}},{"type":"Feature","geometry":{"type":"LineString","coordinates":[[121.4002849,29.4880059],[121.400451,29.4880192]]},"properties":{"osmId":1183929044,"kind":"stream","name":null}},{"type":"Feature","geometry":{"type":"LineString","coordinates":[[121.400451,29.4880192],[121.4005446,29.4880266]]},"properties":{"osmId":1183929045,"kind":"stream","name":null}},{"type":"Feature","geometry":{"type":"LineString","coordinates":[[121.4005446,29.4880266],[121.400763,29.488044],[121.4013459,29.488074],[121.4016052,29.4882138],[121.402172,29.4884815],[121.4024543,29.4885554],[121.4027067,29.4885215],[121.4028284,29.4882318],[121.4029087,29.488054],[121.4031336,29.4880001],[121.4039207,29.4881319],[121.4046115,29.4881799],[121.4053413,29.4883437],[121.4059702,29.4885093]]},"properties":{"osmId":1183929050,"kind":"stream","name":null}},{"type":"Feature","geometry":{"type":"LineString","coordinates":[[121.4059702,29.4885093],[121.4060898,29.4885408]]},"properties":{"osmId":1183929051,"kind":"stream","name":null}},{"type":"Feature","geometry":{"type":"LineString","coordinates":[[121.4141944,29.4896153],[121.4144688,29.4896901]]},"properties":{"osmId":1183929054,"kind":"stream","name":null}},{"type":"Feature","geometry":{"type":"LineString","coordinates":[[121.4140735,29.4895823],[121.4141944,29.4896153]]},"properties":{"osmId":1183929055,"kind":"stream","name":null}},{"type":"Feature","geometry":{"type":"Polygon","coordinates":[[[121.4233726,29.5045713],[121.4235443,29.5047284],[121.4236735,29.5049086],[121.4238274,29.5051304],[121.4237673,29.5052998],[121.423792,29.5054338],[121.423923,29.505483],[121.4242804,29.5053537],[121.4244255,29.5053721],[121.4246963,29.504981],[121.4249037,29.5047668],[121.4245727,29.5044519],[121.4240951,29.5044733],[121.4238055,29.504358],[121.4235485,29.5042871],[121.4233762,29.5043357],[121.4233249,29.5044204],[121.4233726,29.5045713]]]},"properties":{"osmId":1183933019,"kind":"water","name":null}},{"type":"Feature","geometry":{"type":"Polygon","coordinates":[[[121.4268405,29.5068924],[121.4269413,29.5066799],[121.4270794,29.5066722],[121.4272369,29.5067707],[121.4274545,29.5066953],[121.4277518,29.5067446],[121.4280266,29.5069027],[121.4283069,29.5070556],[121.4285103,29.5072433],[121.4287251,29.5074699],[121.428895,29.5074207],[121.4290525,29.5074207],[121.429279,29.5074607],[121.4294747,29.5075302],[121.4297635,29.5075196],[121.4299883,29.5075001],[121.4301564,29.5074711],[121.4302916,29.5074135],[121.4304465,29.5073305],[121.4305619,29.5072204],[121.4306716,29.507185],[121.4308787,29.5072928],[121.431475,29.5080043],[121.4311671,29.5082538],[121.430907,29.508702],[121.4306628,29.5087574],[121.4304947,29.5086573],[121.4302983,29.5085064],[121.4301213,29.5083616],[121.4299797,29.5082846],[121.4295479,29.5082338],[121.4290489,29.508106],[121.4288773,29.5081399],[121.4286614,29.5080952],[121.4285623,29.508029],[121.4283322,29.5078873],[121.4281217,29.5077502],[121.4280597,29.5076085],[121.4279836,29.5074792],[121.4279412,29.5073267],[121.4278598,29.5072174],[121.4276881,29.5071742],[121.4274651,29.5070772],[121.4273607,29.5070664],[121.4272227,29.5069355],[121.4270245,29.5068539],[121.4268405,29.5068924]]]},"properties":{"osmId":1183933021,"kind":"water","name":"上游水库"}},{"type":"Feature","geometry":{"type":"Polygon","coordinates":[[[121.4312687,29.5093879],[121.4311165,29.5091661],[121.4310793,29.5088627],[121.4311908,29.5086379],[121.4313819,29.5083884],[121.4315854,29.5081943],[121.4318367,29.5081558],[121.4321641,29.5084592],[121.4321946,29.5085036],[121.4323393,29.5087149],[121.4323959,29.5089413],[121.4323375,29.5090645],[121.4320349,29.5092077],[121.4319818,29.5093771],[121.4316739,29.509277],[121.4315253,29.5093293],[121.4312687,29.5093879]]]},"properties":{"osmId":1183933023,"kind":"water","name":null}},{"type":"Feature","geometry":{"type":"Polygon","coordinates":[[[121.4257277,29.4997213],[121.425653,29.4995019],[121.4257464,29.4992234],[121.425681,29.4991096],[121.4258094,29.4990222],[121.4260266,29.4989816],[121.426085,29.4988475],[121.4260383,29.4987194],[121.4260359,29.4986442],[121.42612,29.498565],[121.4264469,29.4984938],[121.4269606,29.4984938],[121.4271544,29.4986239],[121.4272805,29.4988901],[121.4272968,29.4989958],[121.4272851,29.4991828],[121.4272221,29.4993332],[121.42704,29.4993454],[121.4268205,29.4992316],[121.4263605,29.4993474],[121.4261807,29.4994937],[121.4260056,29.4996014],[121.4259122,29.4998494],[121.4257277,29.5000323],[121.4256553,29.500016],[121.4256577,29.4999368],[121.4257277,29.4997213]]]},"properties":{"osmId":1183933024,"kind":"water","name":"水口水库"}},{"type":"Feature","geometry":{"type":"LineString","coordinates":[[121.4406256,29.485962],[121.4414195,29.4852892],[121.4420243,29.4846937],[121.4427038,29.4839579],[121.4436265,29.4827622]]},"properties":{"osmId":1183933031,"kind":"stream","name":null}},{"type":"Feature","geometry":{"type":"LineString","coordinates":[[121.4436901,29.4826798],[121.4439055,29.4824007]]},"properties":{"osmId":1183933032,"kind":"stream","name":null}},{"type":"Feature","geometry":{"type":"LineString","coordinates":[[121.4436265,29.4827622],[121.4436901,29.4826798]]},"properties":{"osmId":1183933033,"kind":"stream","name":null}},{"type":"Feature","geometry":{"type":"Polygon","coordinates":[[[121.4422671,29.483903],[121.4415409,29.4831956],[121.4422928,29.4820391],[121.4427411,29.4816244],[121.4430283,29.482468],[121.4428952,29.4826692],[121.442963,29.4828318],[121.4429676,29.4831692],[121.4427295,29.4836103],[121.4424282,29.4838928],[121.4422671,29.483903]]]},"properties":{"osmId":1183933034,"kind":"water","name":null}},{"type":"Feature","geometry":{"type":"LineString","coordinates":[[121.4311758,29.5067929],[121.4314326,29.506864],[121.4319627,29.5064169],[121.4323153,29.5061223],[121.4331815,29.5047526],[121.436168,29.5025009],[121.4367844,29.5008974],[121.4372001,29.4998488],[121.4374172,29.4969893],[121.4374966,29.4968166],[121.4376297,29.4967089],[121.4406022,29.4952537]]},"properties":{"osmId":1183944055,"kind":"stream","name":null}},{"type":"Feature","geometry":{"type":"Polygon","coordinates":[[[121.4115585,29.5186151],[121.4114559,29.5179854],[121.4112282,29.5179385],[121.4111387,29.5178916],[121.4110015,29.5178182],[121.4109538,29.5177616],[121.4109212,29.5176741],[121.4109009,29.5174927],[121.4108857,29.5173539],[121.4108267,29.5173026],[121.4107027,29.5173088],[121.4107271,29.5174866],[121.4107535,29.5176511],[121.4107485,29.5178067],[121.4107861,29.5179014],[121.4106844,29.5179597],[121.4105448,29.5180214],[121.4104944,29.5181216],[121.4105625,29.5181932],[121.4106295,29.5182428],[121.4106692,29.5183427],[121.4106438,29.5184948],[121.4106102,29.5185355],[121.4104923,29.5186045],[121.4103887,29.518677],[121.4103511,29.5188291],[121.410347,29.5188663],[121.4102626,29.5189609],[121.4101041,29.5190821],[121.409976,29.5191077],[121.409729,29.5192572],[121.4095918,29.5193165],[121.4094567,29.5193465],[121.4091578,29.5194429],[121.4089861,29.51945],[121.4088509,29.5194615],[121.4087381,29.5196198],[121.4086303,29.5197596],[121.4086303,29.5198551],[121.4086954,29.5199506],[121.4087828,29.5199152],[121.4088468,29.5198038],[121.4089718,29.519756],[121.4091558,29.5197321],[121.4093713,29.5197374],[121.4095085,29.5197321],[121.4097118,29.5196977],[121.4099222,29.5196419],[121.4100329,29.5195853],[121.4101315,29.5195809],[121.4101752,29.5196464],[121.4102037,29.5197286],[121.4102535,29.5198117],[121.4102901,29.5198975],[121.4102901,29.519955],[121.4103277,29.5200116],[121.4104039,29.5200196],[121.4104974,29.5200275],[121.4105808,29.5200116],[121.4105757,29.519902],[121.4104761,29.5198241],[121.4104314,29.519787],[121.4104425,29.5197313],[121.4104578,29.5196623],[121.4104608,29.5196021],[121.410408,29.5195668],[121.4103917,29.5195084],[121.4104832,29.5194898],[121.4105838,29.5193916],[121.4106793,29.5193094],[121.4107322,29.5192395],[121.4107739,29.5191856],[121.4107993,29.5191723],[121.4108094,29.5191192],[121.4108765,29.519083],[121.4109385,29.5190671],[121.4109934,29.5190909],[121.4110005,29.5191166],[121.4110147,29.5190423],[121.4109822,29.5189715],[121.4110147,29.5189238],[121.4111083,29.5188981],[121.4111967,29.5188521],[121.4113054,29.5187902],[121.411467,29.5186752],[121.4115585,29.5186151]]]},"properties":{"osmId":1184116690,"kind":"water","name":null}},{"type":"Feature","geometry":{"type":"Polygon","coordinates":[[[121.4102565,29.508517],[121.4101167,29.5084539],[121.4100193,29.508343],[121.409922,29.5082398],[121.4098742,29.5081936],[121.4096937,29.5082121],[121.4094743,29.5082198],[121.4093982,29.5082013],[121.4093327,29.5081166],[121.4092053,29.5080134],[121.4091044,29.5078994],[121.4090053,29.507864],[121.4089151,29.5078086],[121.4088319,29.5077162],[121.4087063,29.5076145],[121.4086426,29.5075098],[121.4086355,29.5074236],[121.4087505,29.5073635],[121.4094177,29.506903],[121.4094761,29.5071048],[121.4095875,29.5072033],[121.4096523,29.5072541],[121.4097645,29.5073419],[121.4099043,29.5074159],[121.4099839,29.5074713],[121.4101697,29.5075268],[121.4102582,29.5075406],[121.4103432,29.5075791],[121.4103644,29.5076669],[121.4103308,29.5077285],[121.4102246,29.5078086],[121.410152,29.5078933],[121.4102281,29.5080519],[121.4102848,29.5080997],[121.4104139,29.5081058],[121.4104546,29.5081628],[121.410467,29.508246],[121.4104564,29.5083168],[121.4104157,29.5083876],[121.4103679,29.5084646],[121.4102565,29.508517]]]},"properties":{"osmId":1184117710,"kind":"water","name":"箬帽岭水库"}},{"type":"Feature","geometry":{"type":"Polygon","coordinates":[[[121.3610642,29.47607],[121.3610952,29.475899],[121.3611242,29.4756595],[121.3612876,29.4755605],[121.3613745,29.4755371],[121.3614675,29.4756235],[121.3614613,29.4757909],[121.3614655,29.4759998],[121.3614655,29.4760988],[121.3612214,29.4762447],[121.360996,29.4764175],[121.3607064,29.476594],[121.3603527,29.4767416],[121.3599225,29.4769811],[121.359815,29.4770963],[121.3598274,29.4772314],[121.3600342,29.477478],[121.3602348,29.4775429],[121.3603465,29.4775771],[121.3604417,29.4776635],[121.3607126,29.4776689],[121.3608595,29.4776239],[121.3609711,29.4774438],[121.361118,29.4776671],[121.3612152,29.4776869],[121.3612855,29.4776095],[121.3614075,29.4774942],[121.3616123,29.4775177],[121.3615606,29.4777229],[121.3616888,29.477966],[121.361935,29.4781586],[121.3621852,29.4782919],[121.3624562,29.4783621],[121.3623796,29.4784539],[121.3621025,29.4784251],[121.361815,29.4783855],[121.3616206,29.4783855],[121.3613993,29.4785205],[121.3612483,29.4786106],[121.3611449,29.4786304],[121.3611325,29.4783909],[121.3611407,29.4782145],[121.3610187,29.4781838],[121.3607147,29.4782289],[121.3606175,29.4782955],[121.3605637,29.4784719],[121.3605451,29.4787654],[121.3603858,29.4790103],[121.3602514,29.4788788],[121.3601811,29.4788014],[121.3601397,29.4786664],[121.3601604,29.4784827],[121.3601645,29.4782901],[121.3601583,29.4781964],[121.3600797,29.4781748],[121.3599701,29.4782235],[121.359937,29.4784017],[121.3599163,29.4786772],[121.3599349,29.4788392],[121.3600301,29.4789761],[121.3599825,29.4791345],[121.3599267,29.4795],[121.359724,29.4799195],[121.359544,29.4804813],[121.359573,29.4806757],[121.3597364,29.4812537],[121.3595978,29.4811763],[121.3594303,29.4808288],[121.3593538,29.4808252],[121.3592607,29.4808882],[121.35918,29.4811294],[121.3590725,29.4810322],[121.3590911,29.4807045],[121.3591573,29.4804975],[121.3591159,29.4801842],[121.3590621,29.4799933],[121.359149,29.4798727],[121.3592359,29.4796621],[121.3592503,29.4794658],[121.3592503,29.4791615],[121.3591904,29.4790265],[121.3589691,29.4788032],[121.3588139,29.4786934],[121.3587498,29.4785854],[121.3587622,29.4784755],[121.3588657,29.4781352],[121.3589318,29.4777553],[121.3588822,29.4775591],[121.3587622,29.4774924],[121.3583817,29.4767956],[121.3584623,29.4766102],[121.358603,29.476531],[121.3587995,29.476531],[121.3592421,29.4766084],[121.3594779,29.4766624],[121.3596164,29.47663],[121.3596743,29.4764319],[121.3599143,29.4764337],[121.3601314,29.4764139],[121.3602204,29.4763419],[121.3601769,29.4761853],[121.36027,29.4760844],[121.3605906,29.476016],[121.3607519,29.4759818],[121.3608719,29.476043],[121.3609877,29.476106],[121.3610642,29.47607]]]},"properties":{"osmId":1184369195,"kind":"water","name":"红泉水库"}},{"type":"Feature","geometry":{"type":"Polygon","coordinates":[[[121.385966,29.2519432],[121.3859436,29.2518954],[121.3862373,29.2517943],[121.3862932,29.2517517],[121.3862881,29.2516746],[121.3866286,29.2517029],[121.3866642,29.2518076],[121.3866855,29.2519069],[121.3866124,29.2518812],[121.3864558,29.2518652],[121.386343,29.2518652],[121.3862709,29.2519016],[121.3860493,29.2519291],[121.385966,29.2519432]]]},"properties":{"osmId":1184808934,"kind":"water","name":null}},{"type":"Feature","geometry":{"type":"Polygon","coordinates":[[[121.374388,29.2573314],[121.3743438,29.2572635],[121.374376,29.2570728],[121.3745329,29.2570564],[121.375009,29.2572413],[121.3751149,29.2573442],[121.3750251,29.2573945],[121.3748413,29.2573969],[121.3745557,29.2573875],[121.374388,29.2573314]]]},"properties":{"osmId":1184808936,"kind":"water","name":null}},{"type":"Feature","geometry":{"type":"Polygon","coordinates":[[[121.3713027,29.2532625],[121.3713362,29.2531455],[121.3714998,29.2530355],[121.3716755,29.2532052],[121.371756,29.2534462],[121.3716943,29.2536732],[121.371587,29.2537364],[121.3715696,29.2536931],[121.3716192,29.2535351],[121.3715669,29.2534287],[121.3714475,29.2533503],[121.3713027,29.2532625]]]},"properties":{"osmId":1184808939,"kind":"water","name":null}},{"type":"Feature","geometry":{"type":"Polygon","coordinates":[[[121.4448867,29.2730405],[121.4447943,29.27301],[121.444593,29.2726499],[121.4446793,29.2725173],[121.4448518,29.272442],[121.4451928,29.2724116],[121.4453386,29.2724259],[121.4455748,29.2724707],[121.4458295,29.2723256],[121.4462855,29.2721339],[121.44638,29.2722145],[121.4462383,29.2725137],[121.4461048,29.272743],[121.445887,29.2728541],[121.4457556,29.2730279],[121.4456406,29.2730351],[121.4454393,29.2729885],[121.4452606,29.2730423],[121.4450839,29.2730494],[121.4448867,29.2730405]]]},"properties":{"osmId":1185622328,"kind":"water","name":null}},{"type":"Feature","geometry":{"type":"Polygon","coordinates":[[[121.4014413,29.3273179],[121.4013925,29.3272375],[121.4014006,29.3271501],[121.40136,29.327091],[121.4014087,29.3270768],[121.4015849,29.327091],[121.4017678,29.3270132],[121.4018072,29.3269965],[121.4022273,29.3271336],[121.4020375,29.3273179],[121.4019427,29.3274171],[121.4019264,29.3274691],[121.4018803,29.3274337],[121.4018803,29.327332],[121.4017177,29.3272824],[121.4016445,29.3272824],[121.4015876,29.3273226],[121.4015388,29.3273391],[121.4014413,29.3273179]]]},"properties":{"osmId":1186683823,"kind":"water","name":null}},{"type":"Feature","geometry":{"type":"LineString","coordinates":[[121.4109379,29.3212417],[121.4110073,29.3212258],[121.4122134,29.3211408],[121.4125034,29.3212235],[121.413162,29.3214149],[121.4137637,29.3215732],[121.4142407,29.3216417],[121.4150647,29.3215874],[121.4171191,29.3215448],[121.4176395,29.3216441],[121.4178996,29.3217103],[121.4180081,29.3218119],[121.418084,29.3219726],[121.4182222,29.3222443],[121.4188266,29.3234849],[121.4189431,29.3236338],[121.4190515,29.3237],[121.4193036,29.3237023],[121.4203633,29.323355],[121.4223527,29.3226295]]},"properties":{"osmId":1186683824,"kind":"stream","name":null}},{"type":"Feature","geometry":{"type":"LineString","coordinates":[[121.4017678,29.3270132],[121.4018719,29.3268709],[121.4019884,29.3268639],[121.4020534,29.3267812],[121.4022052,29.3265236],[121.4023136,29.3264527],[121.4024302,29.3263771],[121.4024979,29.3262967],[121.4025359,29.3260534],[121.4026524,29.3259258],[121.4030725,29.32555],[121.4034764,29.3254319],[121.4039398,29.325257],[121.4040699,29.3251294],[121.4041539,29.3248388],[121.4042109,29.3245907],[121.404322,29.3245316],[121.4045659,29.3244654],[121.4049697,29.3244678],[121.4052733,29.3243827],[121.4061704,29.3240732],[121.406436,29.3239196],[121.4067098,29.3234824],[121.4069076,29.3231988],[121.407054,29.3230169],[121.4071868,29.3227853],[121.4072139,29.3225136],[121.4078887,29.3224852],[121.4079995,29.3224415]]},"properties":{"osmId":1186683825,"kind":"stream","name":null}},{"type":"Feature","geometry":{"type":"LineString","coordinates":[[121.4079995,29.3224415],[121.4080845,29.322408]]},"properties":{"osmId":1186683826,"kind":"stream","name":null}},{"type":"Feature","geometry":{"type":"LineString","coordinates":[[121.4080845,29.322408],[121.4082004,29.3223623],[121.4083684,29.3222093]]},"properties":{"osmId":1186683827,"kind":"stream","name":null}},{"type":"Feature","geometry":{"type":"LineString","coordinates":[[121.4083684,29.3222093],[121.4086272,29.3219742]]},"properties":{"osmId":1186683828,"kind":"stream","name":null}},{"type":"Feature","geometry":{"type":"LineString","coordinates":[[121.4086272,29.3219742],[121.4109379,29.3212417]]},"properties":{"osmId":1186683829,"kind":"stream","name":null}},{"type":"Feature","geometry":{"type":"LineString","coordinates":[[121.3982016,29.2882668],[121.3986721,29.2881388],[121.3996831,29.2878972],[121.4007843,29.2874956],[121.401515,29.2871929],[121.4021223,29.2868757],[121.4024326,29.2867418],[121.4025094,29.2865847],[121.4027465,29.2861215]]},"properties":{"osmId":1186683851,"kind":"stream","name":null}},{"type":"Feature","geometry":{"type":"LineString","coordinates":[[121.3726737,29.2828958],[121.3726252,29.2829841],[121.3726693,29.2831012],[121.3729136,29.2832184],[121.3731888,29.2833988],[121.3734728,29.2834929],[121.3736819,29.2835045],[121.3745801,29.2835294],[121.3747342,29.2834891],[121.3748443,29.2834526],[121.3749632,29.2834373],[121.3751063,29.2835025],[121.3753749,29.2838117],[121.3757227,29.2840075],[121.3758856,29.2841592],[121.3761168,29.2844204],[121.3762819,29.2845836],[121.3764822,29.2846431],[121.3766781,29.2846988],[121.3769225,29.2846834],[121.3773782,29.284574],[121.377726,29.2844357],[121.3779264,29.2843724],[121.3781575,29.2843628],[121.3784107,29.2843896],[121.3785692,29.28438],[121.3790535,29.2842418],[121.3793331,29.2841746],[121.3795598,29.2841688],[121.3796391,29.284213],[121.3796699,29.2842725],[121.3797866,29.2844338],[121.379857,29.2845125],[121.3799583,29.2845797],[121.3801322,29.2846104],[121.3806673,29.2847166]]},"properties":{"osmId":1186692599,"kind":"river","name":null}},{"type":"Feature","geometry":{"type":"Polygon","coordinates":[[[121.3619434,29.2739554],[121.3617365,29.2738133],[121.3616308,29.2737692],[121.361633,29.2735138],[121.3617365,29.2734274],[121.3618201,29.2734619],[121.3622406,29.2736348],[121.3622384,29.2737173],[121.3620953,29.2738287],[121.3619434,29.2739554]]]},"properties":{"osmId":1186692605,"kind":"water","name":null}},{"type":"Feature","geometry":{"type":"Polygon","coordinates":[[[121.391614,29.2724774],[121.3914877,29.2722925],[121.3915124,29.2722393],[121.3915981,29.2720948],[121.3916925,29.2720771],[121.3917665,29.2721594],[121.391951,29.2721696],[121.392044,29.2721975],[121.3921137,29.2722532],[121.3920788,29.2722963],[121.3919321,29.272385],[121.3918058,29.2724382],[121.3917172,29.2724698],[121.391614,29.2724774]]]},"properties":{"osmId":1186692612,"kind":"water","name":null}},{"type":"Feature","geometry":{"type":"Polygon","coordinates":[[[121.4564624,29.2986176],[121.4568453,29.2983841],[121.4568889,29.2980583],[121.4569076,29.2978492],[121.4568142,29.2977271],[121.4566772,29.2975995],[121.456755,29.2973985],[121.4567924,29.2971515],[121.456618,29.2972112],[121.4564125,29.2973524],[121.4561417,29.2977271],[121.4561043,29.2979877],[121.4562911,29.2984357],[121.4564624,29.2986176]]]},"properties":{"osmId":1188226536,"kind":"water","name":null}},{"type":"Feature","geometry":{"type":"LineString","coordinates":[[121.3665057,29.3252057],[121.3664091,29.3249251],[121.3664914,29.3247536],[121.3668168,29.3246881],[121.366992,29.3245665],[121.367178,29.3243233],[121.3672424,29.3240521],[121.3671887,29.3236841],[121.3670886,29.3233131],[121.3671058,29.3230718],[121.3671929,29.3226894],[121.3675386,29.3224691],[121.3681254,29.3221626],[121.3684304,29.3219777],[121.3687325,29.3219068],[121.3692699,29.3218232],[121.3693687,29.3216839],[121.3693861,29.3214433]]},"properties":{"osmId":1188234046,"kind":"stream","name":null}},{"type":"Feature","geometry":{"type":"LineString","coordinates":[[121.3379186,29.272892],[121.3378319,29.2736249],[121.3377614,29.2739654],[121.3377506,29.2741734],[121.3379457,29.2742254],[121.3385745,29.2744619],[121.3395556,29.2748307],[121.3426291,29.276826],[121.3443963,29.2779844],[121.3455183,29.2787693],[121.3458891,29.279019]]},"properties":{"osmId":1188386064,"kind":"river","name":"龙眼溪"}},{"type":"Feature","geometry":{"type":"LineString","coordinates":[[121.3458891,29.279019],[121.3460139,29.279103]]},"properties":{"osmId":1188386065,"kind":"river","name":"龙眼溪"}},{"type":"Feature","geometry":{"type":"LineString","coordinates":[[121.4714608,29.2853859],[121.4713535,29.2851614],[121.4713159,29.2849836],[121.4713159,29.2848058],[121.4713159,29.2844361],[121.4713615,29.283994],[121.4714286,29.2837203],[121.4715117,29.2835635],[121.4716592,29.2832968],[121.4717531,29.2831635],[121.4717558,29.2830816],[121.4717182,29.2828874],[121.47167,29.2825061],[121.471619,29.2822885],[121.4715546,29.282223],[121.4714929,29.2821294],[121.4714125,29.2820218]]},"properties":{"osmId":1188386077,"kind":"stream","name":null}},{"type":"Feature","geometry":{"type":"Polygon","coordinates":[[[121.3983122,29.2382587],[121.3986035,29.2373222],[121.3980975,29.2367871],[121.3975762,29.2364861],[121.3967406,29.2363456],[121.3960737,29.2363456],[121.3948548,29.2366867],[121.3931837,29.2370212],[121.3921181,29.2371884],[121.3901937,29.2375774],[121.3902086,29.2364903],[121.3910602,29.2359643],[121.392624,29.2355228],[121.3941879,29.2353957],[121.3947398,29.2353422],[121.3957977,29.2352084],[121.39648,29.2351816],[121.3969323,29.2352552],[121.3973769,29.2355696],[121.3976452,29.2357636],[121.3979979,29.2357837],[121.3985038,29.2359242],[121.3992167,29.2360579],[121.3996077,29.2365262],[121.3983122,29.2382587]]]},"properties":{"osmId":1188416141,"kind":"water","name":null}},{"type":"Feature","geometry":{"type":"Polygon","coordinates":[[[121.3935844,29.2212044],[121.3935519,29.2211547],[121.3935736,29.2211003],[121.3938772,29.2209962],[121.3941048,29.2211784],[121.3944436,29.2214953],[121.3950399,29.2219518],[121.394945,29.2219991],[121.3947309,29.221914],[121.3945195,29.2218312],[121.3942024,29.2217011],[121.3940723,29.2216656],[121.3939991,29.2217815],[121.3939395,29.221817],[121.393888,29.2218004],[121.3938528,29.2217626],[121.3939043,29.2216491],[121.3939341,29.2215781],[121.3938826,29.2214859],[121.3935844,29.2212044]]]},"properties":{"osmId":1188416144,"kind":"water","name":null}},{"type":"Feature","geometry":{"type":"LineString","coordinates":[[121.3951103,29.2118811],[121.3952431,29.2117547],[121.3953853,29.2116423],[121.3955046,29.21151],[121.3956119,29.2113426],[121.395683,29.2112572],[121.3957554,29.2111717],[121.3958184,29.2110664],[121.3958989,29.2109599],[121.3959499,29.2109013],[121.3959995,29.2108697],[121.3960826,29.2108534],[121.3961551,29.210851],[121.3962328,29.2108276],[121.3963549,29.210755],[121.3965534,29.2106274],[121.3967156,29.2105467],[121.3969973,29.2104144],[121.3972226,29.210309],[121.3974184,29.2102119],[121.3975391,29.2101393],[121.3976383,29.2101065],[121.3977483,29.2100784],[121.3978234,29.2100223],[121.3980433,29.2098303],[121.3982525,29.2096313],[121.3984081,29.2095072],[121.3986173,29.2093808],[121.3988131,29.2092684],[121.3990089,29.2091841],[121.3992369,29.2091209],[121.3993496,29.2090952],[121.3995615,29.2090437],[121.3997143,29.2089781],[121.3998297,29.2089009],[121.399937,29.2087885],[121.4000604,29.2086667],[121.4001703,29.208545],[121.4002535,29.2084326],[121.400291,29.2083085],[121.400291,29.2081774],[121.4002293,29.2080791],[121.4001301,29.2079059],[121.3999584,29.2076881],[121.3999343,29.2075921],[121.3999665,29.2074821],[121.4000308,29.2074189],[121.400122,29.2074048],[121.4002454,29.2074259],[121.400452,29.20744],[121.4005673,29.2074142],[121.4008489,29.2073744],[121.4012271,29.2072878],[121.4014095,29.2072293],[121.4015195,29.2071848],[121.4016134,29.2071005],[121.4016831,29.2069741],[121.4017796,29.2068242],[121.401836,29.2066791],[121.4018923,29.2065784],[121.4019755,29.2065199],[121.402064,29.2063841],[121.4021122,29.2062436],[121.402131,29.2059814],[121.4021766,29.2057145],[121.4022624,29.205375],[121.4023617,29.2051175],[121.4025012,29.2048576],[121.4026487,29.2045883],[121.4027721,29.2044133],[121.4028659,29.2043589],[121.4030108,29.204291],[121.4031422,29.2042091],[121.4032468,29.2040592],[121.4032683,29.2039328],[121.4032388,29.2038134],[121.4032119,29.2037151],[121.4032468,29.2034505],[121.403228,29.2032655],[121.403161,29.2031157],[121.4030269,29.2028581],[121.4029974,29.2027598],[121.4030403,29.2026006],[121.4031073,29.2024976],[121.4032227,29.2023993],[121.4033487,29.2023243],[121.4034802,29.2023033],[121.4035445,29.2022447],[121.403574,29.2021347],[121.4035767,29.20202],[121.4035472,29.201924],[121.4035016,29.2018397],[121.4035016,29.2017671],[121.4035365,29.2017179],[121.4036867,29.2015704],[121.4039281,29.2013738],[121.4042231,29.2010975],[121.4043948,29.2009406],[121.4044699,29.2007158],[121.4044109,29.2005309],[121.4042607,29.2003763],[121.4038449,29.19999],[121.4036813,29.199702],[121.4036304,29.1994562],[121.4036491,29.1990723],[121.403684,29.1988193],[121.4036787,29.1986531],[121.4036143,29.1984681],[121.4034158,29.1982738],[121.4033031,29.198056],[121.4032629,29.1978711],[121.4032468,29.1976252],[121.4032441,29.1974309],[121.4031959,29.1972436],[121.4030886,29.1970188],[121.4029491,29.1967519],[121.4028847,29.1964896],[121.4029866,29.196293],[121.4031798,29.1959745],[121.4032924,29.1956608],[121.4033407,29.1954313],[121.4032656,29.1952487],[121.4030135,29.195066],[121.4026433,29.1948412],[121.4024234,29.1946258],[121.4023215,29.1943683],[121.4023268,29.1941622],[121.4024287,29.1939655]]},"properties":{"osmId":1188418056,"kind":"stream","name":"东岙溪"}},{"type":"Feature","geometry":{"type":"Polygon","coordinates":[[[121.4116027,29.2133688],[121.4119082,29.2131092],[121.4120469,29.2131668],[121.4122494,29.2131745],[121.4123485,29.2131553],[121.4123947,29.2130189],[121.4125158,29.2130131],[121.4127117,29.213163],[121.4130023,29.2133263],[121.4132269,29.21348],[121.413436,29.2136184],[121.4135505,29.2137471],[121.4138323,29.2139911],[121.4140788,29.214191],[121.4144377,29.2146002],[121.4143254,29.2145311],[121.4139401,29.2141871],[121.4137288,29.2141218],[121.4133259,29.213922],[121.4131432,29.2138163],[121.4129473,29.2136702],[121.4128438,29.2135972],[121.4126083,29.2135434],[121.412518,29.2135165],[121.412474,29.2134916],[121.4124079,29.2134973],[121.4123463,29.2135185],[121.4122054,29.2134935],[121.4121085,29.2134935],[121.4120425,29.2134935],[121.4119764,29.2134935],[121.4118532,29.2134666],[121.4117277,29.2133859],[121.4116027,29.2133688]]]},"properties":{"osmId":1188418060,"kind":"water","name":null}},{"type":"Feature","geometry":{"type":"Polygon","coordinates":[[[121.3608559,29.2154336],[121.3607902,29.2152556],[121.3604722,29.2148633],[121.3604549,29.2144802],[121.3604618,29.2141966],[121.3607349,29.2145345],[121.3611013,29.2150715],[121.3611497,29.2153491],[121.3611324,29.2155181],[121.3608559,29.2154336]]]},"properties":{"osmId":1188418063,"kind":"water","name":null}},{"type":"Feature","geometry":{"type":"Polygon","coordinates":[[[121.5835546,29.4960328],[121.5838514,29.4960172],[121.5839873,29.4960297],[121.5840195,29.496067],[121.5842162,29.496123],[121.584445,29.4961542],[121.5847741,29.4958522],[121.5846353,29.4958516],[121.5845859,29.4957201],[121.5844697,29.4957024],[121.5844029,29.495753],[121.584339,29.4957757],[121.5840659,29.4957732],[121.5839497,29.4958364],[121.5838393,29.4959249],[121.5837231,29.4959628],[121.5835546,29.4960328]]]},"properties":{"osmId":1188557656,"kind":"water","name":null}},{"type":"Feature","geometry":{"type":"Polygon","coordinates":[[[121.3891163,29.2576986],[121.3885309,29.2572498],[121.3884995,29.2571714],[121.3886272,29.257128],[121.3887859,29.2570166],[121.3894148,29.2571796],[121.3891163,29.2576986]]]},"properties":{"osmId":1189026429,"kind":"water","name":null}},{"type":"Feature","geometry":{"type":"Polygon","coordinates":[[[121.4163987,29.4542221],[121.4166282,29.4540931],[121.4167937,29.4538857],[121.4166107,29.4537592],[121.4163609,29.4536581],[121.4160675,29.4536252],[121.415777,29.4536328],[121.4156899,29.4536151],[121.4154749,29.4537896],[121.4157887,29.4539186],[121.4159601,29.4538629],[121.4161053,29.4538958],[121.4162331,29.4539793],[121.4163987,29.4542221]]]},"properties":{"osmId":1189281694,"kind":"water","name":null}},{"type":"Feature","geometry":{"type":"Polygon","coordinates":[[[121.5062062,29.4732405],[121.5059087,29.4731612],[121.5056919,29.4733406],[121.5054426,29.473954],[121.5052691,29.4741239],[121.5050089,29.4743316],[121.5044777,29.4745817],[121.5046132,29.4748412],[121.5039874,29.4750671],[121.5035833,29.4751432],[121.5037134,29.4753792],[121.5042175,29.4755538],[121.5046132,29.4756151],[121.5052257,29.4754169],[121.5057407,29.4753934],[121.5059033,29.4755302],[121.5062665,29.4755302],[121.5064996,29.4754594],[121.5066898,29.4754076],[121.5062062,29.4732405]]]},"properties":{"osmId":1189285419,"kind":"water","name":null}},{"type":"Feature","geometry":{"type":"Polygon","coordinates":[[[121.4806835,29.4663065],[121.4803331,29.4658737],[121.4804332,29.4657491],[121.4808373,29.4657024],[121.481102,29.4656806],[121.4813559,29.4657522],[121.4815097,29.4658581],[121.4814989,29.4659827],[121.4813308,29.4661041],[121.4810483,29.4662504],[121.4808373,29.4663252],[121.4806835,29.4663065]]]},"properties":{"osmId":1189285420,"kind":"water","name":null}},{"type":"Feature","geometry":{"type":"LineString","coordinates":[[121.5239748,29.2876207],[121.5240881,29.2871925],[121.5239632,29.2864021],[121.5238993,29.2861943],[121.5239371,29.2860905],[121.5241056,29.2859739],[121.5243525,29.2858726],[121.5244396,29.2856192],[121.5247562,29.2849478],[121.5248143,29.2847755],[121.5249073,29.2845323],[121.5249612,29.2842747],[121.5249683,29.2842409],[121.52507,29.2840484],[121.5252878,29.2838584],[121.5256713,29.2836633],[121.5264323,29.2833871],[121.5265253,29.2833314],[121.5266792,29.2831895],[121.5271847,29.2824091],[121.5274113,29.2820468],[121.5274229,29.2819683],[121.5274374,29.2818416],[121.5273241,29.2816034],[121.5271905,29.2813348],[121.5271643,29.2812031],[121.5272166,29.2809674],[121.5274374,29.2801896],[121.5241782,29.279655]]},"properties":{"osmId":1189671444,"kind":"stream","name":null}},{"type":"Feature","geometry":{"type":"Polygon","coordinates":[[[121.5243471,29.2802094],[121.524208,29.2801776],[121.5241699,29.2801688],[121.5239317,29.2799079],[121.5239113,29.2796418],[121.5241815,29.2778429],[121.5241902,29.2777212],[121.5243325,29.2775743],[121.5244226,29.2776402],[121.524623,29.2777744],[121.5247508,29.2778302],[121.5247741,29.2779214],[121.5247218,29.2782407],[121.5244226,29.2793479],[121.5243616,29.2794391],[121.5243238,29.2795633],[121.5243703,29.2796291],[121.5244865,29.2796444],[121.5244342,29.2797508],[121.5243877,29.2798014],[121.5243441,29.2799484],[121.5243529,29.2800726],[121.5243471,29.2802094]]]},"properties":{"osmId":1189671445,"kind":"water","name":null}},{"type":"Feature","geometry":{"type":"LineString","coordinates":[[121.5249612,29.2842747],[121.5224705,29.2830699],[121.5228772,29.2818512],[121.522944,29.2816333],[121.5231735,29.2813191],[121.5240275,29.2804906],[121.524167,29.2803538],[121.5242076,29.2802651],[121.524208,29.2801776]]},"properties":{"osmId":1189671446,"kind":"stream","name":null}},{"type":"Feature","geometry":{"type":"Polygon","coordinates":[[[121.5030902,29.2549886],[121.5034644,29.2554611],[121.5038078,29.2559951],[121.5041909,29.2563984],[121.5046752,29.2566173],[121.5049746,29.2566442],[121.5052784,29.2567211],[121.5055734,29.256794],[121.5058332,29.2570898],[121.5064188,29.2573587],[121.506749,29.2574125],[121.507022,29.2574125],[121.5073962,29.2573818],[121.5076699,29.2573626],[121.5077807,29.2573813],[121.5078701,29.2574031],[121.5079824,29.2574949],[121.5080493,29.2575786],[121.5081742,29.2576749],[121.5083572,29.2576825],[121.5084879,29.2572187],[121.5088452,29.2567372],[121.5089614,29.2566434],[121.5089033,29.2564762],[121.5087958,29.2563621],[121.5086912,29.2562126],[121.5085256,29.2560453],[121.5083891,29.2559566],[121.5082294,29.2558629],[121.5081713,29.2557513],[121.50818,29.2555892],[121.5082003,29.2552901],[121.508302,29.2548998],[121.5082555,29.2547832],[121.5080057,29.2547756],[121.5078662,29.2547756],[121.5075903,29.254583],[121.5074625,29.2545932],[121.5075554,29.254692],[121.5075787,29.2548947],[121.5075002,29.2551558],[121.5073899,29.2553813],[121.5071691,29.2556626],[121.5068931,29.2557564],[121.5062889,29.2558274],[121.5059897,29.2558603],[121.5057486,29.2558933],[121.5053797,29.2558705],[121.5052316,29.2558147],[121.5048133,29.2556981],[121.5045344,29.2556449],[121.5044124,29.2555866],[121.5042846,29.2554852],[121.5041713,29.2550747],[121.5041161,29.2548745],[121.5040173,29.254763],[121.5036339,29.2547325],[121.5034625,29.2547554],[121.5032563,29.2545273],[121.503143,29.2545374],[121.5029454,29.2546312],[121.5029251,29.2547959],[121.5030902,29.2549886]]]},"properties":{"osmId":1189671452,"kind":"water","name":null}},{"type":"Feature","geometry":{"type":"Polygon","coordinates":[[[121.4542919,29.3054829],[121.4548058,29.3055526],[121.4551284,29.305575],[121.4553282,29.3056721],[121.4555481,29.3057692],[121.4556765,29.305814],[121.4557736,29.3058463],[121.4558536,29.3058439],[121.4560134,29.3058065],[121.4561162,29.3057866],[121.4562275,29.3057741],[121.4563218,29.3057393],[121.4563532,29.3056671],[121.4561961,29.3056273],[121.4560191,29.3056447],[121.4558164,29.3055999],[121.4557736,29.3055302],[121.4556309,29.3054555],[121.4554938,29.3053559],[121.4551284,29.3052737],[121.4552055,29.3051717],[121.455274,29.305097],[121.4554396,29.3049227],[121.4554938,29.304858],[121.4554539,29.3047609],[121.4553825,29.3047186],[121.455254,29.3047808],[121.4551512,29.3047484],[121.4550485,29.304726],[121.4549657,29.3047982],[121.4549685,29.3049277],[121.4549771,29.3049775],[121.4548857,29.3049974],[121.4548829,29.3050746],[121.4548772,29.3051791],[121.4548343,29.3052688],[121.4547772,29.3053061],[121.4546859,29.305326],[121.4545403,29.305326],[121.4543461,29.3052787],[121.4542091,29.3052588],[121.4543324,29.3053675],[121.4542919,29.3054829]]]},"properties":{"osmId":1189671459,"kind":"water","name":null}},{"type":"Feature","geometry":{"type":"Polygon","coordinates":[[[121.4539336,29.314034],[121.4545303,29.3139967],[121.4544161,29.3136581],[121.454419,29.3135262],[121.4541792,29.3134191],[121.4538994,29.3133121],[121.4537395,29.3130806],[121.453631,29.3126325],[121.453514,29.3125852],[121.4533998,29.3126748],[121.4533227,29.3128516],[121.4533598,29.3131329],[121.4534097,29.3132648],[121.4534454,29.3133594],[121.4535996,29.3136233],[121.453711,29.3137876],[121.4539336,29.314034]]]},"properties":{"osmId":1189671465,"kind":"water","name":null}},{"type":"Feature","geometry":{"type":"Polygon","coordinates":[[[121.4092223,29.2860978],[121.4082684,29.2863676],[121.4071562,29.2866283],[121.4057851,29.2867922],[121.4044448,29.2869131],[121.404414,29.2858812],[121.4051504,29.285857],[121.4061333,29.285728],[121.4068265,29.2856232],[121.4074427,29.2854754],[121.4078032,29.2853733],[121.4079696,29.2854136],[121.4081637,29.2854217],[121.4085861,29.2853723],[121.4092223,29.2860978]]]},"properties":{"osmId":1189771634,"kind":"water","name":null}},{"type":"Feature","geometry":{"type":"Polygon","coordinates":[[[121.3396323,29.1546717],[121.339729,29.1545872],[121.3397958,29.1547183],[121.3398658,29.1549427],[121.3400761,29.1553041],[121.340393,29.1555809],[121.3407301,29.155779],[121.3409503,29.1560471],[121.341037,29.1563473],[121.3404364,29.1562861],[121.3403797,29.1561462],[121.340333,29.1559189],[121.3401161,29.1557324],[121.3399826,29.1554993],[121.3398291,29.1553711],[121.3397657,29.1552516],[121.339679,29.154969],[121.3396323,29.1546717]]]},"properties":{"osmId":1191333735,"kind":"water","name":null}},{"type":"Feature","geometry":{"type":"Polygon","coordinates":[[[121.4794421,29.3373096],[121.4803775,29.3378009],[121.4808597,29.3377883],[121.4811995,29.3377756],[121.4814755,29.3377376],[121.4818531,29.337649],[121.4822162,29.3376515],[121.4825009,29.3376135],[121.4825358,29.3373932],[121.4824457,29.3369121],[121.4821901,29.3366335],[121.4817282,29.336436],[121.4814174,29.3364081],[121.4808103,29.336512],[121.4798197,29.3369931],[121.4793259,29.3372084],[121.4794421,29.3373096]]]},"properties":{"osmId":1191349695,"kind":"water","name":null}},{"type":"Feature","geometry":{"type":"Polygon","coordinates":[[[121.5043364,29.3568174],[121.5041011,29.35682],[121.5039326,29.3568149],[121.5037816,29.3567947],[121.5035899,29.3567516],[121.5034708,29.3567567],[121.5032384,29.3566503],[121.5031454,29.3565693],[121.5030118,29.3565617],[121.5027881,29.3566149],[121.5025935,29.3566377],[121.5024657,29.3566048],[121.5020822,29.3564048],[121.5022623,29.3561338],[121.5023001,29.3562351],[121.5023902,29.3563187],[121.5025412,29.356382],[121.5027736,29.3563566],[121.503006,29.3563617],[121.5034069,29.356501],[121.5041883,29.3567314],[121.5044526,29.3568124],[121.5045949,29.3568858],[121.5046182,29.3569693],[121.5046327,29.3570858],[121.5045891,29.3570681],[121.5045485,29.3569744],[121.5045049,29.3569086],[121.5044294,29.3568478],[121.5043364,29.3568174]]]},"properties":{"osmId":1191349698,"kind":"water","name":null}},{"type":"Feature","geometry":{"type":"Polygon","coordinates":[[[121.28905,29.1633898],[121.2892235,29.1633636],[121.2893315,29.1633099],[121.2894643,29.1632081],[121.2894914,29.1631229],[121.2894995,29.1629904],[121.2895456,29.1628602],[121.2896025,29.1627253],[121.2898112,29.1626283],[121.2900904,29.1625147],[121.2902557,29.1624697],[121.2904644,29.1623798],[121.2906243,29.162394],[121.2907327,29.162465],[121.2907978,29.1625147],[121.2910336,29.1624863],[121.291104,29.1616011],[121.2910065,29.1614615],[121.2908709,29.1614141],[121.2905999,29.1613431],[121.2896079,29.1618425],[121.2890117,29.1624153],[121.2889195,29.1626259],[121.289009,29.1628318],[121.2890415,29.1629786],[121.2890225,29.16313],[121.28905,29.1633898]]]},"properties":{"osmId":1191407543,"kind":"water","name":null}},{"type":"Feature","geometry":{"type":"Polygon","coordinates":[[[121.3016385,29.1497851],[121.3008333,29.1493976],[121.3013017,29.1487913],[121.3019014,29.1480522],[121.3024149,29.1474135],[121.3026738,29.1471265],[121.3030805,29.1468179],[121.3036391,29.1466314],[121.3040787,29.1466099],[121.3043416,29.1466134],[121.3046826,29.1467139],[121.3049373,29.1468359],[121.3051509,29.1470081],[121.3054755,29.1472808],[121.3056275,29.1476826],[121.305648,29.1479445],[121.3055083,29.1481168],[121.3054672,29.1489132],[121.3056932,29.1496774],[121.3058164,29.1497958],[121.3061944,29.1509834],[121.3063464,29.1513888],[121.3068393,29.1519054],[121.3071967,29.1522427],[121.30656,29.1528167],[121.3061656,29.1524651],[121.3060013,29.1522786],[121.3058205,29.152135],[121.3056726,29.15197],[121.3055371,29.151744],[121.305459,29.1513996],[121.3053111,29.1510157],[121.3052495,29.1507179],[121.3051386,29.150291],[121.3048264,29.1495734],[121.3044402,29.14821],[121.3042841,29.1477149],[121.3041896,29.1476683],[121.303635,29.1476934],[121.3034296,29.1477329],[121.3031749,29.1478154],[121.303027,29.1479338],[121.3027066,29.1483213],[121.3021397,29.1489527],[121.3016385,29.1497851]]]},"properties":{"osmId":1191409595,"kind":"water","name":null}},{"type":"Feature","geometry":{"type":"Polygon","coordinates":[[[121.30656,29.1528167],[121.3072658,29.15321],[121.3077711,29.1535221],[121.308757,29.1539418],[121.309135,29.1541499],[121.3095334,29.1543723],[121.3099032,29.1547455],[121.3114108,29.1560155],[121.3119736,29.1566612],[121.3129431,29.157716],[121.3133663,29.1581034],[121.3139044,29.1585483],[121.3149766,29.1595599],[121.3154203,29.1599581],[121.3157777,29.1602128],[121.3163816,29.1605321],[121.3169937,29.1607438],[121.3184644,29.1612101],[121.3191997,29.1614648],[121.3192326,29.1615832],[121.31959,29.1615976],[121.3199926,29.1615976],[121.3208553,29.1616191],[121.3222849,29.1615868],[121.3223547,29.1607222],[121.3216892,29.1607258],[121.3210853,29.1607258],[121.3204363,29.160794],[121.3199638,29.1607438],[121.3195366,29.1606971],[121.3187725,29.1604711],[121.317232,29.1598505],[121.3167678,29.1595743],[121.3147219,29.1581357],[121.3134156,29.1571599],[121.311378,29.1550719],[121.3105276,29.1541822],[121.3102524,29.1538952],[121.3099853,29.1536225],[121.3086666,29.1529947],[121.3080997,29.1527436],[121.3075246,29.1523956],[121.3071967,29.1522427],[121.30656,29.1528167]]]},"properties":{"osmId":1191409596,"kind":"water","name":null}},{"type":"Feature","geometry":{"type":"Polygon","coordinates":[[[121.3222849,29.1615868],[121.3229918,29.1615824],[121.3235633,29.161684],[121.3241297,29.1618032],[121.3247822,29.1620991],[121.3249845,29.1619269],[121.3251615,29.1619931],[121.3254295,29.1621654],[121.3255459,29.1623641],[121.3262539,29.1627616],[121.326608,29.1629383],[121.3268558,29.16319],[121.3275285,29.163826],[121.3280949,29.1645017],[121.3290913,29.1651818],[121.3294352,29.1654336],[121.3296982,29.1656411],[121.3300471,29.1658619],[121.3306591,29.1661137],[121.3311699,29.1662859],[121.3314734,29.1663566],[121.3320904,29.1663787],[121.333198,29.1663742],[121.3355144,29.1650582],[121.3361922,29.1646386],[121.3368952,29.1644001],[121.3377701,29.1643913],[121.3383821,29.1645503],[121.3387109,29.1647402],[121.3394442,29.1651023],[121.3405872,29.1655042],[121.3422916,29.1660872],[121.3427165,29.1647446],[121.3419427,29.1645679],[121.3412093,29.1644531],[121.3407036,29.1642985],[121.3403344,29.1641749],[121.3397123,29.1637465],[121.3395808,29.1634373],[121.3393886,29.1631944],[121.3391863,29.162978],[121.3388828,29.1627263],[121.3385288,29.1626026],[121.3380837,29.1626468],[121.3378005,29.1626556],[121.3366423,29.1629692],[121.3354234,29.1635698],[121.3341641,29.1643383],[121.3336431,29.1647137],[121.3330311,29.1649698],[121.3326215,29.1650891],[121.3321764,29.1651023],[121.3315847,29.1651465],[121.3311447,29.1651288],[121.3306085,29.1650052],[121.3301028,29.164908],[121.3296628,29.1646298],[121.3294149,29.1644973],[121.3290913,29.164219],[121.3287271,29.1639187],[121.3282163,29.1633976],[121.3277965,29.162978],[121.3273868,29.1626865],[121.3271643,29.1625364],[121.3268608,29.1622537],[121.3264815,29.1620505],[121.3260676,29.1618765],[121.3257482,29.1616707],[121.3251918,29.1614146],[121.3243421,29.1610877],[121.3236088,29.1608183],[121.3229564,29.1607962],[121.3223547,29.1607222],[121.3222849,29.1615868]]]},"properties":{"osmId":1191409597,"kind":"water","name":null}},{"type":"Feature","geometry":{"type":"Polygon","coordinates":[[[121.3427165,29.1647446],[121.343127,29.1649841],[121.343656,29.1654928],[121.3447522,29.1661622],[121.3455878,29.166778],[121.3469983,29.167347],[121.3479412,29.1677687],[121.3481942,29.1679562],[121.3484855,29.1688665],[121.3485238,29.1693217],[121.3488535,29.1698103],[121.3493594,29.1701584],[121.3497121,29.1701517],[121.350103,29.1700446],[121.3505783,29.1698438],[121.3505783,29.1696095],[121.3510766,29.1691677],[121.3515212,29.1683444],[121.3517972,29.1679762],[121.3521889,29.1673415],[121.352634,29.1669617],[121.3534736,29.1665951],[121.3537366,29.1671295],[121.3531044,29.1674386],[121.3527605,29.1677831],[121.3529526,29.1674077],[121.3529425,29.167315],[121.3526795,29.1673989],[121.3524267,29.1676595],[121.3518804,29.1684721],[121.3519816,29.1689667],[121.3520119,29.1692449],[121.3516155,29.1697175],[121.3513443,29.1699029],[121.3510611,29.1699912],[121.3507222,29.1701944],[121.3504997,29.1703578],[121.3503581,29.1707067],[121.3502923,29.1709054],[121.3501608,29.1708524],[121.3500142,29.1708127],[121.3495742,29.1706934],[121.3488003,29.1704019],[121.3482137,29.1700707],[121.3479254,29.1699912],[121.3476472,29.1696512],[121.3474904,29.1694613],[121.3473033,29.1692052],[121.3471364,29.1689137],[121.346924,29.1685869],[121.3468026,29.1683572],[121.3463929,29.1679421],[121.3459276,29.1675049],[121.3456596,29.1674033],[121.3450375,29.1671472],[121.3422916,29.1660872],[121.3427165,29.1647446]]]},"properties":{"osmId":1191409598,"kind":"water","name":null}},{"type":"Feature","geometry":{"type":"Polygon","coordinates":[[[121.3008333,29.1493976],[121.3016385,29.1497851],[121.3010459,29.1506762],[121.3006514,29.1512284],[121.3004289,29.1519881],[121.3000281,29.1530497],[121.2998022,29.1537708],[121.299112,29.155683],[121.2988902,29.1562032],[121.2987669,29.1566193],[121.2986314,29.1568382],[121.2983191,29.1571252],[121.2979207,29.1572005],[121.2971812,29.1573082],[121.2963925,29.1572508],[121.2958461,29.1571073],[121.2955585,29.1569889],[121.2946548,29.1566947],[121.293714,29.1562283],[121.2931594,29.1559054],[121.2925884,29.1556435],[121.2918489,29.1551484],[121.2910355,29.154743],[121.2914176,29.1541367],[121.2917257,29.1541654],[121.291927,29.1542695],[121.2921529,29.1543484],[121.2922803,29.1545206],[121.2925309,29.1547897],[121.2930321,29.1551018],[121.2936072,29.1554283],[121.294018,29.1557189],[121.2945438,29.1559269],[121.2949875,29.1560238],[121.2955626,29.1561673],[121.2958461,29.1562893],[121.296335,29.1564866],[121.2966307,29.156605],[121.297021,29.156648],[121.2973743,29.1566409],[121.2976578,29.1565871],[121.2979371,29.1564794],[121.2982329,29.1562714],[121.2983233,29.1560848],[121.2985533,29.1556041],[121.2986108,29.1552597],[121.2988285,29.1546067],[121.2994571,29.152612],[121.2999583,29.1509365],[121.3000076,29.1507033],[121.3004389,29.1500683],[121.3008333,29.1493976]]]},"properties":{"osmId":1191409599,"kind":"water","name":null}},{"type":"Feature","geometry":{"type":"Polygon","coordinates":[[[121.335056,29.2147436],[121.334622,29.2144539],[121.3338478,29.2142197],[121.3321,29.2139922],[121.3308197,29.2139119],[121.3285736,29.2138985],[121.3262509,29.2137246],[121.3255379,29.2135038],[121.3247713,29.2132428],[121.3238208,29.2125938],[121.3234221,29.2121857],[121.3231462,29.2112021],[121.3214367,29.2069532],[121.32084,29.205388],[121.3204798,29.2046273],[121.3196781,29.2035522],[121.3179933,29.2007224],[121.3168778,29.1983795],[121.3160448,29.1959406],[121.3184194,29.1947918],[121.3186076,29.1956395],[121.318617,29.1961256],[121.3187869,29.1970319],[121.3195325,29.1985808],[121.3199195,29.2001543],[121.3212219,29.2022139],[121.3217032,29.2029801],[121.3225621,29.2040099],[121.3253745,29.2108803],[121.3259408,29.2113251],[121.3264977,29.2116629],[121.3273659,29.2118194],[121.3287344,29.2120006],[121.3309334,29.2120665],[121.33183,29.2121818],[121.332821,29.2122313],[121.3333118,29.2122807],[121.3344066,29.2126102],[121.3355014,29.2130632],[121.3358864,29.2132872],[121.335056,29.2147436]]]},"properties":{"osmId":1191704234,"kind":"water","name":null}},{"type":"Feature","geometry":{"type":"Polygon","coordinates":[[[121.3160448,29.1959406],[121.3159374,29.19506],[121.3157008,29.1944349],[121.3153085,29.1938913],[121.3149598,29.1935543],[121.3144804,29.1933042],[121.313727,29.1928802],[121.3131541,29.1927987],[121.3116846,29.1927552],[121.3091566,29.1925976],[121.3084405,29.1923041],[121.3065414,29.1917877],[121.3029054,29.1907507],[121.3018628,29.19055],[121.3014335,29.1906637],[121.3010588,29.1907708],[121.3003116,29.1913687],[121.3000688,29.1911676],[121.3009405,29.1904012],[121.3009405,29.1901239],[121.2995369,29.1849331],[121.2993505,29.1845882],[121.2991836,29.1844425],[121.2987689,29.184076],[121.2981417,29.1835373],[121.2962148,29.182398],[121.295967,29.1823627],[121.2955168,29.182345],[121.2940956,29.1824069],[121.2935899,29.1825084],[121.2930184,29.1827689],[121.2922648,29.1830981],[121.29153,29.183196],[121.2905089,29.1833102],[121.2885096,29.183379],[121.2855429,29.1832451],[121.2831658,29.1829898],[121.2823515,29.1827955],[121.280809,29.1828573],[121.2803386,29.18295],[121.2795597,29.1829059],[121.2785381,29.1824555],[121.2778958,29.1823363],[121.2772737,29.1823363],[121.2768539,29.1828043],[121.276338,29.1834137],[121.2760598,29.1844028],[121.2757918,29.1854139],[121.2755136,29.18601],[121.2757008,29.186955],[121.2759385,29.1874495],[121.2762419,29.1879484],[121.276247,29.1883237],[121.2759334,29.1889949],[121.2746083,29.1895203],[121.2722363,29.1907787],[121.2704307,29.1916662],[121.2697833,29.1917059],[121.2695052,29.1920768],[121.2694445,29.1923682],[121.2692523,29.19394],[121.2691309,29.1943815],[121.2684835,29.1944301],[121.2672748,29.1942888],[121.266946,29.1941078],[121.2660458,29.1929775],[121.2650342,29.1916308],[121.2647864,29.1908449],[121.2640733,29.1887609],[121.2653579,29.188231],[121.2655542,29.1885643],[121.2656158,29.1889014],[121.2657473,29.1894394],[121.2657103,29.1896367],[121.2659485,29.1904938],[121.2663622,29.1912351],[121.2671152,29.1924985],[121.2673289,29.1927568],[121.2675466,29.1928894],[121.2677273,29.1929181],[121.2679327,29.1929038],[121.2681423,29.1928751],[121.2682737,29.192807],[121.2684627,29.1927209],[121.2686065,29.192581],[121.2687461,29.1921471],[121.2687215,29.1913832],[121.2687626,29.1906086],[121.2692104,29.1905261],[121.2695102,29.1904364],[121.270336,29.1900527],[121.27064,29.1899666],[121.2709152,29.189902],[121.2713794,29.1896582],[121.2720398,29.189353],[121.2732732,29.1887831],[121.273721,29.1885464],[121.2742058,29.1881483],[121.2745714,29.1876964],[121.2747275,29.1871441],[121.2746248,29.1863945],[121.2742386,29.1852648],[121.2742058,29.1847519],[121.2744933,29.1838122],[121.2746001,29.1835109],[121.2752983,29.1821502],[121.2761075,29.1811787],[121.2762643,29.1808828],[121.2773416,29.181139],[121.2807807,29.1816114],[121.2829201,29.1816203],[121.2836231,29.1815143],[121.2843008,29.181532],[121.2865515,29.1816733],[121.2901576,29.1818278],[121.2911337,29.1817748],[121.2919379,29.1816865],[121.2922615,29.1815717],[121.2934551,29.1812405],[121.2939761,29.1811478],[121.2959738,29.1810153],[121.2965403,29.1810374],[121.2970056,29.181108],[121.29739,29.1812317],[121.2988213,29.1820177],[121.2994535,29.1825961],[121.3003284,29.1833203],[121.3008393,29.1839517],[121.301163,29.1846008],[121.3014866,29.185612],[121.3021912,29.1879652],[121.3025898,29.1885475],[121.3032338,29.189123],[121.3038011,29.1892234],[121.3069058,29.19008],[121.307473,29.1901737],[121.307887,29.1901737],[121.3088836,29.1903076],[121.3102788,29.1905284],[121.3128085,29.1907627],[121.3154226,29.1909634],[121.3175997,29.1917464],[121.3178844,29.1927341],[121.3176871,29.193052],[121.3176366,29.1934052],[121.3177175,29.1938467],[121.3179451,29.1940189],[121.3180209,29.1943059],[121.3181727,29.1944692],[121.3183042,29.1945531],[121.3184194,29.1947918],[121.3160448,29.1959406]]]},"properties":{"osmId":1191704235,"kind":"water","name":null}},{"type":"Feature","geometry":{"type":"Polygon","coordinates":[[[121.2640733,29.1887609],[121.263888,29.1882539],[121.2635845,29.1878565],[121.2628562,29.1872339],[121.2608433,29.1856973],[121.2601959,29.1852337],[121.2590428,29.184854],[121.2572423,29.1842623],[121.2574651,29.1834167],[121.2596042,29.1839046],[121.2602313,29.1840547],[121.2605066,29.1842485],[121.2615109,29.1849555],[121.2625882,29.185662],[121.2639425,29.1867281],[121.2641331,29.1868781],[121.2646507,29.187269],[121.265041,29.1875559],[121.2653579,29.188231],[121.2640733,29.1887609]]]},"properties":{"osmId":1191704236,"kind":"water","name":null}},{"type":"Feature","geometry":{"type":"Polygon","coordinates":[[[121.2574651,29.1834167],[121.2560068,29.183223],[121.2546552,29.1833772],[121.2541622,29.1835099],[121.2539938,29.1840766],[121.2541458,29.1844173],[121.2547127,29.1853032],[121.2559246,29.1868203],[121.2574898,29.1882262],[121.257728,29.1885812],[121.2578965,29.1891407],[121.2577445,29.1896392],[121.2561588,29.1908299],[121.2543964,29.1918628],[121.2527943,29.1928095],[121.2516645,29.1939141],[121.2512373,29.194262],[121.2512293,29.1949471],[121.2521495,29.194855],[121.2523342,29.1946851],[121.2524615,29.1941257],[121.253012,29.1933905],[121.2535173,29.1930068],[121.2539445,29.1927306],[121.2549017,29.1923254],[121.2559575,29.1918484],[121.2566599,29.1915866],[121.2574158,29.1911885],[121.2583935,29.1908012],[121.2587879,29.1905287],[121.2588249,29.1902489],[121.2589687,29.1898544],[121.2587066,29.1886177],[121.2586565,29.1882549],[121.2576212,29.1873152],[121.2563847,29.18625],[121.2562984,29.1860779],[121.2562122,29.1858017],[121.2560297,29.1855871],[121.2559041,29.1854395],[121.2558712,29.1849553],[121.2560684,29.1843277],[121.2565326,29.1841591],[121.2572423,29.1842623],[121.2574651,29.1834167]]]},"properties":{"osmId":1191704237,"kind":"water","name":null}},{"type":"Feature","geometry":{"type":"Polygon","coordinates":[[[121.364085,29.1975956],[121.3640282,29.197415],[121.3640449,29.1972315],[121.3642017,29.1969315],[121.3642585,29.1967509],[121.3643986,29.1965179],[121.3644387,29.196512],[121.3644687,29.1964479],[121.3648891,29.1964334],[121.3649492,29.1965091],[121.3649892,29.1966315],[121.364819,29.1967567],[121.3646689,29.1968849],[121.3644086,29.1971325],[121.3642384,29.1973684],[121.3642284,29.1975519],[121.3641851,29.1975956],[121.364085,29.1975956]]]},"properties":{"osmId":1191735143,"kind":"water","name":null}},{"type":"Feature","geometry":{"type":"Polygon","coordinates":[[[121.4645971,29.2080292],[121.4643861,29.2081634],[121.464243,29.2083132],[121.4642502,29.2085099],[121.4643253,29.208641],[121.4644791,29.2088189],[121.4648295,29.2087409],[121.4648796,29.2086129],[121.4648868,29.2084443],[121.4648868,29.208307],[121.4648868,29.208229],[121.4649118,29.208154],[121.4652658,29.2079792],[121.4653982,29.2080947],[121.4656163,29.2081821],[121.4658166,29.2082602],[121.4659775,29.2081291],[121.4658702,29.2080573],[121.4653982,29.2078887],[121.4651872,29.2077888],[121.4650119,29.2078856],[121.4645971,29.2080292]]]},"properties":{"osmId":1191982964,"kind":"water","name":null}},{"type":"Feature","geometry":{"type":"Polygon","coordinates":[[[121.4645594,29.2063384],[121.4646262,29.2060595],[121.4647831,29.2058972],[121.4652914,29.2056994],[121.4654512,29.2058465],[121.4655993,29.206057],[121.4658985,29.2062344],[121.4657475,29.20663],[121.4656371,29.2065463],[121.4655325,29.2065387],[121.4654018,29.2063029],[121.4652536,29.2061609],[121.4650474,29.206133],[121.464847,29.2063004],[121.4647133,29.2063714],[121.4645594,29.2063384]]]},"properties":{"osmId":1191982967,"kind":"water","name":null}},{"type":"Feature","geometry":{"type":"Polygon","coordinates":[[[121.2599742,29.4214415],[121.2600922,29.4215692],[121.2603354,29.4216708],[121.2604486,29.4216657],[121.2605939,29.4213874],[121.2605939,29.4212736],[121.2603179,29.4213039],[121.2600943,29.4213672],[121.2599742,29.4214415]]]},"properties":{"osmId":1191984821,"kind":"water","name":null}},{"type":"Feature","geometry":{"type":"LineString","coordinates":[[121.2784576,29.4323379],[121.278658,29.4320875],[121.2789921,29.4318724],[121.2793087,29.4317029],[121.2797502,29.4314803],[121.2799681,29.4310628],[121.2803922,29.4309161],[121.2809906,29.4307061],[121.2811765,29.4305821],[121.2814147,29.4305973],[121.2820015,29.4306758],[121.2824518,29.4307567],[121.2826899,29.4307086],[121.2841482,29.4300129],[121.2848744,29.4297548],[121.285135,29.4296586]]},"properties":{"osmId":1191984827,"kind":"stream","name":null}},{"type":"Feature","geometry":{"type":"Polygon","coordinates":[[[121.2722466,29.4363485],[121.2724557,29.4363611],[121.2726068,29.4362954],[121.2727898,29.4361942],[121.2730019,29.4361967],[121.2732342,29.4362347],[121.2732546,29.435964],[121.2733156,29.4359614],[121.2733446,29.4357717],[121.2731006,29.4357515],[121.2728566,29.4357439],[121.2726387,29.4357666],[121.2724615,29.435759],[121.2723308,29.4356629],[121.2719881,29.4354352],[121.2717441,29.4352733],[121.2715581,29.4352834],[121.2717179,29.4353113],[121.2718486,29.4353922],[121.2722175,29.4356907],[121.2723105,29.4358451],[121.2723889,29.4359867],[121.2724383,29.4361006],[121.2723628,29.4362195],[121.2722466,29.4363485]]]},"properties":{"osmId":1191984832,"kind":"water","name":null}},{"type":"Feature","geometry":{"type":"Polygon","coordinates":[[[121.2790506,29.4408234],[121.2796203,29.4411813],[121.2795051,29.4414009],[121.2793183,29.4418509],[121.2788825,29.4421248],[121.2784871,29.4424718],[121.2782785,29.4425559],[121.2780761,29.4425559],[121.2779454,29.4424637],[121.2778613,29.442404],[121.2775251,29.4424637],[121.2775188,29.4423986],[121.2778955,29.4422305],[121.2781539,29.4420407],[121.2784715,29.4418076],[121.2786272,29.4415527],[121.2788171,29.4411406],[121.2788887,29.4409833],[121.2790506,29.4408234]]]},"properties":{"osmId":1191984834,"kind":"water","name":null}},{"type":"Feature","geometry":{"type":"Polygon","coordinates":[[[121.5578654,29.2981448],[121.5579059,29.2979385],[121.5579651,29.2971104],[121.5577751,29.2971294],[121.5577004,29.2971619],[121.5576631,29.2972814],[121.5573299,29.297447],[121.5572552,29.2975041],[121.5571494,29.2975258],[121.5570809,29.2976045],[121.5570809,29.2977294],[121.557168,29.2978326],[121.5572583,29.2979303],[121.5574047,29.2980634],[121.5574856,29.2981014],[121.5575915,29.2981122],[121.5577627,29.298153],[121.5578654,29.2981448]]]},"properties":{"osmId":1192014889,"kind":"water","name":null}},{"type":"Feature","geometry":{"type":"Polygon","coordinates":[[[121.5612073,29.305151],[121.562407,29.306],[121.5623648,29.3060969],[121.5620927,29.3062406],[121.5618857,29.3063342],[121.5617822,29.3062941],[121.5615676,29.306127],[121.5612418,29.3060568],[121.5602567,29.3060434],[121.5599424,29.3065047],[121.5599424,29.3067219],[121.5598198,29.306869],[121.5592678,29.306879],[121.5591682,29.3066517],[121.559287,29.306244],[121.5594518,29.3060067],[121.5597393,29.3058329],[121.5599807,29.3055955],[121.5600612,29.3054518],[121.5602414,29.3053749],[121.5604829,29.3053482],[121.5607818,29.3053048],[121.5610233,29.305258],[121.5612073,29.305151]]]},"properties":{"osmId":1192014891,"kind":"water","name":null}},{"type":"Feature","geometry":{"type":"Polygon","coordinates":[[[121.5584054,29.3065214],[121.5580451,29.306498],[121.5579761,29.306381],[121.5580681,29.3062473],[121.5581409,29.3061738],[121.5585242,29.3061604],[121.5584054,29.3065214]]]},"properties":{"osmId":1192014893,"kind":"water","name":null}},{"type":"Feature","geometry":{"type":"Polygon","coordinates":[[[121.5714144,29.303747],[121.5703523,29.3050381],[121.570034,29.3052907],[121.5697228,29.3057024],[121.5694237,29.3061257],[121.5694868,29.3062045],[121.5696299,29.3059643],[121.5696907,29.3059955],[121.5699017,29.3063043],[121.5701162,29.3066348],[121.5701878,29.307034],[121.570245,29.307218],[121.5705096,29.307533],[121.5705347,29.3078885],[121.5705668,29.3083032],[121.5709352,29.3083157],[121.5715861,29.3093355],[121.5720653,29.3099685],[121.5731775,29.3107606],[121.5739172,29.3112444],[121.5742254,29.3108708],[121.5739858,29.3107887],[121.5732097,29.3102211],[121.5728342,29.3098874],[121.572498,29.3093822],[121.5719473,29.3089519],[121.5715754,29.3085901],[121.5710604,29.30777],[121.5705132,29.3070558],[121.5705275,29.3066785],[121.5709781,29.3064664],[121.5711176,29.3060111],[121.5712928,29.3054654],[121.5715289,29.3051254],[121.5715181,29.3046732],[121.5715503,29.304483],[121.5717041,29.3043146],[121.5720689,29.3041555],[121.5725016,29.30351],[121.5735244,29.302038],[121.5736567,29.3020255],[121.5740895,29.3016232],[121.5745937,29.3009651],[121.5749764,29.3003539],[121.5750157,29.3000763],[121.5749151,29.3000565],[121.5745166,29.2998773],[121.5743184,29.3000045],[121.5741002,29.3004256],[121.5737533,29.3008466],[121.5734457,29.3012365],[121.5731132,29.3015327],[121.5731489,29.3017105],[121.5726518,29.3021752],[121.5724623,29.3024122],[121.5721404,29.3028426],[121.5720152,29.3031326],[121.5718865,29.3033696],[121.5717577,29.3036316],[121.5717184,29.3036784],[121.5714144,29.303747]]]},"properties":{"osmId":1192014894,"kind":"water","name":null}},{"type":"Feature","geometry":{"type":"Polygon","coordinates":[[[121.5729034,29.3272715],[121.5727532,29.3273806],[121.5725565,29.3273806],[121.572299,29.3273089],[121.5719664,29.3272746],[121.5717232,29.3272902],[121.5713656,29.3272684],[121.5712762,29.3273152],[121.5712869,29.3276082],[121.5711367,29.3273588],[121.5710116,29.3271437],[121.5711224,29.327047],[121.5714407,29.3269784],[121.5717697,29.3269753],[121.5720451,29.3269504],[121.5723598,29.3269691],[121.5725637,29.3269753],[121.5729034,29.3272715]]]},"properties":{"osmId":1192014898,"kind":"water","name":null}},{"type":"Feature","geometry":{"type":"Polygon","coordinates":[[[121.5791402,29.494427],[121.5795303,29.4936804],[121.5796237,29.493778],[121.5797171,29.4938674],[121.5798291,29.4938674],[121.5799941,29.4937725],[121.5802276,29.4938728],[121.5806012,29.4940787],[121.5805514,29.4944337],[121.5807351,29.4945747],[121.5804611,29.4950191],[121.5791402,29.494427]]]},"properties":{"osmId":1192597993,"kind":"water","name":null}},{"type":"Feature","geometry":{"type":"Polygon","coordinates":[[[121.5806137,29.4934853],[121.5806666,29.4936208],[121.5807694,29.4936804],[121.5809499,29.4938863],[121.5810745,29.4942332],[121.5812083,29.4944581],[121.5816567,29.494515],[121.5817968,29.4944879],[121.5819618,29.4943308],[121.5819898,29.4941763],[121.5819711,29.4940056],[121.5819088,29.4938647],[121.5819182,29.493759],[121.5819742,29.4936912],[121.5820085,29.4936127],[121.5820085,29.4934934],[121.5819555,29.4933796],[121.5818341,29.4930327],[121.5816816,29.4931005],[121.5816037,29.4930842],[121.5814885,29.4930409],[121.5813516,29.4930327],[121.5811461,29.4931628],[121.5806137,29.4934853]]]},"properties":{"osmId":1192597994,"kind":"water","name":null}},{"type":"Feature","geometry":{"type":"Polygon","coordinates":[[[121.5673838,29.4879488],[121.5677905,29.4880954],[121.5683616,29.4883386],[121.5685937,29.4884405],[121.5686532,29.488428],[121.5687107,29.488394],[121.5688586,29.4883314],[121.5689367,29.4883136],[121.5690332,29.4882689],[121.5690373,29.4882385],[121.5690291,29.4881133],[121.5690065,29.4880275],[121.5689819,29.4879309],[121.5689778,29.4878308],[121.5689921,29.4877611],[121.5690168,29.487686],[121.5690887,29.487618],[121.5691708,29.4875287],[121.5692427,29.4874857],[121.5692427,29.4873999],[121.5692366,29.4873159],[121.5689901,29.4870066],[121.5688258,29.4869601],[121.5686943,29.486944],[121.5686039,29.4868939],[121.5685115,29.4869225],[121.5683636,29.4869797],[121.5680699,29.4870387],[121.5679487,29.4871979],[121.5678213,29.4872926],[121.5677125,29.4873659],[121.5676118,29.4874536],[121.5675194,29.4876055],[121.5673838,29.4879488]]]},"properties":{"osmId":1192597999,"kind":"water","name":null}},{"type":"Feature","geometry":{"type":"LineString","coordinates":[[121.3337174,29.3363465],[121.3345007,29.336571],[121.3350265,29.3365946],[121.3355442,29.3363418],[121.3364079,29.335698]]},"properties":{"osmId":1193072534,"kind":"stream","name":null}},{"type":"Feature","geometry":{"type":"Polygon","coordinates":[[[121.3390636,29.3405815],[121.3391976,29.3406701],[121.3393102,29.3407446],[121.3390907,29.3409619],[121.3390094,29.3411816],[121.3389389,29.3414746],[121.3388983,29.3415266],[121.3387655,29.3413966],[121.3387113,29.3412974],[121.338676,29.3411651],[121.3386245,29.3410233],[121.3386408,29.3408934],[121.3387573,29.3407989],[121.3390636,29.3405815]]]},"properties":{"osmId":1193072535,"kind":"water","name":null}},{"type":"Feature","geometry":{"type":"LineString","coordinates":[[121.3391976,29.3406701],[121.339313,29.3403405],[121.3394458,29.3397806],[121.3394539,29.3395845],[121.3394187,29.3393317],[121.3393319,29.3388804],[121.3393645,29.3385307],[121.3393916,29.3380062],[121.339069,29.3373305],[121.3391043,29.3369973],[121.3392262,29.3365413],[121.3392967,29.3362129],[121.3394403,29.3354025],[121.3394206,29.3350899]]},"properties":{"osmId":1193072536,"kind":"stream","name":null}},{"type":"Feature","geometry":{"type":"Polygon","coordinates":[[[121.3744839,29.2923415],[121.3707455,29.2949139],[121.3691311,29.2959708],[121.3680917,29.2967948],[121.3668757,29.2975579],[121.3656269,29.2981956],[121.361642,29.3002942],[121.3577815,29.3019341],[121.3567067,29.3022284],[121.3559714,29.3023789],[121.3552196,29.3024577],[121.3541515,29.3025186],[121.3531779,29.3024254],[121.3526069,29.3023968],[121.351091,29.3023359],[121.350157,29.3023267],[121.3498901,29.3023674],[121.3496365,29.302478],[121.3494596,29.3026322],[121.347591,29.3042792],[121.3470471,29.3048291],[121.3451251,29.3062811],[121.3448916,29.3065808],[121.3445412,29.3074304],[121.3440507,29.3084343],[121.3437537,29.3084081],[121.3439472,29.3079658],[121.3442175,29.3073548],[121.3445145,29.3065721],[121.3442409,29.3065081],[121.3439673,29.3065081],[121.3439105,29.3061414],[121.3441641,29.3058388],[121.3444945,29.3055013],[121.3463064,29.3041133],[121.3465399,29.3039155],[121.3468436,29.3036245],[121.3476444,29.3029145],[121.3481983,29.3023471],[121.3484557,29.3020868],[121.3485967,29.301945],[121.348865,29.3017347],[121.3491415,29.3015479],[121.3494098,29.3014747],[121.3496158,29.3014014],[121.3499337,29.3013118],[121.3524372,29.3013541],[121.3533966,29.3014652],[121.3541284,29.3014794],[121.3545973,29.3014581],[121.3546515,29.301529],[121.3549903,29.3015314],[121.3550689,29.3014439],[121.3556787,29.3013778],[121.355901,29.301347],[121.3562371,29.3012879],[121.356584,29.301165],[121.3574567,29.3009263],[121.3583321,29.3005741],[121.3591805,29.3002196],[121.3601155,29.2998178],[121.3614316,29.2992144],[121.362546,29.2986295],[121.3647717,29.2975092],[121.3666803,29.2964732],[121.3672109,29.296092],[121.3678048,29.295542],[121.3682119,29.2952161],[121.3693498,29.2945176],[121.3697702,29.2941364],[121.3700939,29.2938687],[121.3713051,29.2931179],[121.3754376,29.2902757],[121.378531,29.2882155],[121.3802851,29.2870762],[121.3803591,29.2872732],[121.3807699,29.2870582],[121.381115,29.2867214],[121.3814354,29.286553],[121.3826925,29.2862198],[121.383777,29.2859511],[121.3845452,29.2858293],[121.3874537,29.2853169],[121.3915043,29.2845573],[121.3918247,29.2844856],[121.3917056,29.2831706],[121.3916357,29.2828338],[121.3913975,29.282669],[121.3914385,29.2824791],[121.3915002,29.2822964],[121.391381,29.2819022],[121.3916439,29.2817589],[121.3917877,29.282042],[121.3918863,29.2823501],[121.3919397,29.2828123],[121.3921903,29.2843136],[121.3922725,29.2844606],[121.3934679,29.2841847],[121.3942731,29.2840807],[121.3969023,29.2841488],[121.397995,29.2842277],[121.3997409,29.2845465],[121.4003325,29.2847364],[121.4016799,29.2852524],[121.4031054,29.2857684],[121.4037874,29.2858364],[121.404414,29.2858812],[121.4044448,29.2869131],[121.4038695,29.2868433],[121.4028959,29.2866928],[121.4021483,29.286528],[121.401153,29.2860477],[121.400519,29.2857654],[121.3997749,29.2856432],[121.3984568,29.2854074],[121.396962,29.285227],[121.3962279,29.2851368],[121.3954404,29.2851746],[121.3949365,29.2850757],[121.394089,29.2851048],[121.3936752,29.2852445],[121.3926842,29.2854394],[121.3897145,29.2859837],[121.3876657,29.2863475],[121.3850163,29.2868393],[121.3833712,29.2871682],[121.3823368,29.2874534],[121.3816394,29.2877037],[121.3806651,29.2881722],[121.3789366,29.2892956],[121.3767477,29.2907827],[121.3758601,29.2914433],[121.3758668,29.2915568],[121.3760103,29.2922727],[121.3761438,29.2928663],[121.3759035,29.2927877],[121.3758434,29.2925317],[121.3756899,29.2918274],[121.3755798,29.2917634],[121.3754998,29.2916499],[121.3744839,29.2923415]]]},"properties":{"osmId":1193074616,"kind":"water","name":null}},{"type":"Feature","geometry":{"type":"LineString","coordinates":[[121.669792,29.2495875],[121.6698257,29.2493784],[121.6699029,29.2490416],[121.6699691,29.2486566],[121.6701235,29.2480888],[121.6702669,29.2479252],[121.6704765,29.2474344],[121.6706825,29.2469239]]},"properties":{"osmId":1195253831,"kind":"river","name":null}},{"type":"Feature","geometry":{"type":"LineString","coordinates":[[121.6698699,29.2498095],[121.669792,29.2495875]]},"properties":{"osmId":1195253832,"kind":"river","name":null}},{"type":"Feature","geometry":{"type":"Polygon","coordinates":[[[121.2338901,29.1909429],[121.2340324,29.1909943],[121.2341218,29.1911824],[121.2342985,29.1912199],[121.2346788,29.1912925],[121.2347906,29.1912428],[121.2347906,29.1910706],[121.2346138,29.191131],[121.2344898,29.1911665],[121.2343739,29.1910937],[121.2343841,29.1908932],[121.2343068,29.1907441],[121.234193,29.1906164],[121.2342194,29.1904424],[121.2342682,29.1901816],[121.2341056,29.1900875],[121.2341605,29.1902881],[121.2341483,29.1904158],[121.2340405,29.1905702],[121.2338657,29.1906962],[121.2338901,29.1909429]]]},"properties":{"osmId":1209326374,"kind":"water","name":null}},{"type":"Feature","geometry":{"type":"Polygon","coordinates":[[[121.3995093,29.398908],[121.3999947,29.3986533],[121.4002603,29.3990459],[121.4002683,29.3995787],[121.4001637,29.3999666],[121.4002978,29.4003218],[121.4002281,29.4006933],[121.3999036,29.4004877],[121.3998472,29.4002236],[121.399697,29.3998497],[121.3995924,29.3993006],[121.3995817,29.3990295],[121.3995093,29.398908]]]},"properties":{"osmId":1209715670,"kind":"water","name":null}},{"type":"Feature","geometry":{"type":"Polygon","coordinates":[[[121.503183,29.2375999],[121.5046608,29.2378873],[121.5048275,29.2381622],[121.5048376,29.2384176],[121.5046953,29.2385329],[121.5044982,29.2386358],[121.5044535,29.2388912],[121.5043701,29.2391608],[121.50424,29.2396007],[121.5041485,29.239826],[121.5037989,29.2401062],[121.5035712,29.2403155],[121.5030346,29.2409647],[121.502874,29.2411137],[121.5026972,29.2412822],[121.5025406,29.2411829],[121.502439,29.2408973],[121.5025671,29.2404752],[121.5027419,29.2401275],[121.5029899,29.2398153],[121.5031118,29.2396646],[121.5032216,29.2392424],[121.5032867,29.2389515],[121.5032806,29.2386234],[121.503309,29.2383875],[121.5032867,29.2382402],[121.5032094,29.2380859],[121.5029025,29.238015],[121.5027683,29.2378482],[121.5029411,29.2376815],[121.503183,29.2375999]]]},"properties":{"osmId":1210271570,"kind":"water","name":"申坎头水库"}},{"type":"Feature","geometry":{"type":"Polygon","coordinates":[[[121.4904584,29.2279354],[121.4904299,29.2278236],[121.4904157,29.2277119],[121.490621,29.2277261],[121.4908039,29.2276622],[121.4908771,29.2275469],[121.4918671,29.2273642],[121.4920622,29.2274866],[121.4919565,29.2276196],[121.4918854,29.2280489],[121.4917065,29.2281359],[121.4916109,29.2281855],[121.4916191,29.2283878],[121.4916048,29.2287159],[121.4916475,29.2288703],[121.4916902,29.228998],[121.4916618,29.2290885],[121.4916597,29.2292907],[121.4916048,29.22939],[121.4914666,29.229296],[121.491365,29.2291789],[121.491365,29.2290565],[121.4914869,29.228927],[121.4914483,29.2288312],[121.4912308,29.2287745],[121.4910845,29.2286255],[121.4910621,29.2284427],[121.4910397,29.2283523],[121.4909584,29.2283523],[121.4909625,29.228292],[121.4909625,29.2281891],[121.4909015,29.2280649],[121.4907816,29.2279514],[121.4906617,29.2278751],[121.4905681,29.227907],[121.4904584,29.2279354]]]},"properties":{"osmId":1210271577,"kind":"water","name":"朝定坑水库"}},{"type":"Feature","geometry":{"type":"Polygon","coordinates":[[[121.4167023,29.3911353],[121.4172587,29.3912587],[121.4175368,29.3912411],[121.4176835,29.3909943],[121.4173396,29.3906771],[121.4154076,29.3893286],[121.4147855,29.3885618],[121.4145326,29.3883591],[121.4140471,29.3883106],[121.4140471,29.3879978],[121.4135969,29.3879845],[121.4136273,29.3886808],[121.4138448,29.3888395],[121.4146034,29.389051],[121.4152305,29.3896062],[121.4153549,29.3900547],[121.415746,29.3904636],[121.4161308,29.390655],[121.4167023,29.3911353]]]},"properties":{"osmId":1216256218,"kind":"water","name":null}},{"type":"Feature","geometry":{"type":"Polygon","coordinates":[[[121.4254133,29.3979527],[121.425313,29.3979668],[121.4251531,29.3979881],[121.4250528,29.3980447],[121.4249498,29.3980872],[121.4248089,29.398092],[121.4246842,29.398066],[121.4246354,29.3979857],[121.4245758,29.3978983],[121.4245026,29.3978251],[121.424378,29.3978015],[121.4242587,29.397785],[121.4241151,29.3978015],[121.4239037,29.3979456],[121.4236923,29.3980022],[121.4236435,29.3978606],[121.4238901,29.3976787],[121.42405,29.3975253],[121.4242262,29.3973694],[121.4243373,29.3972797],[121.424481,29.3972112],[121.424668,29.3971663],[121.4248983,29.3972443],[121.4249471,29.3973505],[121.4250691,29.3973741],[121.4252805,29.3973363],[121.4254052,29.3971852],[121.4255,29.3971711],[121.4254133,29.3979527]]]},"properties":{"osmId":1216256228,"kind":"water","name":null}},{"type":"Feature","geometry":{"type":"Polygon","coordinates":[[[121.4274427,29.401319],[121.4276129,29.4007267],[121.4274157,29.4002861],[121.427097,29.3994136],[121.426829,29.3989554],[121.4262474,29.3982636],[121.42604,29.3981005],[121.4258377,29.3979463],[121.4258579,29.3971884],[121.4263839,29.3972325],[121.4266115,29.3977568],[121.4270262,29.398312],[121.4274612,29.3989157],[121.4279063,29.4000261],[121.4281187,29.4006033],[121.4281811,29.4012617],[121.4274427,29.401319]]]},"properties":{"osmId":1216256229,"kind":"water","name":null}},{"type":"Feature","geometry":{"type":"Polygon","coordinates":[[[121.4204936,29.4146881],[121.420557,29.4147753],[121.4207105,29.4148335],[121.420844,29.4149556],[121.4209775,29.4151183],[121.421111,29.415191],[121.421191,29.4151852],[121.4212544,29.41513],[121.4213145,29.4149788],[121.4213512,29.4148771],[121.4213612,29.4147579],[121.4213646,29.4146126],[121.4213278,29.4145196],[121.421171,29.4144934],[121.4209441,29.4145254],[121.4207472,29.4145573],[121.4205904,29.4145603],[121.4204803,29.4146009],[121.4204936,29.4146881]]]},"properties":{"osmId":1216256236,"kind":"water","name":null}},{"type":"Feature","geometry":{"type":"Polygon","coordinates":[[[121.4259488,29.4071027],[121.4261764,29.4071732],[121.426232,29.407041],[121.4262523,29.4062523],[121.4262118,29.4059835],[121.4260145,29.4059527],[121.4259235,29.4059086],[121.4259235,29.405565],[121.4260499,29.4054504],[121.4263332,29.4054592],[121.4263787,29.4051508],[121.4262877,29.4049129],[121.4261157,29.4049041],[121.4258628,29.4053182],[121.4257313,29.4056002],[121.4256656,29.4060056],[121.4257566,29.4064858],[121.4259488,29.4071027]]]},"properties":{"osmId":1216256237,"kind":"water","name":null}},{"type":"Feature","geometry":{"type":"LineString","coordinates":[[121.2958476,29.1313625],[121.2956648,29.1313405],[121.2954881,29.131057],[121.295332,29.1308776],[121.2951389,29.1308668],[121.2950157,29.1309888],[121.2948185,29.1315056],[121.2947487,29.1321264],[121.2948432,29.1324493],[121.2951841,29.1329984],[121.2951841,29.1334038],[121.2951348,29.1338739],[121.2952745,29.1345736],[121.2951513,29.1348715],[121.2948966,29.1351047],[121.2940174,29.1355461],[121.2937833,29.1356071],[121.2937874,29.1357255],[121.2939312,29.1360054],[121.2939271,29.1364503],[121.2937874,29.1370208],[121.2936198,29.1375915],[121.293114,29.1385899],[121.2930281,29.1388815],[121.2930483,29.1390979],[121.2932506,29.1393895],[121.2934934,29.1398268],[121.2936653,29.1405248],[121.2939384,29.1414878],[121.2941407,29.1421018],[121.2946263,29.1424596],[121.2947881,29.1426186],[121.294869,29.1430957],[121.2945201,29.1434535],[121.2944387,29.1435923],[121.2947814,29.1447473],[121.2949498,29.1449267],[121.2954223,29.1453142],[121.29564,29.1461717],[121.2958947,29.1469072],[121.2961103,29.1470381],[121.2963466,29.1470435],[121.2965479,29.1470722],[121.2968683,29.1468426],[121.297238,29.1464551],[121.2974557,29.146265],[121.2975995,29.1462614],[121.2999452,29.1472875],[121.300697,29.1476822],[121.3013173,29.1478436],[121.3018514,29.1480123],[121.3020594,29.1481445]]},"properties":{"osmId":1216396751,"kind":"stream","name":null}},{"type":"Feature","geometry":{"type":"LineString","coordinates":[[121.2977393,29.130709],[121.2974107,29.1306228],[121.2972094,29.1304649],[121.2968725,29.1305259],[121.2966877,29.1308633],[121.2964823,29.1314159],[121.2962317,29.1314087],[121.2959704,29.1313773]]},"properties":{"osmId":1216396754,"kind":"stream","name":null}},{"type":"Feature","geometry":{"type":"LineString","coordinates":[[121.2959704,29.1313773],[121.2958476,29.1313625]]},"properties":{"osmId":1216396755,"kind":"stream","name":null}},{"type":"Feature","geometry":{"type":"Polygon","coordinates":[[[121.5207264,29.3832059],[121.5211227,29.3833879],[121.5214377,29.3835698],[121.521689,29.3831689],[121.5213422,29.3829808],[121.5209883,29.3827927],[121.5208396,29.3828944],[121.5207724,29.3830579],[121.5207264,29.3832059]]]},"properties":{"osmId":1217558350,"kind":"water","name":null}},{"type":"Feature","geometry":{"type":"LineString","coordinates":[[121.3076771,29.225053],[121.3083642,29.2247301],[121.3088277,29.2242654],[121.309653,29.2224878],[121.3099863,29.222094],[121.3108726,29.2217675],[121.311706,29.2210544],[121.3120679,29.2208912],[121.3121817,29.2206605],[121.3120882,29.2204264],[121.3116166,29.2202809],[121.3115556,29.2201248],[121.311702,29.2199083],[121.3123484,29.2197451],[121.312637,29.2194293],[121.312824,29.219],[121.3132143,29.21845],[121.313629,29.2180597],[121.313877,29.2181804],[121.3140884,29.2180207],[121.3145478,29.2170236],[121.314812,29.2159734],[121.3155154,29.2146498],[121.3165155,29.2132944],[121.3183327,29.2135037],[121.3188043,29.2138621],[121.3190035,29.2139686],[121.3195036,29.2143269],[121.3201175,29.2145185],[121.3211704,29.214586],[121.3213168,29.2148663],[121.3212639,29.2152992],[121.3215811,29.2161472],[121.3218738,29.2163317],[121.3220648,29.2166546],[121.3222153,29.2178149],[121.3223047,29.2182087],[121.322386,29.2183507],[121.3225568,29.2184358],[121.3226869,29.2184713],[121.3228901,29.2184465],[121.3231381,29.2184145],[121.3232438,29.2185174],[121.3232642,29.2187587],[121.3234512,29.2190781],[121.323626,29.2198693],[121.3242508,29.2211796],[121.3249718,29.2214323],[121.3260533,29.221712],[121.3266187,29.2217023],[121.327418,29.2222173],[121.3276594,29.2228353],[121.3279598,29.2236733],[121.3278472,29.2241836],[121.3266563,29.2251059],[121.3263022,29.2254757],[121.3264417,29.225883],[121.3279115,29.2273343],[121.3283736,29.2278722]]},"properties":{"osmId":1220668791,"kind":"stream","name":null}},{"type":"Feature","geometry":{"type":"LineString","coordinates":[[121.3178352,29.2067906],[121.3179099,29.2072594],[121.3180267,29.2080706],[121.3187225,29.2093668],[121.3192876,29.2103002],[121.3201375,29.2112418],[121.3210342,29.2118695],[121.3221083,29.2123057],[121.3226733,29.2123627],[121.3233178,29.212379],[121.324079,29.2120937],[121.3246047,29.2116802]]},"properties":{"osmId":1220668812,"kind":"stream","name":null}},{"type":"Feature","geometry":{"type":"Polygon","coordinates":[[[121.3280025,29.2238174],[121.3279408,29.2245711],[121.3278523,29.2245594],[121.3276833,29.2247139],[121.3268143,29.225079],[121.326648,29.2252593],[121.3266105,29.2255917],[121.3265783,29.2259568],[121.3265112,29.226123],[121.3262725,29.225896],[121.3261277,29.2259053],[121.325956,29.2259475],[121.3260579,29.225807],[121.3261491,29.2255589],[121.3264844,29.2250393],[121.3269109,29.2246296],[121.327509,29.2241755],[121.3277343,29.224028],[121.3278255,29.2239508],[121.3278899,29.2237401],[121.3280025,29.2238174]]]},"properties":{"osmId":1220668824,"kind":"water","name":null}},{"type":"Feature","geometry":{"type":"Polygon","coordinates":[[[121.3609966,29.2316359],[121.361084,29.2317707],[121.3614723,29.2319322],[121.3618829,29.2321095],[121.3621512,29.2322781],[121.3624907,29.2323472],[121.3628769,29.2323579],[121.3631289,29.2323331],[121.3632448,29.232271],[121.3632895,29.2321699],[121.3632428,29.2320918],[121.3629399,29.2319428],[121.3619012,29.2315721],[121.3617182,29.2314958],[121.3610698,29.2311658],[121.3609417,29.2311517],[121.3609072,29.2312102],[121.3609356,29.2312794],[121.3610047,29.2313503],[121.361021,29.2314532],[121.361019,29.2315419],[121.3609966,29.2316359]]]},"properties":{"osmId":1220671879,"kind":"water","name":null}},{"type":"Feature","geometry":{"type":"Polygon","coordinates":[[[121.5989593,29.3914304],[121.5995122,29.3916383],[121.5999435,29.3914879],[121.6006583,29.391794],[121.6011143,29.3918691],[121.6020202,29.3917671],[121.6027226,29.3915255],[121.6027473,29.390994],[121.6029445,29.3906396],[121.6037271,29.390441],[121.6042015,29.3903819],[121.6046452,29.3900061],[121.6057112,29.3891632],[121.606309,29.3890289],[121.6067403,29.3888571],[121.607375,29.388245],[121.6077139,29.3879605],[121.6083733,29.3880034],[121.6087615,29.3878961],[121.6086198,29.3871122],[121.6070669,29.3855658],[121.6069772,29.3854674],[121.6063768,29.3848087],[121.605095,29.3844973],[121.6047684,29.3843899],[121.6044172,29.3842128],[121.6042755,29.3840785],[121.603154,29.3840033],[121.6028828,29.3840732],[121.6026857,29.3846047],[121.6025501,29.3848624],[121.6008863,29.3856356],[121.6006707,29.3860866],[121.6005289,29.3863229],[121.6000853,29.3865108],[121.5985879,29.3867471],[121.5979655,29.3867202],[121.5989593,29.3914304]]]},"properties":{"osmId":1237193715,"kind":"water","name":"宁海抽水蓄能电站 上水库"}},{"type":"Feature","geometry":{"type":"Polygon","coordinates":[[[121.5491593,29.3161392],[121.549662,29.3161498],[121.549737,29.3160829],[121.5498417,29.31585],[121.5498946,29.3157327],[121.549922,29.315672],[121.5497108,29.3154711],[121.5493827,29.3153524],[121.5491436,29.3153174],[121.5487718,29.315287],[121.5484559,29.3152809],[121.5479079,29.3152291],[121.5474035,29.3152794],[121.5474314,29.3154422],[121.5477805,29.3154422],[121.5481051,29.3154285],[121.5483949,29.3155229],[121.5484385,29.3156431],[121.5485362,29.3157633],[121.548634,29.3158348],[121.5488364,29.3159124],[121.5489708,29.3159109],[121.5490843,29.3159474],[121.549175,29.3160098],[121.5491593,29.3161392]]]},"properties":{"osmId":1244894868,"kind":"water","name":null}},{"type":"Feature","geometry":{"type":"Polygon","coordinates":[[[121.5519134,29.3165059],[121.5520723,29.3165592],[121.5523759,29.3166033],[121.5525959,29.3165927],[121.5526849,29.3165425],[121.5526988,29.316512],[121.5526314,29.3161363],[121.5526185,29.3160646],[121.5523428,29.3161955],[121.5521211,29.3162061],[121.5520094,29.3161894],[121.5519361,29.3162625],[121.5519134,29.3165059]]]},"properties":{"osmId":1244894871,"kind":"water","name":null}},{"type":"Feature","geometry":{"type":"Polygon","coordinates":[[[121.7400246,29.2255],[121.7418944,29.2250649],[121.7407532,29.2227677],[121.7394816,29.2210257],[121.7364596,29.2171746],[121.7355422,29.2163304],[121.7355007,29.2155044],[121.7358743,29.2152689],[121.735866,29.2151384],[121.735509,29.2151674],[121.7354758,29.2145696],[121.7354301,29.2136385],[121.7350607,29.2136059],[121.7350275,29.2155841],[121.7348905,29.2154826],[121.7339274,29.2146783],[121.7330806,29.213653],[121.7326738,29.2135298],[121.7319225,29.2137798],[121.7311794,29.2142689],[121.7312458,29.2147942],[121.731524,29.2152797],[121.731993,29.2158014],[121.7328648,29.2165224],[121.7333795,29.2170768],[121.7345626,29.2184317],[121.7341807,29.2189643],[121.7344256,29.2190585],[121.7347826,29.2186781],[121.7349652,29.2187324],[121.7358494,29.2197215],[121.7367336,29.220591],[121.7381616,29.222435],[121.7393695,29.2242645],[121.7400246,29.2255]]]},"properties":{"osmId":1244900312,"kind":"water","name":null}},{"type":"Feature","geometry":{"type":"LineString","coordinates":[[121.5797301,29.3603166],[121.5796279,29.3603726],[121.5790961,29.3606196],[121.5788828,29.3606069],[121.5782985,29.3604541],[121.5779303,29.3603038],[121.5777697,29.3601663],[121.5775651,29.3598786],[121.5772993,29.359517],[121.5772496,29.3592776],[121.5772584,29.3589517],[121.5774629,29.358422],[121.5774961,29.3581061],[121.5773954,29.3579336],[121.5772731,29.3577831],[121.5769638,29.357686],[121.5765141,29.35757],[121.5761508,29.3573066],[121.5760178,29.3569931],[121.5760573,29.3567893],[121.5761365,29.3560432],[121.5760393,29.3554976],[121.5758199,29.3552531],[121.5755753,29.3552468],[121.5752192,29.3553095],[121.5746473,29.3555415],[121.5741329,29.355808],[121.5739423,29.3557735],[121.5737085,29.3556356],[121.5733236,29.3553628],[121.5729279,29.3552374],[121.5724279,29.3550932],[121.5722085,29.3549772],[121.5720251,29.3546825],[121.5720538,29.3544003],[121.5722768,29.3538485],[121.5724315,29.3536197],[121.5725178,29.3533594],[121.572302,29.3530867],[121.5720358,29.3524784],[121.5719171,29.3521398],[121.5716977,29.3514658],[121.5716977,29.3511397],[121.5717373,29.3504593],[121.5718596,29.3501928],[121.5718632,29.350058],[121.571838,29.3499295],[121.5713092,29.3493463],[121.5710575,29.3492648],[121.570892,29.3492177],[121.5706942,29.3492052],[121.5705395,29.3491644],[121.5704316,29.3490578],[121.5704316,29.3489418],[121.5704424,29.3487443],[121.5704028,29.3483116],[121.5701834,29.347672],[121.5697301,29.3467972],[121.5696654,29.3465621],[121.5698704,29.3459381],[121.5702481,29.3448971],[121.5705683,29.3447121],[121.5708668,29.3446275],[121.5709999,29.3445271],[121.5710467,29.3443704],[121.5710323,29.3441321],[121.5709172,29.3437966],[121.570633,29.3435865],[121.5702505,29.3436967]]},"properties":{"osmId":1247092586,"kind":"stream","name":null}},{"type":"Feature","geometry":{"type":"LineString","coordinates":[[121.4534756,29.369601],[121.454637,29.3696177],[121.4551238,29.369621],[121.4554687,29.3694874],[121.4557025,29.3693638],[121.4558252,29.3691934],[121.4568179,29.3670656],[121.4578337,29.3648843],[121.4591829,29.3619914],[121.4595135,29.3613377]]},"properties":{"osmId":1247220519,"kind":"stream","name":"槐路河"}},{"type":"Feature","geometry":{"type":"Polygon","coordinates":[[[121.4129005,29.3440657],[121.4129946,29.3428819],[121.4127444,29.3427765],[121.4122678,29.3426154],[121.4118488,29.3425115],[121.4117256,29.3426082],[121.4118159,29.3428517],[121.4119474,29.3429806],[121.4117438,29.3431588],[121.4116437,29.3433042],[121.4116204,29.3434118],[121.4116904,29.3435689],[121.4118072,29.3436591],[121.4118873,29.3436823],[121.4119373,29.3437172],[121.4120575,29.3438016],[121.4121676,29.3438772],[121.4125346,29.3439267],[121.4127182,29.3439325],[121.4129005,29.3440657]]]},"properties":{"osmId":1247259063,"kind":"water","name":null}},{"type":"Feature","geometry":{"type":"Polygon","coordinates":[[[121.4342413,29.2667966],[121.4343869,29.2662717],[121.4345287,29.2663686],[121.4347434,29.2666228],[121.4349235,29.2667732],[121.4349274,29.2669036],[121.4348354,29.2669337],[121.4346782,29.2669371],[121.4342413,29.2667966]]]},"properties":{"osmId":1249481756,"kind":"water","name":null}},{"type":"Feature","geometry":{"type":"Polygon","coordinates":[[[121.3038166,29.3984051],[121.3043745,29.3987416],[121.3047249,29.3986824],[121.3051791,29.398564],[121.3055546,29.3984176],[121.3054616,29.3983397],[121.3050647,29.3983303],[121.3048894,29.3982368],[121.3047357,29.3980779],[121.3046212,29.3978817],[121.3044567,29.3975545],[121.3043959,29.3972772],[121.3041205,29.397838],[121.303813,29.398187],[121.3038166,29.3984051]]]},"properties":{"osmId":1249481780,"kind":"water","name":null}},{"type":"Feature","geometry":{"type":"Polygon","coordinates":[[[121.2652978,29.382965],[121.2654517,29.3829929],[121.2656667,29.3829043],[121.2657016,29.3831144],[121.2656812,29.3832941],[121.2655738,29.3836611],[121.265353,29.3838307],[121.2649928,29.3840104],[121.2648504,29.3842433],[121.2648708,29.3844635],[121.2651293,29.3845976],[121.2651526,29.3847166],[121.2649202,29.3847596],[121.2646384,29.384671],[121.2645048,29.3844381],[121.2644234,29.3843774],[121.2643828,29.384266],[121.2643886,29.3841066],[121.2644961,29.3839522],[121.2646355,29.3838459],[121.2648621,29.3837674],[121.2651671,29.3836054],[121.2653007,29.3833928],[121.2654285,29.3832434],[121.2654111,29.3831144],[121.2652978,29.382965]]]},"properties":{"osmId":1249481784,"kind":"water","name":null}},{"type":"Feature","geometry":{"type":"LineString","coordinates":[[121.2653702,29.3891335],[121.2652415,29.3882828],[121.2650698,29.3876939],[121.2650305,29.3872919],[121.2652593,29.3871455],[121.2653452,29.3868931],[121.2652951,29.386407],[121.2650591,29.386005],[121.2651556,29.3856996],[121.2652808,29.3853755],[121.2653523,29.3851699],[121.2654024,29.3848676],[121.2647873,29.3844656],[121.2646836,29.3842724],[121.2649124,29.3840044],[121.265431,29.3833625],[121.2654811,29.3828888],[121.265406,29.3825336]]},"properties":{"osmId":1249481785,"kind":"stream","name":null}},{"type":"Feature","geometry":{"type":"Polygon","coordinates":[[[121.4962237,29.1662477],[121.4969144,29.1664429],[121.4970279,29.1666177],[121.4971547,29.1667488],[121.4973148,29.1667896],[121.4977052,29.1668945],[121.4975951,29.1669703],[121.4973015,29.1669353],[121.4970679,29.166979],[121.4968877,29.167116],[121.4966875,29.1672908],[121.4967509,29.1675093],[121.4966041,29.1675355],[121.4965374,29.1673694],[121.4964907,29.1670693],[121.4965374,29.1668537],[121.496514,29.1666556],[121.4964239,29.1665886],[121.4962404,29.1664429],[121.496147,29.1663846],[121.4962237,29.1662477]]]},"properties":{"osmId":1250192752,"kind":"water","name":null}},{"type":"Feature","geometry":{"type":"Polygon","coordinates":[[[121.5231222,29.3905365],[121.5237095,29.3900888],[121.5237962,29.3903301],[121.5238797,29.3905046],[121.5240165,29.390586],[121.5242667,29.3906412],[121.5247906,29.3906732],[121.5249307,29.3907924],[121.5249608,29.3908738],[121.5249174,29.3909494],[121.5247802,29.3909606],[121.5247341,29.3909748],[121.5245959,29.3909748],[121.5246013,29.3911425],[121.5244305,29.3911071],[121.5243682,29.3910527],[121.5242083,29.3910787],[121.5240782,29.3910929],[121.5236852,29.3910291],[121.5234935,29.3909693],[121.5233898,29.3907835],[121.5231222,29.3905365]]]},"properties":{"osmId":1250192769,"kind":"water","name":null}},{"type":"Feature","geometry":{"type":"Polygon","coordinates":[[[121.4083249,29.3747099],[121.4085184,29.375277],[121.4083341,29.3753342],[121.4081772,29.3753656],[121.4079763,29.3753838],[121.4078164,29.3752633],[121.4077351,29.3752067],[121.4078869,29.3750201],[121.4080251,29.3748571],[121.4081877,29.3747343],[121.4082473,29.3747201],[121.4083249,29.3747099]]]},"properties":{"osmId":1250198127,"kind":"water","name":null}},{"type":"Feature","geometry":{"type":"LineString","coordinates":[[121.6409024,29.3051684],[121.6411438,29.303402],[121.6411962,29.302862],[121.6413957,29.3012024],[121.6416405,29.2991888],[121.6419309,29.2971112],[121.6422598,29.2950151],[121.6423017,29.2948199]]},"properties":{"osmId":1250198134,"kind":"stream","name":null}},{"type":"Feature","geometry":{"type":"Polygon","coordinates":[[[121.6698648,29.3186336],[121.6704113,29.3183358],[121.6707225,29.3188857],[121.6710065,29.3191475],[121.6715288,29.3198163],[121.6716332,29.3210002],[121.6719172,29.3213275],[121.6721798,29.3223834],[121.6721396,29.3227794],[121.6722401,29.3230456],[121.6724129,29.3233224],[121.6728469,29.323834],[121.673293,29.3241458],[121.673522,29.3242719],[121.6731845,29.3244857],[121.6728389,29.324293],[121.6723848,29.3237114],[121.6720713,29.3234801],[121.6717538,29.3233119],[121.6707733,29.3232384],[121.6702348,29.3232559],[121.6701468,29.3236541],[121.6699379,29.3247298],[121.6695756,29.3264459],[121.6695135,29.3271516],[121.6695984,29.3275415],[121.6701337,29.3282273],[121.6715961,29.3294539],[121.6710673,29.3298067],[121.6705352,29.3293429],[121.6696245,29.328492],[121.6692851,29.328122],[121.669099,29.3277834],[121.668988,29.3275387],[121.6688999,29.3270577],[121.6691088,29.325484],[121.6692524,29.3251311],[121.6692035,29.3249831],[121.6692394,29.3248778],[121.6691871,29.3245221],[121.6686812,29.323711],[121.6686812,29.323546],[121.6690892,29.3233752],[121.669618,29.3229512],[121.6699607,29.3226239],[121.6700293,29.3224958],[121.6701794,29.3220006],[121.6697518,29.3220917],[121.6695984,29.3217957],[121.6697061,29.3213603],[121.6700456,29.320996],[121.6702512,29.3204581],[121.6703231,29.3196299],[121.6701403,29.319075],[121.6698648,29.3186336]]]},"properties":{"osmId":1250198146,"kind":"water","name":null}},{"type":"Feature","geometry":{"type":"Polygon","coordinates":[[[121.6752775,29.3250819],[121.6772547,29.3252991],[121.6779379,29.3253237],[121.6782352,29.3252431],[121.679481,29.3246124],[121.6807268,29.3239572],[121.681209,29.32374],[121.6821574,29.3236384],[121.682065,29.323302],[121.6813658,29.3233371],[121.680767,29.3235053],[121.6803249,29.3238206],[121.6793203,29.3243076],[121.6787094,29.3245038],[121.6782152,29.3245318],[121.677749,29.3245388],[121.6771783,29.3244933],[121.6765595,29.3243777],[121.6760853,29.3243076],[121.6759687,29.3242585],[121.6756151,29.3244022],[121.6753378,29.3245178],[121.6750846,29.3245984],[121.6750404,29.3250434],[121.6752775,29.3250819]]]},"properties":{"osmId":1250198147,"kind":"water","name":null}},{"type":"Feature","geometry":{"type":"Polygon","coordinates":[[[121.5161914,29.2768528],[121.5167887,29.276716],[121.5168021,29.2768266],[121.516792,29.2771672],[121.5166352,29.2774204],[121.5165284,29.2778541],[121.5165084,29.2780229],[121.5163149,29.2781888],[121.5160579,29.2778744],[121.5160212,29.2777522],[121.5160746,29.2774728],[121.5160661,29.2770658],[121.5161914,29.2768528]]]},"properties":{"osmId":1250984572,"kind":"water","name":null}},{"type":"Feature","geometry":{"type":"Polygon","coordinates":[[[121.5315305,29.2845803],[121.5319947,29.2841897],[121.5321754,29.2843546],[121.5321754,29.2845946],[121.5321796,29.2847702],[121.5321713,29.2848454],[121.5319659,29.284849],[121.5315305,29.2845803]]]},"properties":{"osmId":1250984579,"kind":"water","name":null}},{"type":"Feature","geometry":{"type":"Polygon","coordinates":[[[121.5466531,29.281163],[121.547207,29.281],[121.547267,29.2811572],[121.547247,29.281326],[121.5473138,29.2814628],[121.5474072,29.2816054],[121.5474072,29.2817014],[121.5473138,29.2818615],[121.5472871,29.2818877],[121.547227,29.2818033],[121.547197,29.2817073],[121.5470768,29.2815705],[121.5469868,29.2815617],[121.5468366,29.2815821],[121.5465563,29.281684],[121.5465296,29.2817102],[121.5464295,29.2816229],[121.5465196,29.2815559],[121.5466197,29.2814715],[121.5466464,29.2814017],[121.5466698,29.2812882],[121.5466531,29.281163]]]},"properties":{"osmId":1250984581,"kind":"water","name":null}},{"type":"Feature","geometry":{"type":"LineString","coordinates":[[121.5964456,29.3893373],[121.5959518,29.3894739],[121.5956414,29.3896629],[121.595528,29.3900205],[121.5954732,29.3900963],[121.5954329,29.3901521],[121.5952844,29.3903577],[121.5949808,29.3904653],[121.5947639,29.3904653],[121.5944802,29.3903258],[121.5941966,29.3901077],[121.594146,29.3900419],[121.5939931,29.3898431],[121.5939263,29.3897617],[121.5938062,29.3895495],[121.5935092,29.3893882],[121.5930888,29.3891599],[121.5929687,29.3890058],[121.5926303,29.388576],[121.5921614,29.3885828],[121.5918295,29.3885876],[121.5912989,29.3887824],[121.5908651,29.3889859],[121.5902946,29.3888783],[121.5899749,29.38895],[121.5898407,29.3889801],[121.589417,29.3891022],[121.5888798,29.3889655],[121.588436,29.3890179],[121.5882196,29.3888047],[121.587669,29.3883104],[121.5872385,29.3882087],[121.5865979,29.3880459],[121.5863343,29.3880459],[121.5860604,29.3878979],[121.5858006,29.387825],[121.5854902,29.3877195],[121.5852392,29.3876102],[121.5851357,29.38752],[121.5851151,29.3874848],[121.5849574,29.387215],[121.5848187,29.3871038],[121.5846228,29.3871133],[121.5844841,29.3871958],[121.5843542,29.3872304],[121.5842265,29.3872208],[121.5841143,29.3872131],[121.5839998,29.3871613],[121.5838193,29.3866933],[121.5828947,29.3864842],[121.5823135,29.3862041],[121.5816993,29.3857035],[121.5814505,29.3854043],[121.5812017,29.385105],[121.580931,29.3843742],[121.5803872,29.3839119],[121.5796981,29.384332],[121.5794978,29.3843148],[121.5790575,29.3839733],[121.5787207,29.3829375],[121.5781263,29.3827974],[121.5774328,29.3821836],[121.5766051,29.3812494],[121.5761846,29.3808465]]},"properties":{"osmId":1250984587,"kind":"stream","name":"汶溪"}},{"type":"Feature","geometry":{"type":"Polygon","coordinates":[[[121.6371542,29.4027662],[121.6375609,29.4026374],[121.6380128,29.4032708],[121.6381114,29.4034391],[121.6378854,29.4034963],[121.6374294,29.4033388],[121.6372898,29.4030776],[121.6371542,29.4027662]]]},"properties":{"osmId":1250984591,"kind":"water","name":null}},{"type":"Feature","geometry":{"type":"Polygon","coordinates":[[[121.4984767,29.4633936],[121.4993888,29.4636566],[121.4990693,29.4639854],[121.4988398,29.463993],[121.4986917,29.4642459],[121.4983983,29.4642333],[121.4984825,29.4640461],[121.4983721,29.4640411],[121.4980177,29.4639171],[121.4981252,29.4636996],[121.4982966,29.4635428],[121.4984767,29.4633936]]]},"properties":{"osmId":1251021604,"kind":"water","name":null}},{"type":"Feature","geometry":{"type":"Polygon","coordinates":[[[121.5007973,29.3719952],[121.5010819,29.3717685],[121.500941,29.3716929],[121.5007567,29.371537],[121.5006103,29.3714898],[121.5005832,29.3715606],[121.5006835,29.3717898],[121.5007079,29.3718417],[121.5007973,29.3719952]]]},"properties":{"osmId":1251529378,"kind":"water","name":null}},{"type":"Feature","geometry":{"type":"Polygon","coordinates":[[[121.5106294,29.3860155],[121.5110732,29.385748],[121.5113135,29.3854223],[121.5115821,29.385159],[121.5120242,29.3851868],[121.512101,29.3853031],[121.5120543,29.3857073],[121.5117139,29.3860881],[121.5115904,29.3862132],[121.5112467,29.3862684],[121.5109898,29.3864312],[121.5106294,29.3860155]]]},"properties":{"osmId":1251529381,"kind":"water","name":null}},{"type":"Feature","geometry":{"type":"Polygon","coordinates":[[[121.5791625,29.3322971],[121.5796937,29.3324908],[121.579607,29.3325901],[121.5795148,29.3326492],[121.579298,29.3326728],[121.5790487,29.3327744],[121.5789782,29.3327862],[121.5789592,29.332661],[121.5789917,29.3325263],[121.5791625,29.3322971]]]},"properties":{"osmId":1251529385,"kind":"water","name":null}},{"type":"Feature","geometry":{"type":"Polygon","coordinates":[[[121.5770833,29.3261919],[121.5770566,29.3263868],[121.5772034,29.3264915],[121.5773769,29.3265468],[121.5774804,29.3265468],[121.5775972,29.3265613],[121.5777974,29.3262559],[121.5779642,29.3261424],[121.5782245,29.3261424],[121.5783279,29.3263257],[121.5785014,29.3264333],[121.5789552,29.3264333],[121.5791488,29.3264275],[121.5792122,29.326381],[121.5789786,29.3261424],[121.5786783,29.3258632],[121.5785048,29.325837],[121.5777406,29.3256159],[121.5774603,29.3259882],[121.5773235,29.325965],[121.57711,29.3260668],[121.5770833,29.3261919]]]},"properties":{"osmId":1251529394,"kind":"water","name":null}},{"type":"Feature","geometry":{"type":"Polygon","coordinates":[[[121.5737897,29.3272449],[121.5737158,29.3267793],[121.573991,29.3267185],[121.5742827,29.326722],[121.574258,29.3268366],[121.5745168,29.327159],[121.574636,29.3271375],[121.5747263,29.3272342],[121.5745826,29.3273416],[121.5744388,29.3273452],[121.5743402,29.3274563],[121.5742704,29.3276497],[121.5744265,29.327861],[121.5744716,29.3279433],[121.5743689,29.3279469],[121.5742375,29.3278789],[121.5740814,29.3276855],[121.5739705,29.3273918],[121.5739171,29.3271984],[121.5737897,29.3272449]]]},"properties":{"osmId":1251529397,"kind":"water","name":null}},{"type":"Feature","geometry":{"type":"Polygon","coordinates":[[[121.5812929,29.3289603],[121.58161,29.3290784],[121.5814338,29.3292935],[121.5812414,29.3294329],[121.5811004,29.3295014],[121.5811031,29.3294092],[121.5812278,29.3292533],[121.5812441,29.3291422],[121.5812929,29.3289603]]]},"properties":{"osmId":1251529399,"kind":"water","name":null}},{"type":"Feature","geometry":{"type":"Polygon","coordinates":[[[121.3394681,29.4367405],[121.3397786,29.43638],[121.3399319,29.4362265],[121.3400201,29.4360529],[121.340112,29.4359761],[121.3406295,29.4362732],[121.3404225,29.4364835],[121.3401657,29.4366704],[121.3399242,29.4369509],[121.3397671,29.4370477],[121.3396483,29.4372446],[121.3395141,29.4374282],[121.3394719,29.4373548],[121.3395026,29.4371445],[121.3395908,29.4369876],[121.3395448,29.4368407],[121.3394681,29.4367405]]]},"properties":{"osmId":1252336710,"kind":"water","name":null}},{"type":"Feature","geometry":{"type":"Polygon","coordinates":[[[121.4051934,29.3786944],[121.4056576,29.3783078],[121.4055015,29.3781503],[121.4052468,29.3780787],[121.40514,29.3780608],[121.4052016,29.3782183],[121.4052098,29.3783257],[121.4051605,29.3785047],[121.4051934,29.3786944]]]},"properties":{"osmId":1252778475,"kind":"water","name":null}},{"type":"Feature","geometry":{"type":"LineString","coordinates":[[121.6098534,29.2751356],[121.6094516,29.2750923],[121.606622,29.2753157],[121.6059959,29.27511],[121.6055406,29.274649],[121.6037274,29.2739823]]},"properties":{"osmId":1253305824,"kind":"stream","name":null}},{"type":"Feature","geometry":{"type":"LineString","coordinates":[[121.6014696,29.2718306],[121.601239,29.2715306]]},"properties":{"osmId":1253305825,"kind":"stream","name":null}},{"type":"Feature","geometry":{"type":"LineString","coordinates":[[121.6021942,29.2727903],[121.6018004,29.2722836],[121.6014696,29.2718306]]},"properties":{"osmId":1253305826,"kind":"stream","name":null}},{"type":"Feature","geometry":{"type":"LineString","coordinates":[[121.6024273,29.2730861],[121.6021942,29.2727903]]},"properties":{"osmId":1253305827,"kind":"stream","name":null}},{"type":"Feature","geometry":{"type":"LineString","coordinates":[[121.6029718,29.2737936],[121.6024273,29.2730861]]},"properties":{"osmId":1253305828,"kind":"stream","name":null}},{"type":"Feature","geometry":{"type":"LineString","coordinates":[[121.6030838,29.2739423],[121.6029718,29.2737936]]},"properties":{"osmId":1253305829,"kind":"stream","name":null}},{"type":"Feature","geometry":{"type":"LineString","coordinates":[[121.6032581,29.2740485],[121.6031745,29.2740603],[121.6030838,29.2739423]]},"properties":{"osmId":1253305830,"kind":"stream","name":null}},{"type":"Feature","geometry":{"type":"LineString","coordinates":[[121.6037274,29.2739823],[121.6032581,29.2740485]]},"properties":{"osmId":1253305831,"kind":"stream","name":null}},{"type":"Feature","geometry":{"type":"LineString","coordinates":[[121.6031745,29.2740603],[121.6035366,29.2745375]]},"properties":{"osmId":1253305832,"kind":"stream","name":null}},{"type":"Feature","geometry":{"type":"LineString","coordinates":[[121.6035366,29.2745375],[121.6038795,29.2749893]]},"properties":{"osmId":1253305833,"kind":"stream","name":null}},{"type":"Feature","geometry":{"type":"LineString","coordinates":[[121.6038795,29.2749893],[121.6045551,29.2758797],[121.6046247,29.2759735]]},"properties":{"osmId":1253305834,"kind":"stream","name":null}},{"type":"Feature","geometry":{"type":"LineString","coordinates":[[121.6046247,29.2759735],[121.6048582,29.2762883]]},"properties":{"osmId":1253305835,"kind":"stream","name":null}},{"type":"Feature","geometry":{"type":"LineString","coordinates":[[121.6048582,29.2762883],[121.6050917,29.2766031],[121.605795,29.2777946],[121.6059455,29.2782379],[121.6061609,29.2787237],[121.6063967,29.2794826],[121.6064348,29.279674]]},"properties":{"osmId":1253305836,"kind":"stream","name":null}},{"type":"Feature","geometry":{"type":"LineString","coordinates":[[121.6064348,29.279674],[121.606479,29.2798958]]},"properties":{"osmId":1253305837,"kind":"stream","name":null}},{"type":"Feature","geometry":{"type":"LineString","coordinates":[[121.606479,29.2798958],[121.606848,29.2817485],[121.6071082,29.282791],[121.6072009,29.2830134]]},"properties":{"osmId":1253305838,"kind":"stream","name":null}},{"type":"Feature","geometry":{"type":"LineString","coordinates":[[121.6072009,29.2830134],[121.6072739,29.2831976]]},"properties":{"osmId":1253305839,"kind":"stream","name":null}},{"type":"Feature","geometry":{"type":"LineString","coordinates":[[121.6111837,29.290318],[121.6113868,29.2909883],[121.6115363,29.2916847],[121.6117885,29.2931143],[121.6118283,29.2934099]]},"properties":{"osmId":1253305840,"kind":"stream","name":null}},{"type":"Feature","geometry":{"type":"LineString","coordinates":[[121.6110181,29.2899238],[121.6111837,29.290318]]},"properties":{"osmId":1253305841,"kind":"stream","name":null}},{"type":"Feature","geometry":{"type":"LineString","coordinates":[[121.6118589,29.2935733],[121.6120617,29.2950041],[121.6121527,29.2952912],[121.6122161,29.2952904]]},"properties":{"osmId":1253305842,"kind":"stream","name":null}},{"type":"Feature","geometry":{"type":"LineString","coordinates":[[121.6118283,29.2934099],[121.6118589,29.2935733]]},"properties":{"osmId":1253305843,"kind":"stream","name":null}},{"type":"Feature","geometry":{"type":"LineString","coordinates":[[121.6150832,29.2958314],[121.6149285,29.2955642],[121.6149254,29.2953466]]},"properties":{"osmId":1253305844,"kind":"stream","name":null}},{"type":"Feature","geometry":{"type":"LineString","coordinates":[[121.6152378,29.2960986],[121.6150832,29.2958314]]},"properties":{"osmId":1253305845,"kind":"stream","name":null}},{"type":"Feature","geometry":{"type":"LineString","coordinates":[[121.6158911,29.2971752],[121.6155755,29.296682],[121.6152378,29.2960986]]},"properties":{"osmId":1253305846,"kind":"stream","name":null}},{"type":"Feature","geometry":{"type":"LineString","coordinates":[[121.616103,29.2975062],[121.6158911,29.2971752]]},"properties":{"osmId":1253305847,"kind":"stream","name":null}},{"type":"Feature","geometry":{"type":"LineString","coordinates":[[121.6125364,29.2952572],[121.6126244,29.2952668],[121.6126968,29.2953544],[121.6130048,29.2954729],[121.6135842,29.2955243],[121.6141474,29.2953466],[121.6148663,29.2953466],[121.6149254,29.2953466],[121.6153813,29.2953466],[121.6162396,29.2950378],[121.6162932,29.2948366],[121.6161162,29.2937045],[121.616134,29.2931347]]},"properties":{"osmId":1253305848,"kind":"stream","name":null}},{"type":"Feature","geometry":{"type":"LineString","coordinates":[[121.616134,29.2931347],[121.6161374,29.2930263]]},"properties":{"osmId":1253305849,"kind":"stream","name":null}},{"type":"Feature","geometry":{"type":"LineString","coordinates":[[121.6161374,29.2930263],[121.6161484,29.2926752],[121.6161162,29.2921091],[121.6157353,29.2916272],[121.6157246,29.2906728],[121.6159016,29.2902377]]},"properties":{"osmId":1253305850,"kind":"stream","name":null}},{"type":"Feature","geometry":{"type":"LineString","coordinates":[[121.6159016,29.2902377],[121.6159781,29.2896398]]},"properties":{"osmId":1253305851,"kind":"stream","name":null}},{"type":"Feature","geometry":{"type":"LineString","coordinates":[[121.6092993,29.286893],[121.6099298,29.288015],[121.6109058,29.2896442],[121.6110181,29.2899238]]},"properties":{"osmId":1253305854,"kind":"stream","name":null}},{"type":"Feature","geometry":{"type":"LineString","coordinates":[[121.6091981,29.2867457],[121.6092993,29.286893]]},"properties":{"osmId":1253305855,"kind":"stream","name":null}},{"type":"Feature","geometry":{"type":"LineString","coordinates":[[121.3659529,29.3672435],[121.366495,29.3684339],[121.3667389,29.3688827],[121.3669015,29.3695629],[121.367312,29.3709107],[121.3675894,29.3718124],[121.3677259,29.3729826],[121.3679373,29.373585],[121.3681838,29.3744752],[121.368426,29.3751581],[121.3687826,29.3760022],[121.3689859,29.3768133]]},"properties":{"osmId":1254555098,"kind":"stream","name":null}},{"type":"Feature","geometry":{"type":"Polygon","coordinates":[[[121.3411161,29.2522585],[121.3415595,29.2524831],[121.3414344,29.2528139],[121.3413128,29.2530073],[121.3413092,29.253207],[121.3413128,29.2535003],[121.3413521,29.2536844],[121.3415452,29.2539215],[121.3416775,29.254037],[121.3416525,29.2541119],[121.3414665,29.2540432],[121.3412949,29.253909],[121.3411626,29.2538186],[121.3410481,29.2536313],[121.3410231,29.2534785],[121.3409408,29.2531633],[121.3408872,29.2529574],[121.3407835,29.2527608],[121.3405582,29.2526298],[121.3402256,29.2526266],[121.3403186,29.2525174],[121.3407048,29.2525299],[121.3408014,29.2525174],[121.3409551,29.2523677],[121.3411161,29.2522585]]]},"properties":{"osmId":1254559291,"kind":"water","name":null}},{"type":"Feature","geometry":{"type":"LineString","coordinates":[[121.3714499,29.2817722],[121.3719959,29.2819527],[121.3725507,29.2821832],[121.3728325,29.2824366],[121.3728677,29.2825557],[121.372784,29.2827707],[121.3726737,29.2828958]]},"properties":{"osmId":1254559293,"kind":"stream","name":null}},{"type":"Feature","geometry":{"type":"Polygon","coordinates":[[[121.4048731,29.1717119],[121.4054059,29.1721537],[121.4053408,29.1723377],[121.4053791,29.172495],[121.4054864,29.1729469],[121.4054136,29.1733585],[121.4053369,29.1737099],[121.4053561,29.1739241],[121.4052143,29.1739007],[121.4052104,29.1735727],[121.4052411,29.1733217],[121.4052411,29.1730606],[121.4050954,29.1725921],[121.4049996,29.1723076],[121.404946,29.1721838],[121.404854,29.1720734],[121.404831,29.1720031],[121.4048731,29.1717119]]]},"properties":{"osmId":1254749657,"kind":"water","name":null}},{"type":"Feature","geometry":{"type":"Polygon","coordinates":[[[121.4004655,29.1681145],[121.4007114,29.1680873],[121.4008484,29.1681145],[121.4009885,29.1682124],[121.401085,29.1683211],[121.4011193,29.1683999],[121.4011691,29.1684462],[121.4012843,29.1685033],[121.4014337,29.1685658],[121.4015645,29.1684244],[121.4017139,29.1682776],[121.4016765,29.1681335],[121.4016765,29.1679106],[121.4017108,29.1677312],[121.4018447,29.1676605],[121.4018166,29.1675518],[121.401717,29.1675028],[121.4015333,29.1673914],[121.4014306,29.1672772],[121.4014181,29.1671385],[121.4014026,29.167008],[121.4013528,29.1669265],[121.4012749,29.1669265],[121.4012594,29.1671277],[121.401113,29.1672799],[121.4010383,29.1673152],[121.4009792,29.1673968],[121.4009667,29.1674403],[121.4009044,29.1675518],[121.4007706,29.1676659],[121.4006367,29.1678236],[121.400509,29.1679867],[121.4004655,29.1681145]]]},"properties":{"osmId":1254749668,"kind":"water","name":null}},{"type":"Feature","geometry":{"type":"Polygon","coordinates":[[[121.4662656,29.415351],[121.4663245,29.4153351],[121.466357,29.4152873],[121.4664383,29.4152944],[121.4665766,29.4152749],[121.4666477,29.4153121],[121.4666823,29.4148517],[121.4668449,29.4148535],[121.4669811,29.4148163],[121.4671925,29.4148021],[121.4673327,29.414811],[121.4673775,29.4143559],[121.4669486,29.4142727],[121.4668124,29.4143134],[121.466418,29.4143966],[121.4662493,29.4144622],[121.466233,29.4145436],[121.4661822,29.4146746],[121.4662208,29.4148198],[121.4661273,29.4150536],[121.4661416,29.4151474],[121.4662656,29.415351]]]},"properties":{"osmId":1263396702,"kind":"water","name":null}},{"type":"Feature","geometry":{"type":"LineString","coordinates":[[121.4855501,29.3905004],[121.4859165,29.3908221],[121.4864864,29.3913505]]},"properties":{"osmId":1263396715,"kind":"stream","name":null}},{"type":"Feature","geometry":{"type":"LineString","coordinates":[[121.4852417,29.3902093],[121.4855501,29.3905004]]},"properties":{"osmId":1263396716,"kind":"stream","name":null}},{"type":"Feature","geometry":{"type":"Polygon","coordinates":[[[121.4656758,29.3940672],[121.4659407,29.3940774],[121.4662854,29.3940141],[121.4662994,29.3936689],[121.4663065,29.3935095],[121.4662408,29.3934687],[121.4659923,29.3935851],[121.4657531,29.3937935],[121.4656312,29.3939242],[121.4656758,29.3940672]]]},"properties":{"osmId":1263396723,"kind":"water","name":null}},{"type":"Feature","geometry":{"type":"LineString","coordinates":[[121.6925114,29.2169512],[121.6950379,29.2188174],[121.6971823,29.2198822],[121.6978971,29.2205061],[121.6983346,29.2209901],[121.6995424,29.2217376],[121.7006762,29.2219581],[121.7018902,29.2224206],[121.7048603,29.2239318],[121.7062591,29.2246363],[121.7076764,29.2250665],[121.7089704,29.2254322],[121.7096421,29.2255075],[121.7112381,29.2263302],[121.7120638,29.2265238],[121.7126307,29.2268734],[121.7129573,29.2275402],[121.712908,29.2281748],[121.7133455,29.2296536],[121.7141897,29.2305194],[121.7146765,29.2308366],[121.7153605,29.2309173],[121.7156933,29.2310141],[121.7160075,29.2314712],[121.7165929,29.2318583],[121.7174433,29.231498],[121.7185956,29.2311378],[121.7193111,29.2310031],[121.7198079,29.2310696],[121.7205468,29.2314403],[121.7211772,29.2316359],[121.7216956,29.2320394],[121.7224335,29.2321698],[121.7229518,29.2322635],[121.7231278,29.2322042],[121.7235776,29.2325814],[121.7237337,29.2328898]]},"properties":{"osmId":1273328151,"kind":"stream","name":null}},{"type":"Feature","geometry":{"type":"Polygon","coordinates":[[[121.6774672,29.2360149],[121.6776442,29.2361261],[121.6779804,29.2361045],[121.6788404,29.235808],[121.6794385,29.2356011],[121.6799411,29.2355547],[121.6802278,29.2355825],[121.6806136,29.2364534],[121.6803871,29.2355794],[121.6804932,29.2354621],[121.6813709,29.2352552],[121.6820328,29.235144],[121.682461,29.2353015],[121.6840643,29.2355455],[121.6850871,29.2355918],[121.6854339,29.2356505],[121.6857171,29.2356072],[121.6861029,29.2353231],[121.6860038,29.2352335],[121.6854764,29.2354837],[121.6850482,29.235493],[121.6846624,29.2353509],[121.6841952,29.2352521],[121.6838802,29.2352891],[121.6826734,29.2351069],[121.6823725,29.2349401],[121.6819832,29.2348815],[121.6811834,29.2351162],[121.6802313,29.2352274],[121.6798243,29.2352305],[121.6790386,29.2353756],[121.6779804,29.2357493],[121.677807,29.2357709],[121.6777043,29.2357771],[121.6775345,29.2358574],[121.6774672,29.2360149]]]},"properties":{"osmId":1273328167,"kind":"water","name":null}},{"type":"Feature","geometry":{"type":"LineString","coordinates":[[121.6859175,29.2353888],[121.6862254,29.2350923],[121.6864413,29.2345148],[121.6866395,29.232603],[121.6868306,29.229496]]},"properties":{"osmId":1273328168,"kind":"stream","name":null}},{"type":"Feature","geometry":{"type":"LineString","coordinates":[[121.6653834,29.2350522],[121.6670646,29.2351663],[121.6686337,29.2350278],[121.6697732,29.2345591],[121.6707866,29.2337808],[121.6728655,29.232941],[121.6755199,29.2324839],[121.6768465,29.2324641],[121.6786727,29.2323343],[121.6795186,29.2322417],[121.6806512,29.2316549],[121.681405,29.2311237],[121.6820633,29.230614],[121.6821872,29.2301631],[121.6848451,29.2295887],[121.6859638,29.2293923],[121.686059,29.2293755]]},"properties":{"osmId":1273328169,"kind":"stream","name":null}},{"type":"Feature","geometry":{"type":"Polygon","coordinates":[[[121.6861935,29.2295732],[121.6859638,29.2293923],[121.6863493,29.2290049],[121.6864625,29.2290204],[121.6866395,29.2290636],[121.687142,29.2290173],[121.6876977,29.2288875],[121.6878605,29.2287578],[121.6879879,29.228554],[121.6880693,29.2283378],[121.688133,29.2281586],[121.6881861,29.2280907],[121.6884268,29.2279857],[121.6887347,29.2277695],[121.6891134,29.2277973],[121.6893682,29.2277849],[121.6898991,29.2276583],[121.6902176,29.2272475],[121.6904441,29.2265371],[121.690614,29.2264105],[121.6907733,29.2263302],[121.6907803,29.2264815],[121.6906388,29.2266205],[121.690614,29.2267688],[121.6905857,29.2270189],[121.6906388,29.2271857],[121.6907095,29.2272907],[121.6911873,29.2274575],[121.6910812,29.2277139],[121.6909184,29.2277479],[121.6907237,29.2277757],[121.6905184,29.2277726],[121.6900902,29.2279548],[121.689754,29.2280722],[121.6894673,29.2280691],[121.6890674,29.2280691],[121.6885966,29.2282112],[121.6883631,29.2286127],[121.6881613,29.2289524],[121.6878499,29.2291933],[121.6874287,29.2293755],[121.6873509,29.2294744],[121.6873544,29.229567],[121.6875526,29.2296504],[121.6879702,29.2297987],[121.6881366,29.2299407],[121.6883843,29.2300736],[121.6885648,29.2303083],[121.6888798,29.2306388],[121.689485,29.2310928],[121.6898283,29.2312441],[121.6897504,29.231312],[121.6893151,29.2312163],[121.6887064,29.230821],[121.6884515,29.2305214],[121.6881542,29.2301569],[121.6876304,29.2299624],[121.687503,29.2299655],[121.6873332,29.230021],[121.687181,29.2300087],[121.6869226,29.2299685],[121.6867209,29.2296906],[121.6864944,29.2295917],[121.6861935,29.2295732]]]},"properties":{"osmId":1273328172,"kind":"water","name":null}},{"type":"Feature","geometry":{"type":"Polygon","coordinates":[[[121.5745484,29.2925776],[121.5750017,29.2920795],[121.5750383,29.2920032],[121.5746968,29.29156],[121.5745219,29.2916292],[121.5745118,29.2916948],[121.5746012,29.2918118],[121.5746216,29.2919483],[121.5746216,29.2921025],[121.5744305,29.2923737],[121.5744345,29.292567],[121.5745484,29.2925776]]]},"properties":{"osmId":1273328186,"kind":"water","name":null}},{"type":"Feature","geometry":{"type":"LineString","coordinates":[[121.5064314,29.1440952],[121.5096353,29.1440128],[121.5198478,29.1417687],[121.5305029,29.1378553],[121.5428129,29.1300521],[121.5677118,29.1256287],[121.5899305,29.1278596],[121.6050308,29.1272181],[121.6173517,29.1248928]]},"properties":{"osmId":1286979236,"kind":"river","name":"蛇蟠水道"}},{"type":"Feature","geometry":{"type":"LineString","coordinates":[[121.4588141,29.1566774],[121.4634193,29.1513024],[121.4708375,29.1470739],[121.4779017,29.1454666],[121.5041059,29.1442302],[121.5064314,29.1440952]]},"properties":{"osmId":1286979237,"kind":"river","name":"旗门港"}},{"type":"Feature","geometry":{"type":"Polygon","coordinates":[[[121.4825581,29.3734677],[121.4826056,29.3735231],[121.4826302,29.3735888],[121.4826295,29.373658],[121.4826035,29.3737233],[121.4825549,29.3737779],[121.4824888,29.3738162],[121.4824122,29.373834],[121.4823302,29.373829],[121.4822547,29.3738007],[121.4821943,29.3737522],[121.4821556,29.3736891],[121.482143,29.3736183],[121.482158,29.3735479],[121.4821988,29.3734858],[121.4822609,29.3734389],[121.4823373,29.3734125],[121.4824166,29.3734094],[121.4824928,29.3734284],[121.4825581,29.3734677]]]},"properties":{"osmId":1287334341,"kind":"water","name":null}},{"type":"Feature","geometry":{"type":"Polygon","coordinates":[[[121.4822604,29.373068],[121.4823079,29.3731234],[121.4823325,29.3731891],[121.4823318,29.3732584],[121.4823058,29.3733237],[121.4822572,29.3733783],[121.4821911,29.3734166],[121.4821145,29.3734344],[121.4820325,29.3734294],[121.481957,29.3734011],[121.4818966,29.3733526],[121.4818579,29.3732895],[121.4818453,29.3732186],[121.4818603,29.3731482],[121.4819011,29.3730861],[121.4819632,29.3730392],[121.4820396,29.3730128],[121.4821189,29.3730097],[121.4821951,29.3730287],[121.4822604,29.373068]]]},"properties":{"osmId":1287334342,"kind":"water","name":null}},{"type":"Feature","geometry":{"type":"Polygon","coordinates":[[[121.4954933,29.3811976],[121.4954397,29.3811205],[121.4954477,29.3809779],[121.4954423,29.3808704],[121.4953833,29.3808283],[121.4953136,29.3806437],[121.4955952,29.3805853],[121.4956408,29.3807162],[121.4956462,29.3809031],[121.4956113,29.3809943],[121.4955684,29.3810808],[121.4955845,29.3811906],[121.4954933,29.3811976]]]},"properties":{"osmId":1287334343,"kind":"water","name":null}},{"type":"Feature","geometry":{"type":"LineString","coordinates":[[121.2818366,29.1327312],[121.2816596,29.132928],[121.281563,29.1330685],[121.2815523,29.1331997],[121.2816274,29.1333731],[121.2816435,29.133509],[121.2816381,29.1336777],[121.2817562,29.1338792],[121.2819761,29.1337901],[121.2821907,29.1336777],[121.2824535,29.1336496],[121.2825447,29.1337714],[121.2827808,29.1340994]]},"properties":{"osmId":1307657904,"kind":"stream","name":null}},{"type":"Feature","geometry":{"type":"Polygon","coordinates":[[[121.281504,29.1357394],[121.2821048,29.1353224],[121.2823355,29.1351677],[121.2825179,29.1351443],[121.2826735,29.1352615],[121.2826949,29.1353599],[121.2826306,29.1355285],[121.2830168,29.1355426],[121.282931,29.1352802],[121.2829417,29.13506],[121.2830007,29.1348725],[121.2829739,29.1345539],[121.2829256,29.1343149],[121.282872,29.1341181],[121.2827861,29.1339541],[121.2826788,29.1338511],[121.2827218,29.1339869],[121.2826896,29.1341228],[121.2827057,29.1343149],[121.2827808,29.1345071],[121.2828076,29.1346851],[121.2827861,29.1347741],[121.2826198,29.1348585],[121.2823302,29.1349663],[121.2820673,29.1351724],[121.2817937,29.1354348],[121.2815309,29.1356363],[121.281504,29.1357394]]]},"properties":{"osmId":1307657907,"kind":"water","name":null}},{"type":"Feature","geometry":{"type":"Polygon","coordinates":[[[121.292721,29.1785854],[121.2926835,29.1785807],[121.2926915,29.1785292],[121.2927935,29.1785175],[121.2928712,29.1785011],[121.2929222,29.1784074],[121.2929061,29.1782997],[121.2928766,29.1782107],[121.2928605,29.1781756],[121.2930348,29.1781873],[121.2932709,29.1781569],[121.2934184,29.1781288],[121.2935713,29.178103],[121.2936142,29.1780772],[121.2936437,29.1780421],[121.2947649,29.1779625],[121.2947971,29.177932],[121.294966,29.1779555],[121.2950733,29.178],[121.2950787,29.1780538],[121.2950706,29.1781053],[121.2950867,29.1781522],[121.295194,29.1782131],[121.2953013,29.1782599],[121.2953791,29.1783044],[121.2953496,29.1783559],[121.2953657,29.1784262],[121.2954676,29.1784262],[121.2955293,29.178459],[121.2955856,29.1785175],[121.295642,29.1785597],[121.2957117,29.1785807],[121.2958056,29.1785316],[121.295878,29.1784543],[121.2959236,29.178391],[121.2959263,29.1783372],[121.2958753,29.1783114],[121.2957948,29.1783021],[121.29576,29.1782927],[121.2957251,29.1782599],[121.295709,29.1782084],[121.295768,29.1781522],[121.2957761,29.1780936],[121.29576,29.1780398],[121.2957385,29.1779976],[121.2957332,29.1779391],[121.2957519,29.1778899],[121.2958565,29.1778313],[121.2959075,29.1778126],[121.2960121,29.1778009],[121.2960792,29.1778009],[121.2961757,29.1778173],[121.296224,29.1778384],[121.2962455,29.1779227],[121.2962723,29.1780046],[121.2963447,29.1780889],[121.2963957,29.1781124],[121.2964439,29.1781615],[121.2964573,29.1782341],[121.2963903,29.1782646],[121.2962803,29.178281],[121.2961918,29.1783114],[121.2961489,29.1783747],[121.2961033,29.1784613],[121.2960738,29.1784941],[121.295988,29.1785386],[121.2959075,29.1785643],[121.2958753,29.1786159],[121.2958083,29.1786955],[121.2957895,29.1787283],[121.2957519,29.1788056],[121.2957197,29.1788477],[121.2956715,29.1788945],[121.2956071,29.1789156],[121.29554,29.178925],[121.2954167,29.1788899],[121.295355,29.1788641],[121.2952772,29.1787821],[121.2952477,29.1787189],[121.2951699,29.1786346],[121.2950358,29.178548],[121.2948373,29.1783981],[121.2947327,29.1783348],[121.2946844,29.1783091],[121.2946737,29.1781686],[121.2937698,29.1782341],[121.2937885,29.1783817],[121.2937403,29.1784379],[121.293692,29.1784871],[121.2936571,29.1785316],[121.2936249,29.1785784],[121.2935874,29.1785971],[121.2935337,29.1785948],[121.2934881,29.1785831],[121.2934372,29.178555],[121.2933809,29.1785526],[121.293346,29.1785643],[121.2932736,29.1786018],[121.293228,29.1786299],[121.2931851,29.1786674],[121.29311,29.1786955],[121.293059,29.1787002],[121.2930027,29.1786814],[121.292941,29.178651],[121.2928632,29.1786135],[121.2928095,29.1785878],[121.2927666,29.1785761],[121.292721,29.1785854]]]},"properties":{"osmId":1307896981,"kind":"water","name":null}},{"type":"Feature","geometry":{"type":"Polygon","coordinates":[[[121.2613472,29.1690232],[121.2614626,29.1690138],[121.2615377,29.1689483],[121.2616181,29.1688077],[121.2616718,29.1686625],[121.2617388,29.1685618],[121.2618327,29.1685173],[121.2619963,29.1685384],[121.2619695,29.1683463],[121.2618434,29.1682128],[121.2619159,29.1680676],[121.2619963,29.167974],[121.2617603,29.1676226],[121.2617522,29.1677538],[121.2616745,29.1677866],[121.2615752,29.1678077],[121.2614813,29.1677749],[121.2614331,29.1677046],[121.2613526,29.1677585],[121.2613258,29.1678287],[121.261417,29.1679833],[121.2614867,29.1680957],[121.2615135,29.1681894],[121.2614733,29.1682948],[121.2614331,29.1684002],[121.2613982,29.1685478],[121.261366,29.1686578],[121.2613338,29.1687117],[121.2613124,29.1687703],[121.2613016,29.1688335],[121.2612909,29.1689131],[121.2612963,29.1689857],[121.2613472,29.1690232]]]},"properties":{"osmId":1307896983,"kind":"water","name":null}},{"type":"Feature","geometry":{"type":"LineString","coordinates":[[121.7090088,29.194537],[121.7089996,29.1937333],[121.7089217,29.1934134],[121.7085049,29.1922978],[121.7078546,29.1910663],[121.7075843,29.1908184],[121.707337,29.1906225],[121.7069522,29.1904465],[121.7061873,29.1902026],[121.70474,29.1897748],[121.7029674,29.1894389],[121.701772,29.1893069],[121.7009613,29.1892629],[121.6998849,29.189227],[121.6997704,29.189243],[121.6994636,29.1908664],[121.6974803,29.1906185],[121.6971918,29.1905785],[121.6946818,29.1897748],[121.6912283,29.1887431],[121.6880176,29.1877515],[121.6852465,29.1867878],[121.6835976,29.186208],[121.6833091,29.1861],[121.6831075,29.186096],[121.6825075,29.186148],[121.6810464,29.1863759],[121.6803686,29.1864719],[121.6802586,29.1863279],[121.6785777,29.1849364],[121.6783497,29.1847518],[121.6783395,29.1844645],[121.6783166,29.1840486],[121.6783716,29.1837767],[121.6784678,29.1834888],[121.6786601,29.1825811],[121.6786601,29.1824571],[121.6787334,29.1823051],[121.6788388,29.1818972],[121.6788708,29.1815933],[121.6790586,29.1808375],[121.6792235,29.1800018],[121.6794434,29.179178],[121.6795579,29.1784581],[121.6797685,29.1775983],[121.6797685,29.1773864],[121.6799563,29.1765346],[121.6802724,29.1758067],[121.680167,29.1753149],[121.6800525,29.174799],[121.6798098,29.174419],[121.6795533,29.1740471],[121.6794617,29.1736752],[121.6793659,29.1734907]]},"properties":{"osmId":1321560715,"kind":"stream","name":null}},{"type":"Feature","geometry":{"type":"LineString","coordinates":[[121.7090907,29.1738674],[121.7091501,29.1737704],[121.7093325,29.1735082],[121.7104429,29.1735456],[121.7114299,29.173452],[121.7121131,29.1734378],[121.7126435,29.1733741],[121.7130825,29.1732258],[121.7134035,29.173053]]},"properties":{"osmId":1321560721,"kind":"river","name":null}},{"type":"Feature","geometry":{"type":"LineString","coordinates":[[121.7089018,29.1743422],[121.7090907,29.1738674]]},"properties":{"osmId":1321560722,"kind":"river","name":null}},{"type":"Feature","geometry":{"type":"LineString","coordinates":[[121.7194176,29.1791335],[121.7194658,29.1788899]]},"properties":{"osmId":1321560725,"kind":"stream","name":null}},{"type":"Feature","geometry":{"type":"LineString","coordinates":[[121.7194658,29.1788899],[121.7198959,29.1782627]]},"properties":{"osmId":1321560726,"kind":"stream","name":null}},{"type":"Feature","geometry":{"type":"LineString","coordinates":[[121.7194176,29.1791335],[121.7195237,29.1789249]]},"properties":{"osmId":1321560727,"kind":"stream","name":null}},{"type":"Feature","geometry":{"type":"LineString","coordinates":[[121.7199663,29.1782962],[121.7199797,29.1782177],[121.7199674,29.1781101]]},"properties":{"osmId":1321560728,"kind":"stream","name":null}},{"type":"Feature","geometry":{"type":"LineString","coordinates":[[121.7195237,29.1789249],[121.7199663,29.1782962]]},"properties":{"osmId":1321560729,"kind":"stream","name":null}},{"type":"Feature","geometry":{"type":"LineString","coordinates":[[121.7198959,29.1782627],[121.7199674,29.1781101]]},"properties":{"osmId":1321560730,"kind":"stream","name":null}},{"type":"Feature","geometry":{"type":"Polygon","coordinates":[[[121.7296092,29.1428557],[121.7290219,29.1426162],[121.7286725,29.1430592],[121.7286214,29.1430885],[121.728525,29.1430754],[121.7284768,29.1430438],[121.7284225,29.1429885],[121.7283924,29.1429385],[121.7283562,29.1429332],[121.7279494,29.1434307],[121.7279253,29.1435123],[121.7280247,29.1436202],[121.7279886,29.1436992],[121.7279343,29.1437466],[121.7277987,29.1437018],[121.7277746,29.1437545],[121.7275666,29.1436834],[121.7272833,29.1435439],[121.7271929,29.1436755],[121.727422,29.1437466],[121.7276902,29.1438808],[121.7276781,29.1439282],[121.7278801,29.1440072],[121.7277113,29.1444042],[121.727528,29.1453199],[121.726958,29.1463112],[121.7250189,29.1498627],[121.7245659,29.1505161],[121.723945,29.1516229],[121.7229169,29.1534986],[121.7221331,29.1549609],[121.7220713,29.1549912],[121.7219888,29.1549567],[121.7211275,29.1545869],[121.7210665,29.1546903],[121.7219924,29.155079],[121.7220498,29.1551197],[121.7220175,29.1552043],[121.7214648,29.1561101],[121.7205779,29.1578448],[121.7202567,29.1585964],[121.7192445,29.1602318],[121.7183172,29.161735],[121.7180627,29.1622325],[121.7169899,29.1644077],[121.7157232,29.1665829],[121.7144686,29.1686734],[121.7134261,29.1706527],[121.7132079,29.1714466],[121.7130076,29.172366],[121.712923,29.1726108],[121.7127473,29.1729855],[121.7125335,29.1731629],[121.7127409,29.1731893],[121.7128745,29.173066],[121.7131473,29.1727114],[121.7137594,29.1705575],[121.7139413,29.1702982],[121.7139837,29.1703775],[121.7138261,29.1707215],[121.7137715,29.170965],[121.7134079,29.1723568],[121.7133473,29.1728543],[121.7132746,29.1730236],[121.7135291,29.1729972],[121.7135473,29.1725632],[121.7139776,29.1708538],[121.7143413,29.1701394],[121.7158323,29.1674086],[121.7162444,29.166657],[121.7162989,29.1665089],[121.716505,29.1660855],[121.7166868,29.165842],[121.7169475,29.1653233],[121.7170202,29.1650693],[121.7174748,29.1643389],[121.7182809,29.1628782],[121.7186991,29.1621796],[121.7194385,29.1610416],[121.7196627,29.1605388],[121.7200567,29.1599407],[121.7208628,29.1584905],[121.7215477,29.1570985],[121.7222144,29.1559711],[121.7225235,29.1554047],[121.7224932,29.155283],[121.7224932,29.1551983],[121.7232629,29.1555318],[121.7233053,29.1554524],[121.7227962,29.1552195],[121.7227477,29.1551348],[121.7227477,29.1550395],[121.7231841,29.1543991],[121.7237478,29.1533722],[121.724469,29.1536792],[121.7245297,29.1535998],[121.7238569,29.1533246],[121.7238205,29.1531552],[121.723966,29.1528694],[121.7246024,29.1519748],[121.7250085,29.1511703],[121.7255176,29.1504186],[121.7256933,29.1504398],[121.7265722,29.1507997],[121.726657,29.1507045],[121.7256024,29.1502439],[121.725663,29.1501381],[121.7260146,29.1495505],[121.7270995,29.1476661],[121.7271298,29.1474861],[121.7272449,29.1474544],[121.7276389,29.1476237],[121.7277601,29.1477137],[121.7282813,29.1479043],[121.7283662,29.1477773],[121.7275419,29.1474808],[121.7272692,29.1473485],[121.7272692,29.1472426],[121.7274328,29.1469091],[121.7279904,29.1460304],[121.7282026,29.1458875],[121.7287177,29.1454111],[121.7288026,29.1452629],[121.7290268,29.1451094],[121.7290935,29.1450247],[121.729142,29.1448606],[121.7291359,29.1446647],[121.7292269,29.1444847],[121.7296754,29.1436854],[121.7296754,29.1436219],[121.7296359,29.1435656],[121.7295569,29.1435124],[121.7294744,29.1434653],[121.7294528,29.1434246],[121.7294385,29.143365],[121.7294887,29.143108],[121.7296092,29.1428557]]]},"properties":{"osmId":1321560735,"kind":"water","name":null}},{"type":"Feature","geometry":{"type":"Polygon","coordinates":[[[121.7125335,29.1731629],[121.7121312,29.1732967],[121.7119953,29.1733244],[121.711719,29.1733639],[121.7116148,29.1733165],[121.711334,29.1733125],[121.7107406,29.1734114],[121.7094269,29.1734193],[121.7093318,29.1734549],[121.7091959,29.1735854],[121.7090963,29.173712],[121.7090238,29.1738425],[121.7090907,29.1738674],[121.7091228,29.1738884],[121.7092231,29.1737515],[121.7093952,29.1735854],[121.7096444,29.1735854],[121.7106907,29.1736566],[121.7110214,29.1736527],[121.7117144,29.1735419],[121.7121267,29.1735301],[121.7125796,29.173534],[121.7128423,29.1734786],[121.713096,29.1733402],[121.7132908,29.1732769],[121.7133587,29.1737595],[121.7134539,29.1741471],[121.7142466,29.1751952],[121.7151842,29.1758596],[121.715995,29.1762314],[121.7186993,29.1774693],[121.719424,29.1777501],[121.7198226,29.1779992],[121.7198725,29.1780981],[121.7198408,29.178197],[121.719825,29.1782305],[121.719848,29.1782422],[121.7198937,29.1782087],[121.7198861,29.1782502],[121.7198959,29.1782627],[121.7199249,29.1782541],[121.7199357,29.1782359],[121.7199543,29.1782269],[121.7199508,29.1782871],[121.7199663,29.1782962],[121.7199941,29.1783059],[121.7200175,29.1782599],[121.7200627,29.1779874],[121.7200129,29.1778292],[121.7198136,29.1775682],[121.7185181,29.1769274],[121.716226,29.1758794],[121.7152476,29.1754285],[121.7144776,29.1748273],[121.7139974,29.1742578],[121.7137392,29.1738979],[121.7135943,29.1732097],[121.7135291,29.1729972],[121.7132746,29.1730236],[121.7131775,29.1731108],[121.7129012,29.1732453],[121.7128333,29.1732453],[121.7127409,29.1731893],[121.7125335,29.1731629]]]},"properties":{"osmId":1321560739,"kind":"water","name":null}},{"type":"Feature","geometry":{"type":"Polygon","coordinates":[[[121.7565979,29.1675916],[121.7561359,29.1676892],[121.7561359,29.1677822],[121.7562368,29.1681502],[121.7562956,29.1690045],[121.7561824,29.1690322],[121.7551179,29.1685457],[121.7550092,29.1681304],[121.7547827,29.1679326],[121.7547465,29.1678456],[121.7547284,29.1677072],[121.7547872,29.1674382],[121.7547646,29.1672681],[121.7542346,29.1666471],[121.7538677,29.1662832],[121.7540081,29.1660182],[121.754144,29.1661211],[121.7550454,29.1667698],[121.7559921,29.1666986],[121.7560057,29.1668133],[121.7561326,29.1668093],[121.7561462,29.1671534],[121.7560737,29.1672444],[121.7561054,29.1674263],[121.7565822,29.1674562],[121.7565979,29.1675916]]]},"properties":{"osmId":1321566797,"kind":"water","name":null}},{"type":"Feature","geometry":{"type":"Polygon","coordinates":[[[121.7303495,29.1439074],[121.7300551,29.143757],[121.7299192,29.143852],[121.7296927,29.144121],[121.7296293,29.1441527],[121.7293349,29.1447778],[121.7293122,29.1449439],[121.7290993,29.1452367],[121.7295296,29.145387],[121.7299962,29.1454503],[121.7310516,29.1456956],[121.7311467,29.1457629],[121.7311784,29.145838],[121.7313551,29.1458262],[121.7318036,29.1459607],[121.732175,29.1461268],[121.7325283,29.1461624],[121.7327457,29.1461624],[121.7329586,29.1462257],[121.732936,29.1462851],[121.7329858,29.1463207],[121.733013,29.1462534],[121.7332621,29.1463444],[121.7337242,29.1465936],[121.7341364,29.1467598],[121.7348611,29.1471],[121.7353141,29.1471594],[121.7358441,29.1473137],[121.7363016,29.147464],[121.7363967,29.1476183],[121.7363695,29.1478477],[121.73598,29.1486943],[121.7359029,29.1486706],[121.7358758,29.1487141],[121.7359437,29.1487458],[121.7359165,29.1489001],[121.7360298,29.1491928],[121.7363922,29.1498495],[121.7363016,29.149897],[121.7363333,29.1499801],[121.7364329,29.1499405],[121.7365552,29.1502491],[121.7366594,29.1503915],[121.7366277,29.1504192],[121.7366685,29.1504864],[121.7367183,29.1504666],[121.7369855,29.1508069],[121.7373389,29.1510798],[121.7379504,29.1513251],[121.7379277,29.1514003],[121.7380591,29.151424],[121.7380772,29.1513607],[121.7386615,29.1516218],[121.7395313,29.1520016],[121.7395267,29.1520569],[121.7396218,29.1521044],[121.7396445,29.1520372],[121.7403466,29.1523774],[121.7417146,29.1529826],[121.7417236,29.1530657],[121.7418595,29.153125],[121.7418776,29.1530301],[121.7425662,29.1533149],[121.7428425,29.1534257],[121.7433453,29.1536472],[121.7433362,29.1537303],[121.7434132,29.1537619],[121.7434359,29.1536789],[121.7448084,29.1542762],[121.7447903,29.1543632],[121.7448808,29.154387],[121.744899,29.1543039],[121.7450666,29.1543751],[121.7456192,29.1545927],[121.7457188,29.1547272],[121.7457279,29.1548458],[121.7451798,29.1557596],[121.744822,29.156622],[121.7448673,29.1566457],[121.7448174,29.1567525],[121.7448627,29.1567723],[121.7449171,29.1566695],[121.7450439,29.1566892],[121.7458729,29.157251],[121.7471095,29.1580302],[121.7478886,29.1585247],[121.7481422,29.1586552],[121.7489168,29.1592051],[121.7491161,29.1592644],[121.7500674,29.1603127],[121.7504615,29.1607794],[121.7505838,29.160902],[121.7508873,29.1609218],[121.751458,29.1608229],[121.751911,29.1608388],[121.7524183,29.1608744],[121.7532201,29.1618316],[121.7535371,29.1620531],[121.7536051,29.163038],[121.7538044,29.1636155],[121.7537636,29.1641495],[121.7539358,29.1652056],[121.7541713,29.1654825],[121.7542438,29.1656645],[121.7542438,29.1659176],[121.7542755,29.1660679],[121.7550908,29.1666454],[121.7552403,29.1666494],[121.7560013,29.1665465],[121.7559741,29.1659928],[121.7558382,29.1652689],[121.7555665,29.1621322],[121.7554985,29.1616773],[121.7549323,29.1609812],[121.7536187,29.1592842],[121.7498364,29.1546362],[121.7495283,29.1539558],[121.7482193,29.1524367],[121.7471095,29.1510205],[121.7449805,29.150075],[121.7405233,29.1482513],[121.7353322,29.1460319],[121.7310471,29.1442397],[121.7303495,29.1439074]]]},"properties":{"osmId":1321566798,"kind":"water","name":null}},{"type":"Feature","geometry":{"type":"Polygon","coordinates":[[[121.7313021,29.1459475],[121.7313021,29.1469293],[121.7312058,29.1469742],[121.7307754,29.1468003],[121.7305184,29.1467386],[121.730178,29.1465647],[121.729709,29.1463178],[121.7297411,29.1462337],[121.7296769,29.1462],[121.7296191,29.1462729],[121.729163,29.146099],[121.7291245,29.1459644],[121.7291566,29.1458634],[121.7294071,29.1454089],[121.7290923,29.1453192],[121.7289318,29.1454875],[121.7288868,29.1455828],[121.728829,29.1457175],[121.7286941,29.1457624],[121.7285656,29.1460541],[121.7290988,29.1462729],[121.7301266,29.1469069],[121.7299853,29.147165],[121.7303386,29.1472547],[121.7305955,29.1471706],[121.7310195,29.1472547],[121.7313214,29.1472547],[121.7313471,29.1474231],[121.7313471,29.1480402],[121.7318803,29.1484273],[121.7319895,29.1484441],[121.7321244,29.148388],[121.7322464,29.1482478],[121.7322528,29.1480177],[121.7322336,29.1477597],[121.7322978,29.147726],[121.7325419,29.147726],[121.7328695,29.1478326],[121.7334091,29.1482814],[121.7338255,29.1483742],[121.7341063,29.148659],[121.7347224,29.1493751],[121.7348945,29.149466],[121.7355558,29.1503047],[121.7356057,29.1503997],[121.7345955,29.1521403],[121.734591,29.1522669],[121.7358186,29.1527891],[121.7395669,29.1544117],[121.7431271,29.155905],[121.744686,29.1566022],[121.7447777,29.1563855],[121.7448424,29.1560699],[121.743974,29.1556129],[121.7432565,29.1553539],[121.7426901,29.15501],[121.7415304,29.1545247],[121.7386768,29.1532481],[121.7379054,29.1529136],[121.7375063,29.1527959],[121.7374901,29.1527393],[121.7374199,29.152744],[121.7374199,29.1528053],[121.7372311,29.1527911],[121.7370855,29.1528006],[121.736983,29.1528524],[121.7350896,29.1520798],[121.7351382,29.151929],[121.7353701,29.1514721],[121.7354618,29.1515145],[121.735505,29.1514203],[121.7354187,29.1513826],[121.7357585,29.1508502],[121.7359149,29.1507089],[121.7363357,29.1504168],[121.7364921,29.1503414],[121.7363333,29.1499801],[121.7363016,29.149897],[121.7358826,29.1490883],[121.7358448,29.1488433],[121.7358758,29.1487141],[121.7359029,29.1486706],[121.7362602,29.1479058],[121.7362925,29.1477645],[121.7362925,29.1476326],[121.7362602,29.1475713],[121.7360606,29.1474677],[121.7353917,29.1472698],[121.7347822,29.1471285],[121.7340216,29.1467798],[121.7333365,29.1464548],[121.7329858,29.1463207],[121.732936,29.1462851],[121.732673,29.1462616],[121.7320796,29.1461862],[121.7316373,29.1459742],[121.7313021,29.1459475]]]},"properties":{"osmId":1321566799,"kind":"water","name":null}},{"type":"Feature","geometry":{"type":"Polygon","coordinates":[[[121.7296769,29.1462],[121.7292962,29.1460213],[121.7292477,29.1459083],[121.7294904,29.1454937],[121.7300406,29.1455785],[121.7310008,29.1458234],[121.7311087,29.1459695],[121.7311195,29.1461014],[121.7311788,29.1467798],[121.7311356,29.1468081],[121.7306286,29.1467044],[121.7297411,29.1462337],[121.7296769,29.1462]]]},"properties":{"osmId":1321566800,"kind":"water","name":null}},{"type":"Feature","geometry":{"type":"Polygon","coordinates":[[[121.7354618,29.1515145],[121.7352266,29.1520152],[121.7353398,29.152122],[121.7369434,29.1527866],[121.7371562,29.1527154],[121.7372559,29.1527154],[121.7374199,29.152744],[121.7374901,29.1527393],[121.7379671,29.1528578],[121.7380577,29.1528538],[121.7386782,29.1518292],[121.7387054,29.1517462],[121.7386148,29.1516631],[121.7380591,29.151424],[121.7379277,29.1514003],[121.7372559,29.151133],[121.7367305,29.1505871],[121.7366685,29.1504864],[121.7366277,29.1504192],[121.7365764,29.1503695],[121.7364723,29.150413],[121.7359966,29.1506939],[121.7357203,29.1510222],[121.735505,29.1514203],[121.7354618,29.1515145]]]},"properties":{"osmId":1321566801,"kind":"water","name":null}},{"type":"Feature","geometry":{"type":"Polygon","coordinates":[[[121.7395267,29.1520569],[121.7388821,29.1517541],[121.7388187,29.1517541],[121.7381392,29.1528419],[121.7381573,29.1529329],[121.7385106,29.1531268],[121.7417539,29.1545746],[121.7418626,29.1545746],[121.7420257,29.1543927],[121.7424515,29.1534314],[121.7424288,29.1533246],[121.7423201,29.1532613],[121.7418595,29.153125],[121.7417236,29.1530657],[121.7396218,29.1521044],[121.7395267,29.1520569]]]},"properties":{"osmId":1321566802,"kind":"water","name":null}},{"type":"Feature","geometry":{"type":"Polygon","coordinates":[[[121.7270894,29.1428616],[121.7272841,29.142545],[121.7275161,29.1427194],[121.7275808,29.1428701],[121.7275269,29.143101],[121.7272833,29.1435439],[121.7271929,29.1436755],[121.7271223,29.1439726],[121.7265289,29.1451363],[121.7263024,29.1455038],[121.7261621,29.1456027],[121.7260327,29.1456027],[121.7245169,29.1449572],[121.7244512,29.1449292],[121.7243374,29.1448807],[121.7209027,29.1434166],[121.7208254,29.1434018],[121.7206816,29.1433742],[121.7172559,29.1418938],[121.7171425,29.1418448],[121.7160155,29.1413578],[121.7137661,29.1404532],[121.7136326,29.1404024],[121.7135074,29.1403549],[121.7133939,29.1403118],[121.7104893,29.1392133],[121.7103943,29.1391773],[121.7100668,29.1390576],[121.7098606,29.1390515],[121.7098456,29.1390216],[121.7098074,29.1389957],[121.7089767,29.1387188],[121.707202,29.1381114],[121.7061442,29.137798],[121.7060916,29.1378086],[121.7058878,29.1377699],[121.7057767,29.1377322],[121.704975,29.1375356],[121.7045596,29.1374057],[121.7036451,29.1369881],[121.7035711,29.1369424],[121.7033596,29.1367755],[121.7033678,29.1366577],[121.7033229,29.1365426],[121.7032081,29.136356],[121.7028937,29.1361006],[121.7027349,29.1360384],[121.701861,29.136274],[121.7017909,29.1363823],[121.701683,29.1364389],[121.7012677,29.1364342],[121.7006257,29.136453],[121.7003237,29.1366368],[121.6999838,29.1370278],[121.6997519,29.1368488],[121.6999461,29.136552],[121.7005287,29.1362598],[121.701095,29.1361279],[121.7024436,29.1357698],[121.7027187,29.1356285],[121.7028751,29.1356662],[121.7032743,29.1359065],[121.7048225,29.1371032],[121.7051623,29.1372634],[121.7055615,29.1373341],[121.706349,29.1374849],[121.7078325,29.1379466],[121.7108047,29.1389926],[121.7139495,29.1402459],[121.7171268,29.1415886],[121.7211509,29.1432941],[121.7253098,29.145042],[121.7257683,29.1452069],[121.7258924,29.1451645],[121.726243,29.1444908],[121.7265559,29.1439726],[121.7268849,29.1432659],[121.7270399,29.1429845],[121.7270894,29.1428616]]]},"properties":{"osmId":1321566807,"kind":"water","name":null}},{"type":"Feature","geometry":{"type":"Polygon","coordinates":[[[121.7104972,29.1387947],[121.7114682,29.1372446],[121.7120238,29.1375791],[121.7110906,29.1390209],[121.7104972,29.1387947]]]},"properties":{"osmId":1321566808,"kind":"water","name":null}},{"type":"Feature","geometry":{"type":"Polygon","coordinates":[[[121.7111607,29.1390585],[121.7120508,29.1376451],[121.7126387,29.1379372],[121.7117595,29.1392894],[121.7111607,29.1390585]]]},"properties":{"osmId":1321566809,"kind":"water","name":null}},{"type":"Feature","geometry":{"type":"Polygon","coordinates":[[[121.711835,29.1393224],[121.7126927,29.1379655],[121.7133508,29.1381728],[121.7124553,29.1395768],[121.711835,29.1393224]]]},"properties":{"osmId":1321566810,"kind":"water","name":null}},{"type":"Feature","geometry":{"type":"Polygon","coordinates":[[[121.7125093,29.1396239],[121.7133777,29.1382293],[121.7148072,29.1387005],[121.7139657,29.1401799],[121.7125093,29.1396239]]]},"properties":{"osmId":1321566811,"kind":"water","name":null}},{"type":"Feature","geometry":{"type":"Polygon","coordinates":[[[121.7140251,29.1402034],[121.7148773,29.1387287],[121.7157296,29.1390397],[121.7162151,29.1393742],[121.7162205,29.139558],[121.7155247,29.1408395],[121.7140251,29.1402034]]]},"properties":{"osmId":1321566812,"kind":"water","name":null}},{"type":"Feature","geometry":{"type":"Polygon","coordinates":[[[121.7155624,29.1408631],[121.716296,29.1395109],[121.7163338,29.1394496],[121.7173102,29.1398407],[121.7165334,29.1412871],[121.7155624,29.1408631]]]},"properties":{"osmId":1321566813,"kind":"water","name":null}},{"type":"Feature","geometry":{"type":"Polygon","coordinates":[[[121.7166251,29.1412965],[121.7174288,29.1398689],[121.7179736,29.1400385],[121.7184106,29.1402694],[121.7175799,29.1417205],[121.7166251,29.1412965]]]},"properties":{"osmId":1321566814,"kind":"water","name":null}},{"type":"Feature","geometry":{"type":"Polygon","coordinates":[[[121.7177309,29.1417535],[121.7184861,29.1403307],[121.719484,29.1408348],[121.7186965,29.1421493],[121.7177309,29.1417535]]]},"properties":{"osmId":1321566815,"kind":"water","name":null}},{"type":"Feature","geometry":{"type":"Polygon","coordinates":[[[121.718799,29.1422105],[121.7195596,29.1408631],[121.7200936,29.1410892],[121.7205791,29.1412777],[121.7205143,29.1414661],[121.7197861,29.1426251],[121.718799,29.1422105]]]},"properties":{"osmId":1321566816,"kind":"water","name":null}},{"type":"Feature","geometry":{"type":"Polygon","coordinates":[[[121.7199425,29.1426864],[121.7207085,29.1413201],[121.7215231,29.141664],[121.7207733,29.1430492],[121.7199425,29.1426864]]]},"properties":{"osmId":1321566817,"kind":"water","name":null}},{"type":"Feature","geometry":{"type":"Polygon","coordinates":[[[121.7216363,29.1416836],[121.7208847,29.1430806],[121.7217583,29.1434677],[121.7225549,29.142037],[121.7216363,29.1416836]]]},"properties":{"osmId":1321566818,"kind":"water","name":null}},{"type":"Feature","geometry":{"type":"Polygon","coordinates":[[[121.7226641,29.1421212],[121.7219382,29.1435126],[121.7226512,29.1438212],[121.7234285,29.1424354],[121.7226641,29.1421212]]]},"properties":{"osmId":1321566819,"kind":"water","name":null}},{"type":"Feature","geometry":{"type":"Polygon","coordinates":[[[121.7235421,29.1424922],[121.7227653,29.1438666],[121.7235133,29.1441892],[121.7242905,29.1428149],[121.7235421,29.1424922]]]},"properties":{"osmId":1321566820,"kind":"water","name":null}},{"type":"Feature","geometry":{"type":"Polygon","coordinates":[[[121.7243965,29.1428513],[121.7236196,29.1442257],[121.7243677,29.1445483],[121.7251448,29.143174],[121.7243965,29.1428513]]]},"properties":{"osmId":1321566821,"kind":"water","name":null}},{"type":"Feature","geometry":{"type":"Polygon","coordinates":[[[121.7244692,29.1446179],[121.724861,29.1438997],[121.7262935,29.1442139],[121.7257347,29.1451284],[121.7244692,29.1446179]]]},"properties":{"osmId":1321566822,"kind":"water","name":null}},{"type":"Feature","geometry":{"type":"Polygon","coordinates":[[[121.7249188,29.14381],[121.7252208,29.1432321],[121.7257218,29.1434621],[121.7265248,29.1436304],[121.7263256,29.1441298],[121.7249188,29.14381]]]},"properties":{"osmId":1321566823,"kind":"water","name":null}},{"type":"Feature","geometry":{"type":"Polygon","coordinates":[[[121.7228632,29.1457568],[121.7234285,29.1446684],[121.7241865,29.1449601],[121.7235698,29.1460261],[121.7228632,29.1457568]]]},"properties":{"osmId":1321566824,"kind":"water","name":null}},{"type":"Feature","geometry":{"type":"Polygon","coordinates":[[[121.7219832,29.1454033],[121.7225485,29.1443149],[121.7233065,29.1446067],[121.7226898,29.1456726],[121.7219832,29.1454033]]]},"properties":{"osmId":1321566825,"kind":"water","name":null}},{"type":"Feature","geometry":{"type":"Polygon","coordinates":[[[121.7211224,29.1450331],[121.7216877,29.1439446],[121.7224457,29.1442364],[121.721829,29.1453024],[121.7211224,29.1450331]]]},"properties":{"osmId":1321566826,"kind":"water","name":null}},{"type":"Feature","geometry":{"type":"Polygon","coordinates":[[[121.7202552,29.1446515],[121.7208205,29.1435631],[121.7215785,29.1438549],[121.7209618,29.1449208],[121.7202552,29.1446515]]]},"properties":{"osmId":1321566827,"kind":"water","name":null}},{"type":"Feature","geometry":{"type":"Polygon","coordinates":[[[121.7192466,29.1442364],[121.7198119,29.1431479],[121.7205699,29.1434397],[121.7199533,29.1445057],[121.7192466,29.1442364]]]},"properties":{"osmId":1321566828,"kind":"water","name":null}},{"type":"Feature","geometry":{"type":"Polygon","coordinates":[[[121.7183923,29.1438549],[121.7189576,29.1427664],[121.7197156,29.1430582],[121.7190989,29.1441242],[121.7183923,29.1438549]]]},"properties":{"osmId":1321566829,"kind":"water","name":null}},{"type":"Feature","geometry":{"type":"Polygon","coordinates":[[[121.7175187,29.1435182],[121.7180839,29.1424298],[121.718842,29.1427215],[121.7182253,29.1437875],[121.7175187,29.1435182]]]},"properties":{"osmId":1321566830,"kind":"water","name":null}},{"type":"Feature","geometry":{"type":"Polygon","coordinates":[[[121.7166707,29.1431311],[121.717236,29.1420426],[121.717994,29.1423344],[121.7173773,29.1434004],[121.7166707,29.1431311]]]},"properties":{"osmId":1321566831,"kind":"water","name":null}},{"type":"Feature","geometry":{"type":"Polygon","coordinates":[[[121.7156493,29.1426879],[121.7162146,29.1415994],[121.7169726,29.1418912],[121.7163559,29.1429572],[121.7156493,29.1426879]]]},"properties":{"osmId":1321566832,"kind":"water","name":null}},{"type":"Feature","geometry":{"type":"Polygon","coordinates":[[[121.7147885,29.14234],[121.7153538,29.1412515],[121.7161118,29.1415433],[121.7154952,29.1426093],[121.7147885,29.14234]]]},"properties":{"osmId":1321566833,"kind":"water","name":null}},{"type":"Feature","geometry":{"type":"Polygon","coordinates":[[[121.7139406,29.1419753],[121.7145059,29.1408868],[121.7152639,29.1411786],[121.7146472,29.1422446],[121.7139406,29.1419753]]]},"properties":{"osmId":1321566834,"kind":"water","name":null}},{"type":"Feature","geometry":{"type":"Polygon","coordinates":[[[121.7130734,29.1416275],[121.7136837,29.1405053],[121.714416,29.1408027],[121.7137864,29.1419473],[121.7130734,29.1416275]]]},"properties":{"osmId":1321566835,"kind":"water","name":null}},{"type":"Feature","geometry":{"type":"Polygon","coordinates":[[[121.7120649,29.1412067],[121.7126302,29.1401182],[121.7133882,29.1404099],[121.7127715,29.141476],[121.7120649,29.1412067]]]},"properties":{"osmId":1321566836,"kind":"water","name":null}},{"type":"Feature","geometry":{"type":"Polygon","coordinates":[[[121.7111141,29.1408307],[121.711628,29.1397759],[121.7124503,29.140107],[121.7119235,29.1411113],[121.7111141,29.1408307]]]},"properties":{"osmId":1321566837,"kind":"water","name":null}},{"type":"Feature","geometry":{"type":"Polygon","coordinates":[[[121.7102277,29.1404717],[121.7108379,29.1394505],[121.711506,29.1396918],[121.7110049,29.140769],[121.7102277,29.1404717]]]},"properties":{"osmId":1321566838,"kind":"water","name":null}},{"type":"Feature","geometry":{"type":"Polygon","coordinates":[[[121.7095211,29.1401743],[121.7100671,29.1391587],[121.7103585,29.1392678],[121.7104468,29.1393009],[121.7106966,29.1393944],[121.7101249,29.1403931],[121.7095211,29.1401743]]]},"properties":{"osmId":1321566839,"kind":"water","name":null}},{"type":"Feature","geometry":{"type":"Polygon","coordinates":[[[121.7103585,29.1392678],[121.7103943,29.1391773],[121.7104893,29.1392133],[121.7104468,29.1393009],[121.7103585,29.1392678]]]},"properties":{"osmId":1321566840,"kind":"water","name":null}},{"type":"Feature","geometry":{"type":"Polygon","coordinates":[[[121.7135074,29.1403549],[121.7116823,29.1436628],[121.7102222,29.146338],[121.7096654,29.1473662],[121.7097693,29.1474105],[121.7136326,29.1404024],[121.7135074,29.1403549]]]},"properties":{"osmId":1321566841,"kind":"water","name":null}},{"type":"Feature","geometry":{"type":"Polygon","coordinates":[[[121.7126571,29.1423653],[121.714239,29.143041],[121.7146026,29.1423916],[121.7130206,29.1417161],[121.7126571,29.1423653]]]},"properties":{"osmId":1321566842,"kind":"water","name":null}},{"type":"Feature","geometry":{"type":"Polygon","coordinates":[[[121.7122653,29.143061],[121.7138472,29.1437367],[121.7142107,29.1430873],[121.7126287,29.1424118],[121.7122653,29.143061]]]},"properties":{"osmId":1321566843,"kind":"water","name":null}},{"type":"Feature","geometry":{"type":"Polygon","coordinates":[[[121.7118734,29.143768],[121.7134553,29.1444436],[121.7138189,29.1437942],[121.7122369,29.1431188],[121.7118734,29.143768]]]},"properties":{"osmId":1321566844,"kind":"water","name":null}},{"type":"Feature","geometry":{"type":"Polygon","coordinates":[[[121.7114623,29.1444693],[121.7130442,29.145145],[121.7134078,29.1444956],[121.7118257,29.1438201],[121.7114623,29.1444693]]]},"properties":{"osmId":1321566845,"kind":"water","name":null}},{"type":"Feature","geometry":{"type":"Polygon","coordinates":[[[121.7110769,29.1451986],[121.7126588,29.1458743],[121.7130223,29.1452249],[121.7114403,29.1445495],[121.7110769,29.1451986]]]},"properties":{"osmId":1321566846,"kind":"water","name":null}},{"type":"Feature","geometry":{"type":"Polygon","coordinates":[[[121.7107107,29.1459168],[121.7122926,29.1465924],[121.7126562,29.1459431],[121.7110742,29.1452676],[121.7107107,29.1459168]]]},"properties":{"osmId":1321566847,"kind":"water","name":null}},{"type":"Feature","geometry":{"type":"Polygon","coordinates":[[[121.710306,29.1466405],[121.7118879,29.1473162],[121.7122515,29.1466668],[121.7106695,29.1459913],[121.710306,29.1466405]]]},"properties":{"osmId":1321566848,"kind":"water","name":null}},{"type":"Feature","geometry":{"type":"Polygon","coordinates":[[[121.7099142,29.1473474],[121.7114961,29.1480231],[121.7118596,29.1473737],[121.7102776,29.1466983],[121.7099142,29.1473474]]]},"properties":{"osmId":1321566849,"kind":"water","name":null}},{"type":"Feature","geometry":{"type":"Polygon","coordinates":[[[121.7143723,29.1430947],[121.7159542,29.1437704],[121.7163177,29.143121],[121.7147357,29.1424455],[121.7143723,29.1430947]]]},"properties":{"osmId":1321566850,"kind":"water","name":null}},{"type":"Feature","geometry":{"type":"Polygon","coordinates":[[[121.713974,29.1438297],[121.7155559,29.1445054],[121.7159195,29.143856],[121.7143374,29.1431805],[121.713974,29.1438297]]]},"properties":{"osmId":1321566851,"kind":"water","name":null}},{"type":"Feature","geometry":{"type":"Polygon","coordinates":[[[121.7135822,29.1445198],[121.7151641,29.1451955],[121.7155276,29.144546],[121.7139456,29.1438706],[121.7135822,29.1445198]]]},"properties":{"osmId":1321566852,"kind":"water","name":null}},{"type":"Feature","geometry":{"type":"Polygon","coordinates":[[[121.7131903,29.1452323],[121.7147722,29.145908],[121.7151358,29.1452586],[121.7135537,29.1445831],[121.7131903,29.1452323]]]},"properties":{"osmId":1321566853,"kind":"water","name":null}},{"type":"Feature","geometry":{"type":"Polygon","coordinates":[[[121.7127792,29.1459448],[121.7143611,29.1466205],[121.7147246,29.1459711],[121.7131426,29.1452957],[121.7127792,29.1459448]]]},"properties":{"osmId":1321566854,"kind":"water","name":null}},{"type":"Feature","geometry":{"type":"Polygon","coordinates":[[[121.712413,29.1466349],[121.7139949,29.1473106],[121.7143585,29.1466612],[121.7127765,29.1459857],[121.712413,29.1466349]]]},"properties":{"osmId":1321566855,"kind":"water","name":null}},{"type":"Feature","geometry":{"type":"Polygon","coordinates":[[[121.7120276,29.1473418],[121.7136095,29.1480175],[121.7139731,29.1473681],[121.712391,29.1466926],[121.7120276,29.1473418]]]},"properties":{"osmId":1321566856,"kind":"water","name":null}},{"type":"Feature","geometry":{"type":"Polygon","coordinates":[[[121.7115908,29.148088],[121.7131727,29.1487636],[121.7135362,29.1481143],[121.7119542,29.1474388],[121.7115908,29.148088]]]},"properties":{"osmId":1321566857,"kind":"water","name":null}},{"type":"Feature","geometry":{"type":"Polygon","coordinates":[[[121.7171425,29.1418448],[121.713266,29.148902],[121.7133789,29.1489502],[121.7172559,29.1418938],[121.7171425,29.1418448]]]},"properties":{"osmId":1321566858,"kind":"water","name":null}},{"type":"Feature","geometry":{"type":"Polygon","coordinates":[[[121.7162416,29.1438689],[121.7178235,29.1445446],[121.7181871,29.1438952],[121.716605,29.1432198],[121.7162416,29.1438689]]]},"properties":{"osmId":1321566859,"kind":"water","name":null}},{"type":"Feature","geometry":{"type":"Polygon","coordinates":[[[121.7158819,29.1445703],[121.7174638,29.1452459],[121.7178273,29.1445965],[121.7162453,29.1439211],[121.7158819,29.1445703]]]},"properties":{"osmId":1321566860,"kind":"water","name":null}},{"type":"Feature","geometry":{"type":"Polygon","coordinates":[[[121.7154386,29.1453165],[121.7170205,29.1459921],[121.7173841,29.1453427],[121.7158021,29.1446673],[121.7154386,29.1453165]]]},"properties":{"osmId":1321566861,"kind":"water","name":null}},{"type":"Feature","geometry":{"type":"Polygon","coordinates":[[[121.7150596,29.1460009],[121.7166415,29.1466766],[121.7170051,29.1460272],[121.7154231,29.1453518],[121.7150596,29.1460009]]]},"properties":{"osmId":1321566862,"kind":"water","name":null}},{"type":"Feature","geometry":{"type":"Polygon","coordinates":[[[121.7146678,29.1467415],[121.7162497,29.1474172],[121.7166132,29.1467678],[121.7150312,29.1460923],[121.7146678,29.1467415]]]},"properties":{"osmId":1321566863,"kind":"water","name":null}},{"type":"Feature","geometry":{"type":"Polygon","coordinates":[[[121.7143016,29.1474372],[121.7158835,29.1481128],[121.7162471,29.1474635],[121.7146651,29.146788],[121.7143016,29.1474372]]]},"properties":{"osmId":1321566864,"kind":"water","name":null}},{"type":"Feature","geometry":{"type":"Polygon","coordinates":[[[121.713852,29.1481665],[121.7154339,29.1488422],[121.7157974,29.1481928],[121.7142154,29.1475174],[121.713852,29.1481665]]]},"properties":{"osmId":1321566865,"kind":"water","name":null}},{"type":"Feature","geometry":{"type":"Polygon","coordinates":[[[121.7134601,29.1488846],[121.715042,29.1495603],[121.7154056,29.1489109],[121.7138235,29.1482355],[121.7134601,29.1488846]]]},"properties":{"osmId":1321566866,"kind":"water","name":null}},{"type":"Feature","geometry":{"type":"Polygon","coordinates":[[[121.7179824,29.1445983],[121.7195643,29.145274],[121.7199279,29.1446246],[121.7183459,29.1439491],[121.7179824,29.1445983]]]},"properties":{"osmId":1321566867,"kind":"water","name":null}},{"type":"Feature","geometry":{"type":"Polygon","coordinates":[[[121.7176034,29.1453221],[121.7191853,29.1459977],[121.7195489,29.1453483],[121.7179669,29.1446729],[121.7176034,29.1453221]]]},"properties":{"osmId":1321566868,"kind":"water","name":null}},{"type":"Feature","geometry":{"type":"Polygon","coordinates":[[[121.7171345,29.1460234],[121.7187164,29.146699],[121.71908,29.1460496],[121.7174979,29.1453742],[121.7171345,29.1460234]]]},"properties":{"osmId":1321566869,"kind":"water","name":null}},{"type":"Feature","geometry":{"type":"Polygon","coordinates":[[[121.7167876,29.1467415],[121.7183695,29.1474172],[121.7187331,29.1467678],[121.7171511,29.1460923],[121.7167876,29.1467415]]]},"properties":{"osmId":1321566870,"kind":"water","name":null}},{"type":"Feature","geometry":{"type":"Polygon","coordinates":[[[121.7164086,29.147454],[121.7179905,29.1481297],[121.7183541,29.1474803],[121.7167721,29.1468049],[121.7164086,29.147454]]]},"properties":{"osmId":1321566871,"kind":"water","name":null}},{"type":"Feature","geometry":{"type":"Polygon","coordinates":[[[121.7160296,29.1481777],[121.7176115,29.1488534],[121.7179751,29.148204],[121.716393,29.1475286],[121.7160296,29.1481777]]]},"properties":{"osmId":1321566872,"kind":"water","name":null}},{"type":"Feature","geometry":{"type":"Polygon","coordinates":[[[121.7156121,29.1488902],[121.717194,29.1495659],[121.7175575,29.1489165],[121.7159755,29.1482411],[121.7156121,29.1488902]]]},"properties":{"osmId":1321566873,"kind":"water","name":null}},{"type":"Feature","geometry":{"type":"Polygon","coordinates":[[[121.7152202,29.1496476],[121.7168021,29.1503233],[121.7171657,29.1496739],[121.7155837,29.1489985],[121.7152202,29.1496476]]]},"properties":{"osmId":1321566874,"kind":"water","name":null}},{"type":"Feature","geometry":{"type":"Polygon","coordinates":[[[121.7206816,29.1433742],[121.7206306,29.1435225],[121.7168158,29.1504161],[121.7169691,29.1504815],[121.7208254,29.1434018],[121.7206816,29.1433742]]]},"properties":{"osmId":1321566875,"kind":"water","name":null}},{"type":"Feature","geometry":{"type":"Polygon","coordinates":[[[121.7198294,29.1453697],[121.7214113,29.1460454],[121.7217748,29.145396],[121.7201928,29.1447205],[121.7198294,29.1453697]]]},"properties":{"osmId":1321566876,"kind":"water","name":null}},{"type":"Feature","geometry":{"type":"Polygon","coordinates":[[[121.7194377,29.1461335],[121.7210196,29.1468092],[121.7213831,29.1461598],[121.7198011,29.1454843],[121.7194377,29.1461335]]]},"properties":{"osmId":1321566877,"kind":"water","name":null}},{"type":"Feature","geometry":{"type":"Polygon","coordinates":[[[121.7190642,29.1468257],[121.7206461,29.1475014],[121.7210096,29.146852],[121.7194276,29.1461765],[121.7190642,29.1468257]]]},"properties":{"osmId":1321566878,"kind":"water","name":null}},{"type":"Feature","geometry":{"type":"Polygon","coordinates":[[[121.7186542,29.1475338],[121.7202361,29.1482095],[121.7205997,29.1475601],[121.7190176,29.1468847],[121.7186542,29.1475338]]]},"properties":{"osmId":1321566879,"kind":"water","name":null}},{"type":"Feature","geometry":{"type":"Polygon","coordinates":[[[121.7182716,29.1482897],[121.7198535,29.1489653],[121.7202171,29.1483159],[121.718635,29.1476405],[121.7182716,29.1482897]]]},"properties":{"osmId":1321566880,"kind":"water","name":null}},{"type":"Feature","geometry":{"type":"Polygon","coordinates":[[[121.717889,29.1490137],[121.7194709,29.1496893],[121.7198344,29.1490399],[121.7182524,29.1483645],[121.717889,29.1490137]]]},"properties":{"osmId":1321566881,"kind":"water","name":null}},{"type":"Feature","geometry":{"type":"Polygon","coordinates":[[[121.7174608,29.1497297],[121.7190427,29.1504054],[121.7194063,29.149756],[121.7178243,29.1490806],[121.7174608,29.1497297]]]},"properties":{"osmId":1321566882,"kind":"water","name":null}},{"type":"Feature","geometry":{"type":"Polygon","coordinates":[[[121.7171056,29.1504776],[121.7186874,29.1511532],[121.719051,29.1505039],[121.717469,29.1498284],[121.7171056,29.1504776]]]},"properties":{"osmId":1321566883,"kind":"water","name":null}},{"type":"Feature","geometry":{"type":"Polygon","coordinates":[[[121.7187747,29.1511861],[121.7203566,29.1518617],[121.7207202,29.1512123],[121.7191382,29.1505369],[121.7187747,29.1511861]]]},"properties":{"osmId":1321566884,"kind":"water","name":null}},{"type":"Feature","geometry":{"type":"Polygon","coordinates":[[[121.7191878,29.1504645],[121.7207697,29.1511402],[121.7211333,29.1504908],[121.7195512,29.1498154],[121.7191878,29.1504645]]]},"properties":{"osmId":1321566885,"kind":"water","name":null}},{"type":"Feature","geometry":{"type":"Polygon","coordinates":[[[121.7195856,29.1496895],[121.7211675,29.1503652],[121.7215311,29.1497158],[121.719949,29.1490404],[121.7195856,29.1496895]]]},"properties":{"osmId":1321566886,"kind":"water","name":null}},{"type":"Feature","geometry":{"type":"Polygon","coordinates":[[[121.720014,29.1490014],[121.7215959,29.1496771],[121.7219594,29.1490277],[121.7203774,29.1483523],[121.720014,29.1490014]]]},"properties":{"osmId":1321566887,"kind":"water","name":null}},{"type":"Feature","geometry":{"type":"Polygon","coordinates":[[[121.7204271,29.1482464],[121.722009,29.1489221],[121.7223725,29.1482727],[121.7207905,29.1475973],[121.7204271,29.1482464]]]},"properties":{"osmId":1321566888,"kind":"water","name":null}},{"type":"Feature","geometry":{"type":"Polygon","coordinates":[[[121.7207484,29.1475115],[121.7223303,29.1481872],[121.7226938,29.1475378],[121.7211118,29.1468624],[121.7207484,29.1475115]]]},"properties":{"osmId":1321566889,"kind":"water","name":null}},{"type":"Feature","geometry":{"type":"Polygon","coordinates":[[[121.7211768,29.1468167],[121.7227587,29.1474924],[121.7231222,29.146843],[121.7215402,29.1461675],[121.7211768,29.1468167]]]},"properties":{"osmId":1321566890,"kind":"water","name":null}},{"type":"Feature","geometry":{"type":"Polygon","coordinates":[[[121.7215363,29.1460684],[121.7231182,29.1467441],[121.7234818,29.1460947],[121.7218997,29.1454192],[121.7215363,29.1460684]]]},"properties":{"osmId":1321566891,"kind":"water","name":null}},{"type":"Feature","geometry":{"type":"Polygon","coordinates":[[[121.7243374,29.1448807],[121.7204258,29.1519576],[121.7205755,29.1520198],[121.7244512,29.1449292],[121.7243374,29.1448807]]]},"properties":{"osmId":1321566892,"kind":"water","name":null}},{"type":"Feature","geometry":{"type":"Polygon","coordinates":[[[121.7242384,29.1455941],[121.7257845,29.1462278],[121.726062,29.1457113],[121.7245157,29.1450778],[121.7242384,29.1455941]]]},"properties":{"osmId":1321566893,"kind":"water","name":null}},{"type":"Feature","geometry":{"type":"Polygon","coordinates":[[[121.7238788,29.1461887],[121.725425,29.1468225],[121.7257025,29.1463059],[121.7241562,29.1456724],[121.7238788,29.1461887]]]},"properties":{"osmId":1321566894,"kind":"water","name":null}},{"type":"Feature","geometry":{"type":"Polygon","coordinates":[[[121.7235137,29.1469522],[121.7250649,29.1475829],[121.7253913,29.1469708],[121.7238402,29.1463398],[121.7235137,29.1469522]]]},"properties":{"osmId":1321566895,"kind":"water","name":null}},{"type":"Feature","geometry":{"type":"Polygon","coordinates":[[[121.7230929,29.147627],[121.7246442,29.1482577],[121.7249706,29.1476456],[121.7234195,29.1470146],[121.7230929,29.147627]]]},"properties":{"osmId":1321566896,"kind":"water","name":null}},{"type":"Feature","geometry":{"type":"Polygon","coordinates":[[[121.7227104,29.1483686],[121.7242617,29.1489993],[121.7245881,29.1483872],[121.723037,29.1477562],[121.7227104,29.1483686]]]},"properties":{"osmId":1321566897,"kind":"water","name":null}},{"type":"Feature","geometry":{"type":"Polygon","coordinates":[[[121.722305,29.1490567],[121.7238563,29.1496875],[121.7241826,29.1490754],[121.7226315,29.1484444],[121.722305,29.1490567]]]},"properties":{"osmId":1321566898,"kind":"water","name":null}},{"type":"Feature","geometry":{"type":"Polygon","coordinates":[[[121.7219072,29.1497783],[121.7234585,29.150409],[121.7237849,29.1497969],[121.7222337,29.1491659],[121.7219072,29.1497783]]]},"properties":{"osmId":1321566899,"kind":"water","name":null}},{"type":"Feature","geometry":{"type":"Polygon","coordinates":[[[121.721563,29.1505199],[121.7231142,29.1511506],[121.7234406,29.1505385],[121.7218895,29.1499075],[121.721563,29.1505199]]]},"properties":{"osmId":1321566900,"kind":"water","name":null}},{"type":"Feature","geometry":{"type":"Polygon","coordinates":[[[121.7211422,29.1512614],[121.7226935,29.1518921],[121.7230199,29.1512801],[121.7214688,29.1506491],[121.7211422,29.1512614]]]},"properties":{"osmId":1321566901,"kind":"water","name":null}},{"type":"Feature","geometry":{"type":"Polygon","coordinates":[[[121.7207368,29.1519429],[121.7222881,29.1525736],[121.7226144,29.1519615],[121.7210633,29.1513305],[121.7207368,29.1519429]]]},"properties":{"osmId":1321566902,"kind":"water","name":null}},{"type":"Feature","geometry":{"type":"Polygon","coordinates":[[[121.7205755,29.1520198],[121.721351,29.1523211],[121.7212876,29.1524833],[121.7178088,29.1509958],[121.6948159,29.1412399],[121.6932441,29.1406267],[121.6930629,29.1405476],[121.6926462,29.1403062],[121.6926507,29.1401282],[121.6925737,29.139966],[121.6926371,29.1399304],[121.692388,29.1395268],[121.6922056,29.1394386],[121.6923306,29.139347],[121.6928591,29.1397326],[121.6929678,29.1396811],[121.6931037,29.1397682],[121.6932939,29.13978],[121.6935295,29.1396772],[121.6939235,29.1398948],[121.6944082,29.1400412],[121.6944671,29.1401282],[121.694384,29.1402258],[121.694128,29.1404798],[121.6940332,29.1406362],[121.6940873,29.1406847],[121.6966974,29.1418117],[121.6968297,29.1418688],[121.6999314,29.1432081],[121.7000358,29.1432531],[121.7028668,29.1444754],[121.7030786,29.1445669],[121.7032344,29.1446342],[121.7047411,29.1451595],[121.7060408,29.1458025],[121.7062555,29.1459088],[121.7062978,29.1459297],[121.7096654,29.1473662],[121.7097693,29.1474105],[121.713266,29.148902],[121.7133789,29.1489502],[121.7168158,29.1504161],[121.7169691,29.1504815],[121.7204258,29.1519576],[121.7205755,29.1520198]]]},"properties":{"osmId":1321566906,"kind":"water","name":null}},{"type":"Feature","geometry":{"type":"Polygon","coordinates":[[[121.6941855,29.1406199],[121.6942018,29.1405443],[121.6942883,29.1403837],[121.6945263,29.1402467],[121.6949536,29.1400624],[121.6959652,29.1405348],[121.695527,29.1411679],[121.6941855,29.1406199]]]},"properties":{"osmId":1321566907,"kind":"water","name":null}},{"type":"Feature","geometry":{"type":"Polygon","coordinates":[[[121.6956785,29.1412719],[121.696095,29.1405915],[121.6970308,29.1409884],[121.6966251,29.1416357],[121.6956785,29.1412719]]]},"properties":{"osmId":1321566908,"kind":"water","name":null}},{"type":"Feature","geometry":{"type":"Polygon","coordinates":[[[121.6950835,29.1399962],[121.6970524,29.1408514],[121.6974473,29.1401758],[121.6957217,29.1393915],[121.6950835,29.1399962]]]},"properties":{"osmId":1321566909,"kind":"water","name":null}},{"type":"Feature","geometry":{"type":"Polygon","coordinates":[[[121.6958137,29.1393679],[121.6975284,29.1400482],[121.6979179,29.1393159],[121.6965277,29.1387631],[121.6958137,29.1393679]]]},"properties":{"osmId":1321566910,"kind":"water","name":null}},{"type":"Feature","geometry":{"type":"Polygon","coordinates":[[[121.6966684,29.1386828],[121.6980099,29.1392309],[121.6983128,29.1385978],[121.6973986,29.138182],[121.6968698,29.1384489],[121.6966684,29.1386828]]]},"properties":{"osmId":1321566911,"kind":"water","name":null}},{"type":"Feature","geometry":{"type":"Polygon","coordinates":[[[121.6976366,29.1381158],[121.698778,29.1385741],[121.6991242,29.1379694],[121.6986211,29.1378276],[121.6978963,29.137941],[121.6976366,29.1381158]]]},"properties":{"osmId":1321566912,"kind":"water","name":null}},{"type":"Feature","geometry":{"type":"Polygon","coordinates":[[[121.6999838,29.1370278],[121.6994433,29.1376197],[121.6993027,29.1377379],[121.6991728,29.1377757],[121.6988158,29.137752],[121.6984101,29.1377331],[121.6976583,29.1379221],[121.6971065,29.1382056],[121.6966738,29.1384371],[121.6952836,29.1395663],[121.6948184,29.1399868],[121.6944671,29.1401282],[121.6944082,29.1400412],[121.694667,29.1398403],[121.6957488,29.1389474],[121.6966251,29.1382529],[121.697523,29.1377662],[121.6980531,29.1375961],[121.6990538,29.1374875],[121.6993405,29.1373741],[121.699611,29.1371756],[121.6997519,29.1368488],[121.6999838,29.1370278]]]},"properties":{"osmId":1321566913,"kind":"water","name":null}},{"type":"Feature","geometry":{"type":"Polygon","coordinates":[[[121.6982965,29.1388907],[121.6984047,29.1389332],[121.698329,29.1390986],[121.6968297,29.1418688],[121.6966974,29.1418117],[121.6982965,29.1388907]]]},"properties":{"osmId":1321566914,"kind":"water","name":null}},{"type":"Feature","geometry":{"type":"Polygon","coordinates":[[[121.6970229,29.1418286],[121.6982587,29.1423396],[121.6983452,29.1423065],[121.6986352,29.1417719],[121.6973434,29.1412375],[121.6970229,29.1418286]]]},"properties":{"osmId":1321566915,"kind":"water","name":null}},{"type":"Feature","geometry":{"type":"Polygon","coordinates":[[[121.6974524,29.1409902],[121.6986806,29.1415034],[121.6987671,29.1414703],[121.6990767,29.1409054],[121.6977928,29.1403688],[121.6974524,29.1409902]]]},"properties":{"osmId":1321566916,"kind":"water","name":null}},{"type":"Feature","geometry":{"type":"Polygon","coordinates":[[[121.6978783,29.1402056],[121.699135,29.1407097],[121.6992215,29.1406766],[121.6995273,29.1400953],[121.6982135,29.1395681],[121.6978783,29.1402056]]]},"properties":{"osmId":1321566917,"kind":"water","name":null}},{"type":"Feature","geometry":{"type":"Polygon","coordinates":[[[121.6983103,29.1393954],[121.6995677,29.1399254],[121.6996705,29.1399396],[121.7000308,29.139386],[121.7000212,29.1392369],[121.6984755,29.1386205],[121.6984036,29.1387996],[121.6984936,29.1388872],[121.6985162,29.1389397],[121.6983103,29.1393954]]]},"properties":{"osmId":1321566918,"kind":"water","name":null}},{"type":"Feature","geometry":{"type":"Polygon","coordinates":[[[121.6988923,29.1416757],[121.7002573,29.1422548],[121.7006352,29.1415751],[121.6992701,29.1409962],[121.6988923,29.1416757]]]},"properties":{"osmId":1321566919,"kind":"water","name":null}},{"type":"Feature","geometry":{"type":"Polygon","coordinates":[[[121.6984912,29.142437],[121.6998562,29.1430161],[121.7002341,29.1423364],[121.698869,29.1417576],[121.6984912,29.142437]]]},"properties":{"osmId":1321566920,"kind":"water","name":null}},{"type":"Feature","geometry":{"type":"Polygon","coordinates":[[[121.6993629,29.1408335],[121.7007278,29.1414126],[121.7011057,29.1407329],[121.6997406,29.1401541],[121.6993629,29.1408335]]]},"properties":{"osmId":1321566921,"kind":"water","name":null}},{"type":"Feature","geometry":{"type":"Polygon","coordinates":[[[121.6998026,29.1400048],[121.7011675,29.1405839],[121.7015454,29.1399042],[121.7001803,29.1393254],[121.6998026,29.1400048]]]},"properties":{"osmId":1321566922,"kind":"water","name":null}},{"type":"Feature","geometry":{"type":"Polygon","coordinates":[[[121.7001651,29.1432252],[121.7015301,29.1438043],[121.7019785,29.1430678],[121.70057,29.142489],[121.7001651,29.1432252]]]},"properties":{"osmId":1321566923,"kind":"water","name":null}},{"type":"Feature","geometry":{"type":"Polygon","coordinates":[[[121.7005971,29.1423763],[121.701962,29.1429554],[121.7023399,29.1422758],[121.7009748,29.1416969],[121.7005971,29.1423763]]]},"properties":{"osmId":1321566924,"kind":"water","name":null}},{"type":"Feature","geometry":{"type":"Polygon","coordinates":[[[121.701083,29.1415746],[121.702448,29.1421537],[121.7028259,29.141474],[121.7014608,29.1408952],[121.701083,29.1415746]]]},"properties":{"osmId":1321566925,"kind":"water","name":null}},{"type":"Feature","geometry":{"type":"Polygon","coordinates":[[[121.7024294,29.1390857],[121.7037608,29.1396832],[121.704137,29.139044],[121.7028058,29.1384462],[121.7024294,29.1390857]]]},"properties":{"osmId":1321566945,"kind":"water","name":null}},{"type":"Feature","geometry":{"type":"Polygon","coordinates":[[[121.7019743,29.1398941],[121.7033056,29.1404917],[121.7036819,29.1398525],[121.7023507,29.1392547],[121.7019743,29.1398941]]]},"properties":{"osmId":1321566946,"kind":"water","name":null}},{"type":"Feature","geometry":{"type":"Polygon","coordinates":[[[121.700285,29.1391732],[121.7016163,29.1397708],[121.7019926,29.1391316],[121.7006614,29.1385338],[121.700285,29.1391732]]]},"properties":{"osmId":1321566947,"kind":"water","name":null}},{"type":"Feature","geometry":{"type":"Polygon","coordinates":[[[121.7007247,29.138385],[121.702056,29.1389826],[121.7024323,29.1383433],[121.701101,29.1377455],[121.7007247,29.138385]]]},"properties":{"osmId":1321566948,"kind":"water","name":null}},{"type":"Feature","geometry":{"type":"Polygon","coordinates":[[[121.6989511,29.1386711],[121.7000967,29.1391179],[121.7004374,29.1384513],[121.6992917,29.1380047],[121.6989511,29.1386711]]]},"properties":{"osmId":1321566949,"kind":"water","name":null}},{"type":"Feature","geometry":{"type":"Polygon","coordinates":[[[121.6994554,29.1378824],[121.7005353,29.1383271],[121.7008978,29.1376466],[121.6999722,29.137276],[121.6994554,29.1378824]]]},"properties":{"osmId":1321566950,"kind":"water","name":null}},{"type":"Feature","geometry":{"type":"Polygon","coordinates":[[[121.7000725,29.137148],[121.7010135,29.1375455],[121.7015072,29.1365955],[121.7013607,29.1365686],[121.7005044,29.1366157],[121.7003347,29.1367303],[121.7000725,29.137148]]]},"properties":{"osmId":1321566951,"kind":"water","name":null}},{"type":"Feature","geometry":{"type":"Polygon","coordinates":[[[121.701191,29.1376129],[121.7025177,29.1381923],[121.702672,29.1378487],[121.7025177,29.1377274],[121.7024714,29.1375253],[121.7024714,29.1374242],[121.701916,29.1371817],[121.7016461,29.136865],[121.7015612,29.1368583],[121.701191,29.1376129]]]},"properties":{"osmId":1321566952,"kind":"water","name":null}},{"type":"Feature","geometry":{"type":"Polygon","coordinates":[[[121.7028539,29.1383156],[121.7031982,29.1377014],[121.7045489,29.1382789],[121.7042045,29.1388934],[121.7028539,29.1383156]]]},"properties":{"osmId":1321566953,"kind":"water","name":null}},{"type":"Feature","geometry":{"type":"Polygon","coordinates":[[[121.7032545,29.1375744],[121.7035538,29.1370318],[121.7049403,29.1376151],[121.7046409,29.1381579],[121.7032545,29.1375744]]]},"properties":{"osmId":1321566954,"kind":"water","name":null}},{"type":"Feature","geometry":{"type":"Polygon","coordinates":[[[121.7033596,29.1367755],[121.7031273,29.1372442],[121.7030747,29.1372835],[121.7030115,29.1372683],[121.7029111,29.1372491],[121.7027954,29.1372423],[121.702618,29.1375455],[121.7026643,29.1376803],[121.7028648,29.1378487],[121.7018852,29.1395802],[121.7019392,29.1396409],[121.7020009,29.1395937],[121.7035179,29.1369552],[121.7035711,29.1369424],[121.7033596,29.1367755]]]},"properties":{"osmId":1321566959,"kind":"water","name":null}},{"type":"Feature","geometry":{"type":"Polygon","coordinates":[[[121.7016461,29.1367303],[121.7021397,29.1371345],[121.702564,29.1373232],[121.7026643,29.1372895],[121.7027414,29.1371682],[121.7028263,29.137148],[121.7030268,29.1371682],[121.7032119,29.1368179],[121.7032428,29.1366427],[121.7031502,29.1364271],[121.7028803,29.1361441],[121.7026103,29.1361441],[121.7024483,29.1361913],[121.7018852,29.1363462],[121.7017695,29.1364742],[121.7016461,29.1367303]]]},"properties":{"osmId":1321566960,"kind":"water","name":null}},{"type":"Feature","geometry":{"type":"Polygon","coordinates":[[[121.7015713,29.1401639],[121.7016695,29.1399734],[121.7032949,29.1406308],[121.7028803,29.141374],[121.7014949,29.1407928],[121.7017458,29.1403164],[121.7015713,29.1401639]]]},"properties":{"osmId":1321566961,"kind":"water","name":null}},{"type":"Feature","geometry":{"type":"Polygon","coordinates":[[[121.6999314,29.1432081],[121.7015505,29.1402094],[121.701659,29.1403089],[121.7000358,29.1432531],[121.6999314,29.1432081]]]},"properties":{"osmId":1321566962,"kind":"water","name":null}},{"type":"Feature","geometry":{"type":"Polygon","coordinates":[[[121.7079695,29.1465424],[121.7083386,29.145887],[121.709991,29.1465967],[121.7096217,29.1472524],[121.7079695,29.1465424]]]},"properties":{"osmId":1321566974,"kind":"water","name":null}},{"type":"Feature","geometry":{"type":"Polygon","coordinates":[[[121.7083764,29.1457977],[121.7087456,29.1451423],[121.7103979,29.145852],[121.7100286,29.1465077],[121.7083764,29.1457977]]]},"properties":{"osmId":1321566975,"kind":"water","name":null}},{"type":"Feature","geometry":{"type":"Polygon","coordinates":[[[121.7087834,29.1450981],[121.7091525,29.1444427],[121.7108049,29.1451525],[121.7104356,29.1458081],[121.7087834,29.1450981]]]},"properties":{"osmId":1321566976,"kind":"water","name":null}},{"type":"Feature","geometry":{"type":"Polygon","coordinates":[[[121.709171,29.1443816],[121.7095401,29.1437262],[121.7111924,29.144436],[121.7108231,29.1450916],[121.709171,29.1443816]]]},"properties":{"osmId":1321566977,"kind":"water","name":null}},{"type":"Feature","geometry":{"type":"Polygon","coordinates":[[[121.7095521,29.1436933],[121.7099212,29.1430379],[121.7115735,29.1437477],[121.7112043,29.1444034],[121.7095521,29.1436933]]]},"properties":{"osmId":1321566978,"kind":"water","name":null}},{"type":"Feature","geometry":{"type":"Polygon","coordinates":[[[121.7099719,29.1429712],[121.7103411,29.1423158],[121.7119934,29.1430256],[121.7116241,29.1436812],[121.7099719,29.1429712]]]},"properties":{"osmId":1321566979,"kind":"water","name":null}},{"type":"Feature","geometry":{"type":"Polygon","coordinates":[[[121.7103466,29.1422321],[121.7107157,29.1415767],[121.7123681,29.1422865],[121.7119988,29.1429422],[121.7103466,29.1422321]]]},"properties":{"osmId":1321566980,"kind":"water","name":null}},{"type":"Feature","geometry":{"type":"Polygon","coordinates":[[[121.7107406,29.1415043],[121.7111098,29.1408489],[121.7127621,29.1415587],[121.7123928,29.1422144],[121.7107406,29.1415043]]]},"properties":{"osmId":1321566981,"kind":"water","name":null}},{"type":"Feature","geometry":{"type":"Polygon","coordinates":[[[121.7061258,29.1378541],[121.706072,29.1379108],[121.7054605,29.1390495],[121.7054449,29.1391062],[121.7055302,29.139222],[121.7056382,29.1392123],[121.7058304,29.139136],[121.7060782,29.1390486],[121.7063371,29.1390097],[121.7064324,29.1389209],[121.7066785,29.1388127],[121.7069295,29.1388044],[121.7069898,29.1388211],[121.7070958,29.138921],[121.7070971,29.1390185],[121.7071516,29.1390651],[121.7072121,29.1390847],[121.7072547,29.1390573],[121.7072659,29.1389908],[121.7074115,29.1387638],[121.707631,29.1383295],[121.707622,29.1382884],[121.7075481,29.1382591],[121.7063094,29.1378874],[121.7061258,29.1378541]]]},"properties":{"osmId":1321569729,"kind":"water","name":null}},{"type":"Feature","geometry":{"type":"Polygon","coordinates":[[[121.7072895,29.1391029],[121.7074202,29.1391541],[121.7076549,29.1393195],[121.7079724,29.1395758],[121.7082444,29.1397995],[121.7083004,29.1397878],[121.7087592,29.1389491],[121.7088793,29.1387441],[121.7087992,29.1387021],[121.7077963,29.138348],[121.7076923,29.13832],[121.7072895,29.1391029]]]},"properties":{"osmId":1321569730,"kind":"water","name":null}},{"type":"Feature","geometry":{"type":"Polygon","coordinates":[[[121.7088987,29.1406982],[121.7088418,29.1407368],[121.7086839,29.1407368],[121.7085859,29.1406968],[121.7084232,29.140694],[121.7082827,29.140654],[121.7081753,29.1406637],[121.7079368,29.1406278],[121.7078625,29.1406526],[121.707692,29.1406416],[121.7075909,29.1406237],[121.7075103,29.1405975],[121.7073698,29.1406057],[121.7073634,29.1405423],[121.7073729,29.1404319],[121.7073413,29.1403519],[121.7071992,29.1401519],[121.7071723,29.1400829],[121.7071723,29.1399891],[121.7072513,29.139629],[121.7072718,29.1394621],[121.7072639,29.1392758],[121.7072845,29.1392276],[121.707324,29.1391876],[121.707365,29.1391793],[121.7077378,29.1394621],[121.7083506,29.1399698],[121.7089618,29.1404416],[121.7089918,29.1404664],[121.7089792,29.1405271],[121.7089429,29.1405712],[121.7089255,29.1406402],[121.7089129,29.1406871],[121.7088987,29.1406982]]]},"properties":{"osmId":1321569731,"kind":"water","name":null}},{"type":"Feature","geometry":{"type":"Polygon","coordinates":[[[121.7089261,29.1387661],[121.7083526,29.1397982],[121.708366,29.1398448],[121.708342,29.1398914],[121.7083873,29.1399357],[121.7089768,29.1403993],[121.7090088,29.1404063],[121.7090541,29.1403853],[121.7091422,29.1402292],[121.709737,29.1391925],[121.709793,29.139076],[121.7097983,29.1390341],[121.709697,29.1389991],[121.7089261,29.1387661]]]},"properties":{"osmId":1321569732,"kind":"water","name":null}},{"type":"Feature","geometry":{"type":"Polygon","coordinates":[[[121.7058878,29.1377699],[121.7058846,29.137833],[121.7053603,29.1388163],[121.7051722,29.1391638],[121.7051814,29.1392257],[121.7052308,29.1392527],[121.7053264,29.1393416],[121.705385,29.139285],[121.7054498,29.1392554],[121.7054868,29.1392419],[121.7054097,29.1390776],[121.7054282,29.139021],[121.7058168,29.1383098],[121.7060916,29.1378086],[121.7058878,29.1377699]]]},"properties":{"osmId":1321569733,"kind":"water","name":null}},{"type":"Feature","geometry":{"type":"Polygon","coordinates":[[[121.705055,29.1376256],[121.7043302,29.1389671],[121.7043179,29.1389968],[121.7043518,29.1390264],[121.7050118,29.1391934],[121.7050642,29.1391988],[121.705092,29.1391665],[121.7051259,29.1391341],[121.7051537,29.1391072],[121.7058353,29.1378519],[121.7058507,29.137798],[121.7057952,29.1377791],[121.7052955,29.1376579],[121.705055,29.1376256]]]},"properties":{"osmId":1321569734,"kind":"water","name":null}},{"type":"Feature","geometry":{"type":"Polygon","coordinates":[[[121.7038737,29.1397564],[121.7038552,29.1397914],[121.7038768,29.1398184],[121.7050241,29.1402979],[121.7050735,29.1402979],[121.7051074,29.1402871],[121.7051506,29.1402413],[121.7053881,29.139786],[121.7053326,29.1396998],[121.7052709,29.1395625],[121.7052709,29.1394547],[121.705277,29.1393604],[121.7052524,29.1393065],[121.7051845,29.1392742],[121.7042994,29.1390399],[121.70425,29.139091],[121.7038737,29.1397564]]]},"properties":{"osmId":1321569735,"kind":"water","name":null}},{"type":"Feature","geometry":{"type":"Polygon","coordinates":[[[121.7054066,29.140411],[121.7054467,29.1404433],[121.7054436,29.1404811],[121.7054991,29.1405161],[121.7067328,29.1410252],[121.7067883,29.1410252],[121.7069209,29.1407908],[121.7068808,29.1407477],[121.7067975,29.1407397],[121.7066372,29.1406723],[121.7064922,29.1405807],[121.7064583,29.1404972],[121.7064244,29.1403329],[121.7063873,29.1402144],[121.7063133,29.140147],[121.7058476,29.1399046],[121.7058014,29.1398642],[121.7057643,29.1398722],[121.7056842,29.1399531],[121.7055475,29.140148],[121.7054066,29.140411]]]},"properties":{"osmId":1321569736,"kind":"water","name":null}},{"type":"Feature","geometry":{"type":"Polygon","coordinates":[[[121.7028668,29.1444754],[121.7029213,29.1444096],[121.7031103,29.1440364],[121.7030637,29.1440047],[121.7030896,29.1439776],[121.7031388,29.1440025],[121.7032942,29.1437197],[121.7035558,29.1432605],[121.7036335,29.1430932],[121.7035817,29.143057],[121.703605,29.1430343],[121.7036568,29.1430524],[121.7037915,29.1428127],[121.7040272,29.142401],[121.704079,29.1423037],[121.7040116,29.142272],[121.7040427,29.1422358],[121.7040997,29.142272],[121.7042033,29.1420843],[121.7042499,29.1419757],[121.704369,29.1417269],[121.7044726,29.1415618],[121.7044286,29.1415437],[121.7044493,29.1415029],[121.7044959,29.1415188],[121.7047109,29.141141],[121.7049466,29.1407316],[121.7048974,29.1406954],[121.7049181,29.1406728],[121.7049725,29.1407022],[121.7052418,29.1401819],[121.7054283,29.1398697],[121.7054904,29.1398358],[121.7055319,29.1398313],[121.7056303,29.1398562],[121.7056407,29.1399127],[121.7056044,29.1399738],[121.7050346,29.1409759],[121.7050713,29.14101],[121.7050481,29.1410518],[121.705001,29.1410211],[121.7046202,29.1417246],[121.7046642,29.1417517],[121.7046435,29.141789],[121.7045918,29.1417721],[121.7042447,29.1424326],[121.7037941,29.1432402],[121.7037578,29.1433329],[121.7037906,29.1433507],[121.7037647,29.1433811],[121.7037138,29.1433578],[121.7036827,29.1433714],[121.7033745,29.1439618],[121.7034234,29.1439776],[121.7034042,29.1440189],[121.703359,29.1439957],[121.7030844,29.144482],[121.7030786,29.1445669],[121.7028668,29.1444754]]]},"properties":{"osmId":1321569737,"kind":"water","name":null}},{"type":"Feature","geometry":{"type":"Polygon","coordinates":[[[121.7016578,29.1438073],[121.7016424,29.1438343],[121.7016516,29.1438747],[121.7017411,29.1439231],[121.7025491,29.1442599],[121.7027558,29.1443622],[121.702802,29.1443703],[121.702839,29.1443461],[121.7028699,29.1443434],[121.7030364,29.1440444],[121.7030637,29.1440047],[121.7030896,29.1439776],[121.7032276,29.1437427],[121.7032646,29.1436646],[121.7032492,29.1436241],[121.7031906,29.1435918],[121.7020834,29.1431312],[121.7020371,29.1431258],[121.7020032,29.1431581],[121.7016578,29.1438073]]]},"properties":{"osmId":1321569738,"kind":"water","name":null}},{"type":"Feature","geometry":{"type":"Polygon","coordinates":[[[121.7020772,29.1429884],[121.7020556,29.1430288],[121.7020711,29.1430612],[121.7032523,29.1435595],[121.7032862,29.1435353],[121.7033479,29.1435326],[121.7035422,29.1431339],[121.7035817,29.143057],[121.703605,29.1430343],[121.7037149,29.142843],[121.7036841,29.1427837],[121.7025275,29.1422934],[121.7024658,29.1422934],[121.7020772,29.1429884]]]},"properties":{"osmId":1321569739,"kind":"water","name":null}},{"type":"Feature","geometry":{"type":"Polygon","coordinates":[[[121.7037859,29.1399094],[121.7038105,29.1398636],[121.703863,29.1398556],[121.7050473,29.1403755],[121.705035,29.1404563],[121.7049181,29.1406728],[121.7048974,29.1406954],[121.7046957,29.1410678],[121.7046494,29.1410597],[121.704597,29.1411136],[121.7034466,29.1406368],[121.703425,29.1406125],[121.7034343,29.140564],[121.7037859,29.1399094]]]},"properties":{"osmId":1321569740,"kind":"water","name":null}},{"type":"Feature","geometry":{"type":"Polygon","coordinates":[[[121.7029809,29.1413856],[121.7029593,29.1414233],[121.7029994,29.1414611],[121.7041251,29.1419298],[121.7041529,29.1419001],[121.7042146,29.1419109],[121.7044286,29.1415437],[121.7044493,29.1415029],[121.7045693,29.1413048],[121.7045878,29.1412402],[121.7045631,29.1411944],[121.7044706,29.1411459],[121.7034065,29.140696],[121.7033633,29.1407041],[121.7029809,29.1413856]]]},"properties":{"osmId":1321569741,"kind":"water","name":null}},{"type":"Feature","geometry":{"type":"Polygon","coordinates":[[[121.7025214,29.1422072],[121.7025368,29.1422396],[121.7026632,29.1423096],[121.7036903,29.1427325],[121.7037458,29.1427137],[121.7037828,29.1427164],[121.7040116,29.142272],[121.7040427,29.1422358],[121.7041282,29.1421049],[121.7041591,29.1420591],[121.7041406,29.1420052],[121.7029593,29.1414988],[121.7029254,29.1414907],[121.7028915,29.1415284],[121.7025214,29.1422072]]]},"properties":{"osmId":1321569742,"kind":"water","name":null}},{"type":"Feature","geometry":{"type":"Polygon","coordinates":[[[121.7050481,29.1410518],[121.704933,29.1412644],[121.7049926,29.1413073],[121.7055209,29.1414747],[121.7061244,29.1417235],[121.7063316,29.1418072],[121.7064144,29.1417756],[121.7066967,29.1411965],[121.7066294,29.141149],[121.7065828,29.1410992],[121.7058628,29.1407667],[121.7057411,29.1406694],[121.7053992,29.1405586],[121.7053707,29.1405789],[121.7053215,29.1405676],[121.7052309,29.1406853],[121.7050713,29.14101],[121.7050481,29.1410518]]]},"properties":{"osmId":1321569743,"kind":"water","name":null}},{"type":"Feature","geometry":{"type":"Polygon","coordinates":[[[121.7046435,29.141789],[121.7044824,29.1420629],[121.7045342,29.1420968],[121.7054199,29.1424406],[121.7058706,29.1426284],[121.7059353,29.1426216],[121.7060078,29.1425243],[121.7062591,29.142004],[121.7062539,29.1419407],[121.7050599,29.1413933],[121.7049071,29.1413277],[121.7048476,29.1413978],[121.7046642,29.1417517],[121.7046435,29.141789]]]},"properties":{"osmId":1321569744,"kind":"water","name":null}},{"type":"Feature","geometry":{"type":"Polygon","coordinates":[[[121.7040369,29.1428614],[121.7044202,29.1421986],[121.704472,29.1421873],[121.7044876,29.1421782],[121.7045704,29.1421963],[121.705464,29.1425741],[121.705824,29.1427799],[121.7058369,29.1428252],[121.7054795,29.1434585],[121.7054251,29.1434585],[121.7053474,29.1434336],[121.7040369,29.1428614]]]},"properties":{"osmId":1321569745,"kind":"water","name":null}},{"type":"Feature","geometry":{"type":"Polygon","coordinates":[[[121.7037906,29.1433507],[121.7039592,29.1430084],[121.7040084,29.1430084],[121.7040628,29.142988],[121.704213,29.1430333],[121.7053189,29.1435467],[121.7053526,29.1435829],[121.7053552,29.1436237],[121.7050496,29.1442253],[121.7050185,29.1442751],[121.7049563,29.1442593],[121.7039152,29.1438476],[121.7037391,29.1437843],[121.7036096,29.1437187],[121.7036018,29.1436621],[121.7036303,29.1436259],[121.7037647,29.1433811],[121.7037906,29.1433507]]]},"properties":{"osmId":1321569746,"kind":"water","name":null}},{"type":"Feature","geometry":{"type":"Polygon","coordinates":[[[121.7034042,29.1440189],[121.7031616,29.1444267],[121.7031616,29.1444583],[121.703203,29.1445126],[121.7032885,29.1445624],[121.7035319,29.1446438],[121.7037106,29.1446913],[121.7045109,29.145008],[121.704586,29.1450306],[121.704643,29.1450035],[121.7046948,29.1449175],[121.7049149,29.1444651],[121.7049279,29.1444199],[121.7048657,29.1443611],[121.7040602,29.1440014],[121.7038038,29.1438906],[121.7036588,29.1438091],[121.7036174,29.1438182],[121.7035267,29.1437956],[121.7034234,29.1439776],[121.7034042,29.1440189]]]},"properties":{"osmId":1321569747,"kind":"water","name":null}},{"type":"Feature","geometry":{"type":"Polygon","coordinates":[[[121.7098606,29.1390515],[121.7092779,29.1400814],[121.7090576,29.140476],[121.7089878,29.1406171],[121.7089106,29.1408064],[121.7088592,29.1409411],[121.7089437,29.1409764],[121.7089951,29.14097],[121.7090208,29.1409475],[121.7092192,29.1405369],[121.7094028,29.1401873],[121.7098105,29.1395072],[121.7100308,29.139103],[121.7100668,29.1390576],[121.7098606,29.1390515]]]},"properties":{"osmId":1321569748,"kind":"water","name":null}},{"type":"Feature","geometry":{"type":"Polygon","coordinates":[[[121.7083156,29.1412619],[121.708514,29.1416822],[121.7086829,29.1418554],[121.7089474,29.1419677],[121.7100125,29.1424168],[121.7101374,29.1424039],[121.7104826,29.1417399],[121.7104826,29.1416661],[121.7103724,29.1416052],[121.7104165,29.1415635],[121.7103651,29.1415442],[121.7103394,29.1415827],[121.7095093,29.1412459],[121.7090649,29.1410374],[121.7088335,29.1409764],[121.7083156,29.1412619]]]},"properties":{"osmId":1321569749,"kind":"water","name":null}},{"type":"Feature","geometry":{"type":"Polygon","coordinates":[[[121.7091273,29.1410181],[121.709131,29.1409604],[121.7090833,29.1409443],[121.7091053,29.140877],[121.7094395,29.1402129],[121.7106662,29.1407519],[121.7109307,29.1408641],[121.7109307,29.1409508],[121.7105671,29.1415955],[121.7105193,29.141602],[121.7104165,29.1415635],[121.7103651,29.1415442],[121.7101337,29.1414512],[121.7091273,29.1410181]]]},"properties":{"osmId":1321569750,"kind":"water","name":null}},{"type":"Feature","geometry":{"type":"Polygon","coordinates":[[[121.7060408,29.1458025],[121.7061611,29.1456941],[121.7063308,29.1453843],[121.7062968,29.1453385],[121.7063184,29.1453089],[121.7063647,29.1453278],[121.7064696,29.1451338],[121.7066022,29.1449749],[121.7067625,29.1446166],[121.7067052,29.1445726],[121.7067238,29.144539],[121.7067811,29.1445681],[121.7070247,29.1441722],[121.7072622,29.1437277],[121.7072005,29.1436913],[121.7072204,29.1436555],[121.7073023,29.14369],[121.7075305,29.1432671],[121.7077649,29.1428253],[121.7077065,29.1427985],[121.7077324,29.1427519],[121.7077957,29.1427849],[121.708024,29.142362],[121.7079718,29.1423324],[121.708001,29.1422832],[121.7080517,29.1423162],[121.7083108,29.1418933],[121.7082838,29.1418477],[121.7082973,29.1418169],[121.7083355,29.1418367],[121.7084403,29.1417128],[121.7085205,29.1418259],[121.7083941,29.1420522],[121.7084476,29.1420692],[121.7084188,29.1421061],[121.7083632,29.1420845],[121.7080764,29.1426125],[121.7078389,29.1430758],[121.7078815,29.1430984],[121.707877,29.1431315],[121.7078173,29.1431027],[121.7076415,29.1434152],[121.7075336,29.1436199],[121.7075849,29.1436557],[121.7075626,29.1436931],[121.7075089,29.1436819],[121.7072838,29.1441021],[121.7071666,29.1442907],[121.7070494,29.1444927],[121.7070856,29.1445301],[121.7070633,29.1445756],[121.707,29.1445466],[121.7067379,29.1450099],[121.7066978,29.1450449],[121.706596,29.1452308],[121.7066576,29.1452765],[121.7066305,29.1453253],[121.7065559,29.14529],[121.7063524,29.1456618],[121.7062555,29.1459088],[121.7060408,29.1458025]]]},"properties":{"osmId":1321569751,"kind":"water","name":null}},{"type":"Feature","geometry":{"type":"Polygon","coordinates":[[[121.7047475,29.1450543],[121.7048951,29.1451131],[121.70547,29.1453642],[121.7059051,29.1455904],[121.7060657,29.1456854],[121.706102,29.1456741],[121.7062755,29.1454004],[121.7062968,29.1453385],[121.7063184,29.1453089],[121.7063376,29.1452398],[121.7063972,29.1451606],[121.7064464,29.1450905],[121.7064775,29.1450204],[121.7064438,29.1449661],[121.7053069,29.144534],[121.7051049,29.1444232],[121.7050738,29.1444277],[121.7047811,29.1449548],[121.7047475,29.1450543]]]},"properties":{"osmId":1321569752,"kind":"water","name":null}},{"type":"Feature","geometry":{"type":"Polygon","coordinates":[[[121.7051308,29.1443214],[121.7052421,29.144396],[121.7057083,29.1445838],[121.7065034,29.1449321],[121.7065707,29.1449163],[121.7066795,29.1446132],[121.7067052,29.1445726],[121.7067238,29.144539],[121.7068556,29.1443372],[121.7069307,29.1442015],[121.7068168,29.1441291],[121.7057989,29.1437016],[121.7055322,29.1435795],[121.7054778,29.1436247],[121.7051308,29.1443214]]]},"properties":{"osmId":1321569753,"kind":"water","name":null}},{"type":"Feature","geometry":{"type":"Polygon","coordinates":[[[121.7055788,29.1435093],[121.7065707,29.1439482],[121.7069204,29.1440975],[121.7069851,29.1440929],[121.7070214,29.1440341],[121.7071042,29.143826],[121.7071897,29.1437242],[121.7072005,29.1436913],[121.7072204,29.1436555],[121.7072519,29.1436043],[121.707327,29.1434234],[121.7072881,29.1433578],[121.7065526,29.143075],[121.7059932,29.1428353],[121.705944,29.1428172],[121.7059336,29.1428534],[121.7055788,29.1435093]]]},"properties":{"osmId":1321569754,"kind":"water","name":null}},{"type":"Feature","geometry":{"type":"Polygon","coordinates":[[[121.705988,29.1427086],[121.7063817,29.1419893],[121.7064335,29.1419666],[121.7070732,29.1422381],[121.707832,29.1425887],[121.7078165,29.1426385],[121.7077324,29.1427519],[121.7077065,29.1427985],[121.7074798,29.1432017],[121.7074099,29.1432967],[121.7072726,29.1432741],[121.7069903,29.1431519],[121.7064257,29.1428941],[121.705988,29.1427086]]]},"properties":{"osmId":1321569755,"kind":"water","name":null}},{"type":"Feature","geometry":{"type":"Polygon","coordinates":[[[121.7065086,29.1418716],[121.7067132,29.1419576],[121.7078553,29.142505],[121.7079304,29.1424439],[121.7079718,29.1423324],[121.708001,29.1422832],[121.7081428,29.1420797],[121.7081169,29.1419372],[121.7068453,29.1413265],[121.7068012,29.141322],[121.7065086,29.1418716]]]},"properties":{"osmId":1321569756,"kind":"water","name":null}},{"type":"Feature","geometry":{"type":"Polygon","coordinates":[[[121.7068323,29.1412337],[121.7081609,29.1419124],[121.7082127,29.1419033],[121.7082438,29.1418829],[121.7082838,29.1418477],[121.7082973,29.1418169],[121.7083888,29.1416794],[121.7084121,29.1416432],[121.7082024,29.1412496],[121.7080262,29.1412134],[121.7076896,29.1410958],[121.7075471,29.1409849],[121.7074435,29.1409329],[121.7071794,29.1408198],[121.7070939,29.1408062],[121.707024,29.1408085],[121.7069048,29.1410573],[121.7068323,29.1412337]]]},"properties":{"osmId":1321569757,"kind":"water","name":null}},{"type":"Feature","geometry":{"type":"Polygon","coordinates":[[[121.7084188,29.1421061],[121.7081904,29.1424959],[121.708141,29.1425875],[121.7082027,29.1426064],[121.7081719,29.1426548],[121.7095659,29.1432529],[121.7096184,29.1432394],[121.7100286,29.1425013],[121.7098959,29.142434],[121.7086777,29.1419221],[121.7085574,29.1418467],[121.7084865,29.1419302],[121.7084476,29.1420692],[121.7084188,29.1421061]]]},"properties":{"osmId":1321569758,"kind":"water","name":null}},{"type":"Feature","geometry":{"type":"Polygon","coordinates":[[[121.707877,29.1431315],[121.7077154,29.1433821],[121.7077617,29.1434764],[121.7091126,29.1440852],[121.7091773,29.1440529],[121.709569,29.1433337],[121.7095289,29.1432798],[121.7081318,29.1426926],[121.7080824,29.1426899],[121.7078815,29.1430984],[121.707877,29.1431315]]]},"properties":{"osmId":1321569759,"kind":"water","name":null}},{"type":"Feature","geometry":{"type":"Polygon","coordinates":[[[121.7075626,29.1436931],[121.7072651,29.1442334],[121.707296,29.1442495],[121.7072806,29.1443007],[121.7086654,29.1448852],[121.708724,29.1448287],[121.7090601,29.1442118],[121.7091033,29.1441499],[121.709054,29.1440987],[121.7076537,29.143498],[121.7075849,29.1436557],[121.7075626,29.1436931]]]},"properties":{"osmId":1321569760,"kind":"water","name":null}},{"type":"Feature","geometry":{"type":"Polygon","coordinates":[[[121.7070633,29.1445756],[121.7068025,29.1450469],[121.7068395,29.1450657],[121.7068179,29.1451007],[121.7082459,29.1456907],[121.7082922,29.1456314],[121.7086438,29.1449741],[121.7086376,29.1449283],[121.7086068,29.1448933],[121.7072343,29.1443196],[121.7070856,29.1445301],[121.7070633,29.1445756]]]},"properties":{"osmId":1321569761,"kind":"water","name":null}},{"type":"Feature","geometry":{"type":"Polygon","coordinates":[[[121.7066305,29.1453253],[121.7063831,29.1458307],[121.7064232,29.1458469],[121.7064139,29.1458981],[121.7074317,29.1463344],[121.7077648,29.1464853],[121.707811,29.1464799],[121.707845,29.1464395],[121.7082089,29.145758],[121.7082027,29.1457203],[121.7080917,29.1456691],[121.7067624,29.145125],[121.7066576,29.1452765],[121.7066305,29.1453253]]]},"properties":{"osmId":1321569762,"kind":"water","name":null}},{"type":"Feature","geometry":{"type":"Polygon","coordinates":[[[121.7068301,29.1401341],[121.7069404,29.1400574],[121.707017,29.1399512],[121.7070711,29.1399],[121.7070891,29.1399532],[121.707026,29.1399984],[121.7070283,29.1400338],[121.7070891,29.1400692],[121.7070981,29.1401105],[121.7071026,29.1401518],[121.7071206,29.140201],[121.7070846,29.1401991],[121.7069652,29.1401361],[121.7069224,29.1401263],[121.7068301,29.1401341]]]},"properties":{"osmId":1321569774,"kind":"water","name":null}},{"type":"Feature","geometry":{"type":"LineString","coordinates":[[121.6282976,29.2210203],[121.6285991,29.2155106],[121.6287399,29.2122504],[121.6287209,29.2121575],[121.6285649,29.2120711],[121.6263511,29.2112345],[121.6261724,29.2111316],[121.6264957,29.2088075],[121.6269825,29.2057331],[121.6275484,29.2021848],[121.6276794,29.2013749],[121.6277477,29.2011884],[121.627716,29.2010579],[121.6273491,29.20054],[121.6273173,29.200449],[121.6278851,29.1995306],[121.6279231,29.199358],[121.6278508,29.198508],[121.6278287,29.1983186],[121.6277721,29.1980414],[121.6275503,29.1959379],[121.6274514,29.1949484],[121.6256611,29.1940707],[121.6254811,29.1939489],[121.6258215,29.1933068],[121.6268007,29.1916001],[121.6269184,29.1913312],[121.6268641,29.1912047],[121.6267282,29.1910583],[121.626017,29.1910227]]},"properties":{"osmId":1321578406,"kind":"stream","name":null}},{"type":"Feature","geometry":{"type":"LineString","coordinates":[[121.6163886,29.2127214],[121.6181826,29.2086007],[121.6194239,29.2056659],[121.619689,29.2053924],[121.6202555,29.2044456],[121.6207014,29.2037303],[121.6224006,29.2000484],[121.6230996,29.1986387],[121.6233045,29.1984388],[121.6238135,29.198031],[121.6241842,29.1977339],[121.6243334,29.1975199],[121.6243752,29.1974599],[121.6244855,29.1970712],[121.6245337,29.196461],[121.6247736,29.195561],[121.625236,29.1943614],[121.6254811,29.1939489]]},"properties":{"osmId":1321578414,"kind":"stream","name":null}},{"type":"Feature","geometry":{"type":"Polygon","coordinates":[[[121.6251045,29.1948993],[121.6249233,29.1955308],[121.6248177,29.1957115],[121.6246824,29.1961984],[121.6246508,29.1964205],[121.6246386,29.1965063],[121.6245895,29.1968513],[121.6245303,29.1972866],[121.6242787,29.1977614],[121.6242092,29.1978915],[121.6239599,29.1981055],[121.6239112,29.198144],[121.6235585,29.1984227],[121.6234827,29.1984592],[121.6234359,29.1984817],[121.6233007,29.198371],[121.6239303,29.1977809],[121.624281,29.1974858],[121.6243275,29.1973013],[121.6244585,29.1963755],[121.6245261,29.1959107],[121.6249026,29.1949471],[121.6251045,29.1948993]]]},"properties":{"osmId":1321578417,"kind":"water","name":null}},{"type":"Feature","geometry":{"type":"Polygon","coordinates":[[[121.7285988,29.2594714],[121.7285183,29.2593403],[121.7284834,29.2593357],[121.725136,29.2602506],[121.7248142,29.2602693],[121.7238915,29.2602787],[121.7229152,29.2603068],[121.7222285,29.2602787],[121.7217243,29.2602693],[121.7214239,29.2602506],[121.7210376,29.2601757],[121.7208043,29.2601547],[121.7207667,29.2601757],[121.7206541,29.2606156],[121.7206541,29.2606695],[121.7207238,29.2607092],[121.7208579,29.2607397],[121.7209518,29.2607841],[121.7210269,29.2608145],[121.7215848,29.2609526],[121.7221481,29.2610181],[121.7226309,29.2610181],[121.722545,29.2615048],[121.7225236,29.2616499],[121.7226523,29.2617061],[121.7227757,29.2615937],[121.7228883,29.2614253],[121.7229527,29.2613457],[121.7236876,29.2612568],[121.7246371,29.261093],[121.7247391,29.2611398],[121.7247873,29.2612474],[121.7247873,29.2613317],[121.7248303,29.2615095],[121.7249536,29.2616405],[121.7250395,29.2617295],[121.7252487,29.2617997],[121.7253506,29.261809],[121.7253613,29.2616967],[121.7253238,29.2616125],[121.7252648,29.2615469],[121.7250341,29.2614299],[121.7249966,29.2613691],[121.725018,29.2612427],[121.7252755,29.2610415],[121.7255759,29.2609666],[121.7256778,29.2610696],[121.7256778,29.26121],[121.7258012,29.2612661],[121.7285652,29.2600868],[121.7283641,29.2596995],[121.7286403,29.2595626],[121.7286377,29.2595346],[121.7285988,29.2594714]]]},"properties":{"osmId":1332136341,"kind":"water","name":null}},{"type":"Feature","geometry":{"type":"Polygon","coordinates":[[[121.7228991,29.2557016],[121.722089,29.256296],[121.7214024,29.2567078],[121.7210215,29.2569278],[121.7208123,29.2571384],[121.7207372,29.2572647],[121.7204529,29.2574098],[121.7200291,29.2576391],[121.7196321,29.257831],[121.7193854,29.257934],[121.7192674,29.2579761],[121.7191601,29.2579153],[121.7191172,29.257817],[121.7190742,29.2577093],[121.7190742,29.2575362],[121.7192995,29.2571524],[121.7196321,29.2568155],[121.7200988,29.2565721],[121.7202973,29.2563802],[121.7205012,29.2562726],[121.7203402,29.2555752],[121.7201579,29.2556126],[121.7201042,29.255849],[121.7200506,29.2559496],[121.7199701,29.2560736],[121.7198306,29.2561579],[121.7193961,29.2563568],[121.7190957,29.25653],[121.7186665,29.2567827],[121.7176849,29.2576532],[121.7175293,29.2577796],[121.7175212,29.257817],[121.7177922,29.2581282],[121.7178565,29.2581165],[121.7181006,29.2579363],[121.7183313,29.2577819],[121.7184922,29.2576906],[121.7185566,29.2576766],[121.7186075,29.2577093],[121.718621,29.2578029],[121.7184359,29.2583786],[121.7183232,29.258622],[121.7182749,29.258767],[121.7183018,29.2588887],[121.7184412,29.2591695],[121.7184895,29.2593099],[121.7184251,29.2594129],[121.7178941,29.2597639],[121.7177546,29.2598762],[121.7176098,29.2600962],[121.7174166,29.2601851],[121.7172664,29.2602693],[121.7171162,29.2603676],[121.7169982,29.2601898],[121.7167515,29.2599558],[121.7166763,29.259792],[121.7165315,29.2596984],[121.7164403,29.2596048],[121.7163867,29.2595252],[121.7163813,29.2593895],[121.716392,29.2592163],[121.7166603,29.2587296],[121.7167085,29.2586594],[121.7169338,29.258519],[121.7171055,29.258416],[121.7174596,29.2582476],[121.7176983,29.2581352],[121.7174542,29.2578474],[121.7173898,29.2578731],[121.7171136,29.2580229],[121.716848,29.2581563],[121.7165744,29.258285],[121.7159629,29.2586173],[121.7158556,29.2587296],[121.7155981,29.2588045],[121.7153943,29.258856],[121.7152387,29.2589074],[121.7151689,29.2589917],[121.7151636,29.2591321],[121.7152226,29.2592163],[121.7155552,29.2591555],[121.7158234,29.259118],[121.7159843,29.259118],[121.7160594,29.2591695],[121.7160702,29.259352],[121.7160433,29.2594878],[121.7160541,29.2596375],[121.7161775,29.2597966],[121.7162633,29.2599277],[121.716274,29.2601242],[121.7161775,29.2603114],[121.716097,29.2605314],[121.7161453,29.2608122],[121.7163867,29.2612381],[121.7163867,29.2612989],[121.7162365,29.2614299],[121.7159575,29.2615516],[121.7157751,29.2616686],[121.7153889,29.2619167],[121.7152065,29.2620009],[121.7149705,29.2620056],[121.7147398,29.2619728],[121.7145413,29.2619728],[121.714434,29.2618979],[121.7142141,29.2615984],[121.7140585,29.2613925],[121.713962,29.2612474],[121.713919,29.2610743],[121.713919,29.2609339],[121.7138439,29.2606718],[121.7137581,29.2604659],[121.7137313,29.2603723],[121.7135596,29.2600774],[121.7134255,29.259923],[121.7134362,29.2601242],[121.7133611,29.2602693],[121.7131841,29.260508],[121.7130446,29.2606858],[121.7132807,29.2606858],[121.7134738,29.2607046],[121.7135006,29.2609292],[121.713506,29.2611304],[121.713506,29.2613223],[121.7135221,29.2615657],[121.713565,29.2617856],[121.7135382,29.2618979],[121.7132646,29.2620524],[121.7131251,29.2620945],[121.7128676,29.262174],[121.7128247,29.2622302],[121.7127603,29.2623706],[121.7126799,29.2625204],[121.7126155,29.2625859],[121.7123204,29.2626748],[121.7120844,29.2627871],[121.7119664,29.2628713],[121.7117304,29.262862],[121.7115587,29.2628152],[121.7114782,29.2629275],[121.7112476,29.2628901],[121.7111295,29.2630679],[121.7110598,29.2631428],[121.7109418,29.2632083],[121.7108291,29.2632083],[121.7105341,29.2631287],[121.7103517,29.2630117],[121.7101371,29.262979],[121.7098743,29.2630117],[121.7096758,29.2630539],[121.709429,29.2629696],[121.7091501,29.2628994],[121.7088711,29.262862],[121.7087638,29.2628526],[121.7085761,29.2630305],[121.7088067,29.2630679],[121.709016,29.2631615],[121.7092842,29.2632177],[121.7094558,29.2632598],[121.709547,29.2633534],[121.7097884,29.263447],[121.7100352,29.2634844],[121.710341,29.263798],[121.7106682,29.2637184],[121.7105663,29.2639243],[121.7103946,29.2640273],[121.7103732,29.2640975],[121.7104965,29.2641396],[121.7105609,29.2641957],[121.7106092,29.2642753],[121.7106843,29.2643268],[121.710813,29.2643408],[121.7110276,29.2642332],[121.7111564,29.2641396],[121.7113817,29.2640787],[121.7115962,29.2639945],[121.7117357,29.2638635],[121.7118645,29.2637699],[121.7120522,29.2636014],[121.7120898,29.2634984],[121.7122883,29.2633393],[121.7129052,29.2633206],[121.7130125,29.26333],[121.713286,29.2636154],[121.7131573,29.2638822],[121.7130661,29.2640039],[121.7129373,29.2641489],[121.712814,29.2642238],[121.7125726,29.2643127],[121.7125136,29.2643408],[121.7123902,29.2644484],[121.7123151,29.2645654],[121.7123151,29.264631],[121.7121327,29.2646918],[121.7118591,29.2647854],[121.7117679,29.2648649],[121.7118108,29.2649679],[121.7119074,29.2650381],[121.7121756,29.2650896],[121.7125779,29.2650662],[121.7126799,29.2650428],[121.7127979,29.2649539],[121.7128301,29.2648415],[121.7128247,29.2647012],[121.7128462,29.2646029],[121.7130125,29.2645233],[121.7133021,29.2644297],[121.713506,29.2643595],[121.7135489,29.2642145],[121.7135918,29.2641396],[121.713742,29.2635499],[121.7137742,29.2633955],[121.7137742,29.2632785],[121.7137742,29.2631943],[121.7138922,29.2630539],[121.7180335,29.2617763],[121.7180765,29.2619728],[121.7181194,29.2621787],[121.7182588,29.2623285],[121.7184091,29.2625344],[121.7185271,29.2627403],[121.7185485,29.263096],[121.71857,29.2633768],[121.7186505,29.2633861],[121.7186505,29.2629322],[121.7185968,29.2626935],[121.7184842,29.2624502],[121.7184144,29.2623378],[121.718334,29.2622162],[121.7183125,29.2621039],[121.718291,29.2616873],[121.7183125,29.2613831],[121.7185003,29.2611211],[121.7188221,29.2608169],[121.7189294,29.2607467],[121.719144,29.2607794],[121.7194176,29.2607373],[121.7195892,29.260728],[121.7203724,29.2606718],[121.7204475,29.2606367],[121.7205253,29.260632],[121.7205602,29.2606039],[121.7205843,29.2605735],[121.7205843,29.2604776],[121.7206085,29.2602295],[121.7204905,29.2602178],[121.7200613,29.2601757],[121.7196053,29.2601055],[121.7194873,29.2598809],[121.7193478,29.259675],[121.719321,29.2595392],[121.719321,29.2594176],[121.7195946,29.258973],[121.7197609,29.2589215],[121.7200184,29.2589074],[121.7202544,29.258884],[121.7204636,29.2588232],[121.7205763,29.258739],[121.7207211,29.2585564],[121.7219603,29.2575549],[121.722765,29.2570307],[121.7233711,29.2567031],[121.7237413,29.2565534],[121.7239773,29.2564925],[121.7244279,29.2564878],[121.7247874,29.2565861],[121.724951,29.2566189],[121.7250207,29.2565791],[121.7249885,29.256544],[121.7246962,29.256413],[121.7228991,29.2557016]]]},"properties":{"osmId":1332136342,"kind":"water","name":null}},{"type":"Feature","geometry":{"type":"Polygon","coordinates":[[[121.7224699,29.2553482],[121.7224874,29.2552991],[121.7224967,29.2552406],[121.7224874,29.2552125],[121.7224511,29.2551774],[121.7224579,29.2551481],[121.72249,29.2551271],[121.7225209,29.2550955],[121.722486,29.2549972],[121.7225155,29.2549551],[121.7226201,29.254927],[121.7227676,29.254927],[121.7228669,29.2549036],[121.7230815,29.2548334],[121.7248464,29.2542414],[121.7256617,29.2539371],[121.7257959,29.253881],[121.7258871,29.253881],[121.7260373,29.253881],[121.7262357,29.253881],[121.7263162,29.2539184],[121.7263967,29.2539933],[121.7268044,29.254686],[121.7268151,29.2547515],[121.7266273,29.25492],[121.7263323,29.2551727],[121.726107,29.2553318],[121.7259246,29.2554442],[121.7256457,29.2555939],[121.7253238,29.255739],[121.7251843,29.255856],[121.7250073,29.2559964],[121.7248625,29.2561322],[121.7247015,29.2562679],[121.7224699,29.2553482]]]},"properties":{"osmId":1332136343,"kind":"water","name":null}},{"type":"Feature","geometry":{"type":"Polygon","coordinates":[[[121.6688469,29.1915168],[121.6690219,29.1915585],[121.6691758,29.1915631],[121.6692394,29.1914983],[121.6693402,29.1910536],[121.6693402,29.1908452],[121.6692607,29.1905442],[121.6690909,29.1905071],[121.6688522,29.1905534],[121.6687036,29.1905905],[121.6687195,29.1906924],[121.6688469,29.1908869],[121.6688416,29.1911602],[121.6688469,29.1915168]]]},"properties":{"osmId":1338777956,"kind":"water","name":null}},{"type":"Feature","geometry":{"type":"Polygon","coordinates":[[[121.6690166,29.1904515],[121.6689583,29.1903774],[121.6689264,29.1901273],[121.6689264,29.1898819],[121.6690485,29.1898541],[121.6690962,29.1899143],[121.6691227,29.1900532],[121.6692819,29.1903033],[121.6692182,29.1904376],[121.6690166,29.1904515]]]},"properties":{"osmId":1338777957,"kind":"water","name":null}},{"type":"Feature","geometry":{"type":"Polygon","coordinates":[[[121.6691333,29.189817],[121.6689477,29.1897846],[121.6689636,29.1895901],[121.668953,29.1893215],[121.6689158,29.1890945],[121.6690485,29.1888073],[121.6691121,29.1886082],[121.669388,29.1886175],[121.6694888,29.1886684],[121.6694039,29.1889972],[121.6693456,29.1892937],[121.6693137,29.1895484],[121.6692394,29.1896225],[121.6691333,29.189817]]]},"properties":{"osmId":1338777958,"kind":"water","name":null}},{"type":"Feature","geometry":{"type":"Polygon","coordinates":[[[121.6786686,29.191011],[121.6784791,29.1898803],[121.679471,29.1898583],[121.6795847,29.1909889],[121.6786686,29.191011]]]},"properties":{"osmId":1338777959,"kind":"water","name":null}},{"type":"Feature","geometry":{"type":"Polygon","coordinates":[[[121.7061665,29.3484059],[121.7061665,29.3483244],[121.7063358,29.3482622],[121.7064249,29.3481884],[121.7064694,29.3481224],[121.706514,29.3481069],[121.7066253,29.3479904],[121.7067724,29.3479516],[121.7069149,29.3479244],[121.7070887,29.347905],[121.7071109,29.3478778],[121.7071555,29.3477807],[121.7072223,29.3478273],[121.7073248,29.3478467],[121.707503,29.3478273],[121.7075832,29.3478079],[121.707699,29.3477535],[121.707748,29.3479865],[121.7079396,29.3483438],[121.7080599,29.3486234],[121.7083182,29.3490544],[121.7087236,29.3496291],[121.7089731,29.3500407],[121.7088083,29.3499747],[121.7086256,29.3497728],[121.7085009,29.3496252],[121.7083583,29.349466],[121.7082692,29.3492952],[121.7081133,29.3490893],[121.7078995,29.3488486],[121.7077346,29.34867],[121.7075609,29.3484564],[121.707454,29.3483088],[121.7073426,29.348204],[121.7071288,29.348138],[121.7069506,29.348138],[121.7068347,29.3481574],[121.7065452,29.3483088],[121.7064249,29.3482933],[121.7063269,29.3483127],[121.7062333,29.3483554],[121.7061665,29.3484059]]]},"properties":{"osmId":1346580606,"kind":"water","name":null}},{"type":"Feature","geometry":{"type":"Polygon","coordinates":[[[121.4847001,29.4415457],[121.4848423,29.4414639],[121.485081,29.4412654],[121.4852554,29.4411369],[121.4851803,29.4410878],[121.485081,29.4410201],[121.4849925,29.4409851],[121.4849228,29.4409407],[121.4848611,29.4408636],[121.4847779,29.4407141],[121.4847189,29.4406604],[121.4846572,29.4406067],[121.4846438,29.4406837],[121.4846948,29.4407375],[121.4847055,29.4408099],[121.4846545,29.44088],[121.4845392,29.440929],[121.4844668,29.4409757],[121.4844856,29.4410341],[121.4846063,29.4410271],[121.4846787,29.4410201],[121.4847028,29.4410668],[121.4847136,29.4411906],[121.4847645,29.4412747],[121.4847887,29.4413144],[121.4846814,29.4414359],[121.4846197,29.4414943],[121.4846384,29.4415503],[121.4847001,29.4415457]]]},"properties":{"osmId":1347056529,"kind":"water","name":null}},{"type":"Feature","geometry":{"type":"Polygon","coordinates":[[[121.5379058,29.3225009],[121.5381163,29.3225371],[121.538166,29.3225371],[121.5381713,29.3224576],[121.5381713,29.3223992],[121.5382062,29.3223547],[121.5382129,29.3223243],[121.5382142,29.3222916],[121.5381619,29.3222659],[121.5380453,29.3222647],[121.5379849,29.3222612],[121.5379661,29.3223162],[121.5379728,29.3223711],[121.5379608,29.3224062],[121.537938,29.3224085],[121.5379111,29.3224565],[121.5379058,29.3225009]]]},"properties":{"osmId":1347060998,"kind":"water","name":null}},{"type":"Feature","geometry":{"type":"Polygon","coordinates":[[[121.5348011,29.3213667],[121.5352169,29.3213199],[121.5351552,29.3211878],[121.5350962,29.3211024],[121.5350157,29.3210393],[121.5349326,29.3210077],[121.5348078,29.3209995],[121.5347528,29.3210966],[121.53473,29.3212322],[121.5347287,29.3212802],[121.5347904,29.3212919],[121.5348038,29.3213398],[121.5348011,29.3213667]]]},"properties":{"osmId":1347061001,"kind":"water","name":null}},{"type":"Feature","geometry":{"type":"Polygon","coordinates":[[[121.4717891,29.4402464],[121.4717575,29.4399561],[121.4718116,29.4398737],[121.4719017,29.4398463],[121.4719422,29.4397992],[121.4720368,29.4398306],[121.472172,29.4398698],[121.4723702,29.4398973],[121.4724242,29.4399639],[121.4723702,29.440011],[121.4722485,29.4400503],[121.4720593,29.4401013],[121.4719783,29.4401326],[121.4719377,29.4401836],[121.4719062,29.4402307],[121.4717891,29.4402464]]]},"properties":{"osmId":1347233925,"kind":"water","name":null}},{"type":"Feature","geometry":{"type":"Polygon","coordinates":[[[121.4946088,29.4681189],[121.4946313,29.4677346],[121.4944241,29.4677189],[121.4942484,29.467664],[121.4941629,29.4676012],[121.4940728,29.4675855],[121.4939331,29.4675855],[121.49387,29.4676012],[121.4938836,29.4676522],[121.4939241,29.4676875],[121.4940457,29.4677816],[121.4940773,29.4678797],[121.4941268,29.467966],[121.4941854,29.468064],[121.49428,29.4680522],[121.4943746,29.4680875],[121.4944241,29.4681032],[121.4946088,29.4681189]]]},"properties":{"osmId":1347233931,"kind":"water","name":null}},{"type":"Feature","geometry":{"type":"Polygon","coordinates":[[[121.501074,29.4338704],[121.5014631,29.4333129],[121.5010614,29.4332364],[121.500641,29.4330014],[121.5003083,29.4329467],[121.5002017,29.4330014],[121.5001452,29.4330943],[121.5000322,29.4331927],[121.4999757,29.433302],[121.4999067,29.4333895],[121.4999946,29.4335316],[121.5002895,29.4336135],[121.5006849,29.4336737],[121.5008669,29.4337447],[121.501074,29.4338704]]]},"properties":{"osmId":1347233934,"kind":"water","name":null}},{"type":"Feature","geometry":{"type":"Polygon","coordinates":[[[121.5020467,29.4252725],[121.5016953,29.4248079],[121.5018585,29.4246221],[121.5019714,29.4245182],[121.5021032,29.4244854],[121.5022538,29.4245674],[121.5023793,29.4246603],[121.5025237,29.4247806],[121.5025551,29.4249227],[121.502486,29.4250593],[121.5023354,29.4251687],[121.5020467,29.4252725]]]},"properties":{"osmId":1347233936,"kind":"water","name":null}},{"type":"Feature","geometry":{"type":"Polygon","coordinates":[[[121.5087894,29.4220345],[121.5083646,29.4212443],[121.508993,29.4211672],[121.5091921,29.4212404],[121.5093647,29.4213869],[121.5094178,29.4215064],[121.5094444,29.4216182],[121.5094267,29.4217377],[121.5087894,29.4220345]]]},"properties":{"osmId":1347233939,"kind":"water","name":null}},{"type":"Feature","geometry":{"type":"LineString","coordinates":[[121.4471682,29.3473351],[121.4476564,29.3489589],[121.4479712,29.3505211],[121.4482474,29.351081],[121.4492559,29.3518145],[121.449569,29.3521995]]},"properties":{"osmId":1347926739,"kind":"stream","name":null}},{"type":"Feature","geometry":{"type":"LineString","coordinates":[[121.2523337,29.2018914],[121.2523591,29.2015587]]},"properties":{"osmId":1352280316,"kind":"river","name":"白溪"}},{"type":"Feature","geometry":{"type":"LineString","coordinates":[[121.2523591,29.2015587],[121.2524705,29.1997868],[121.2525082,29.1983068],[121.2522749,29.1975721]]},"properties":{"osmId":1352280317,"kind":"river","name":"白溪"}},{"type":"Feature","geometry":{"type":"Polygon","coordinates":[[[121.4685225,29.3110769],[121.4683235,29.3109034],[121.4683488,29.3108483],[121.4684277,29.3108153],[121.4686299,29.3107987],[121.4687657,29.3108097],[121.4688068,29.3108483],[121.468731,29.3109144],[121.4686678,29.3109695],[121.4685225,29.3110769]]]},"properties":{"osmId":1356834083,"kind":"water","name":null}},{"type":"Feature","geometry":{"type":"Polygon","coordinates":[[[121.5258291,29.2077069],[121.5251854,29.2068734],[121.5251961,29.2068359],[121.5252793,29.2067938],[121.5254697,29.2067189],[121.52551,29.2066486],[121.5255153,29.206569],[121.5255448,29.2065292],[121.5257889,29.2064286],[121.525872,29.2064871],[121.5265882,29.2074306],[121.5265694,29.2074681],[121.5258855,29.2077139],[121.5258291,29.2077069]]]},"properties":{"osmId":1501169116,"kind":"water","name":null}},{"type":"Feature","geometry":{"type":"Polygon","coordinates":[[[121.5266526,29.2074236],[121.5258828,29.2064379],[121.5258801,29.2063981],[121.5260652,29.2063279],[121.5262234,29.2063396],[121.5278113,29.2067891],[121.527814,29.2068547],[121.5277523,29.2070864],[121.5276504,29.2071356],[121.527307,29.2072175],[121.5271193,29.2072784],[121.5267035,29.2074283],[121.5266526,29.2074236]]]},"properties":{"osmId":1501169117,"kind":"water","name":null}},{"type":"Feature","geometry":{"type":"Polygon","coordinates":[[[121.5278998,29.2074657],[121.5275994,29.2072527],[121.527594,29.2072082],[121.5276557,29.2071988],[121.527755,29.207152],[121.5278006,29.2070841],[121.5278837,29.2068312],[121.52794,29.2068125],[121.5280876,29.2068289],[121.5282002,29.2068828],[121.5282056,29.206953],[121.5281224,29.2071637],[121.5280715,29.207248],[121.5280017,29.2073955],[121.5279642,29.20744],[121.5279266,29.2074657],[121.5278998,29.2074657]]]},"properties":{"osmId":1501169118,"kind":"water","name":null}},{"type":"Feature","geometry":{"type":"Polygon","coordinates":[[[121.5268671,29.2085356],[121.5267867,29.2085146],[121.526666,29.2085309],[121.526615,29.2085052],[121.5260544,29.2077584],[121.5260679,29.2077256],[121.5265989,29.2075219],[121.5266606,29.2075079],[121.5267223,29.2075711],[121.5272158,29.2081868],[121.5272319,29.2082734],[121.5272185,29.2084162],[121.5271407,29.2084467],[121.5269771,29.2084888],[121.5269074,29.2085286],[121.5268671,29.2085356]]]},"properties":{"osmId":1501169119,"kind":"water","name":null}},{"type":"Feature","geometry":{"type":"Polygon","coordinates":[[[121.5272909,29.2084186],[121.5281814,29.2084748],[121.5282914,29.2084443],[121.5283397,29.2083905],[121.5283209,29.2083015],[121.5282002,29.2080931],[121.5281439,29.2079105],[121.5281278,29.2075828],[121.5281171,29.2075266],[121.5280607,29.2075008],[121.528042,29.207461],[121.5279454,29.2075032],[121.5278918,29.2075079],[121.5278247,29.2074891],[121.5275484,29.207255],[121.5274411,29.2072456],[121.5267867,29.2074681],[121.5267518,29.2075196],[121.5268028,29.2075968],[121.5272588,29.2081634],[121.5272775,29.2082477],[121.5272641,29.2083975],[121.5272909,29.2084186]]]},"properties":{"osmId":1501169120,"kind":"water","name":null}},{"type":"Feature","geometry":{"type":"Polygon","coordinates":[[[121.5281466,29.209259],[121.5277737,29.2092169],[121.5275323,29.2092099],[121.526894,29.2092567],[121.5268618,29.2092239],[121.5268618,29.2086855],[121.5269449,29.2085427],[121.5271273,29.2084748],[121.5273097,29.2084631],[121.5278971,29.2085075],[121.5281385,29.2085122],[121.5282351,29.208559],[121.5282404,29.2086152],[121.5282056,29.2092356],[121.5281466,29.209259]]]},"properties":{"osmId":1501169121,"kind":"water","name":null}},{"type":"Feature","geometry":{"type":"Polygon","coordinates":[[[121.5272614,29.2048646],[121.5259579,29.2044643],[121.5259445,29.2043917],[121.5260759,29.2040264],[121.5262181,29.2038345],[121.5263495,29.203797],[121.5264836,29.2037314],[121.526607,29.2036987],[121.5268108,29.2037361],[121.5269986,29.2038111],[121.5277711,29.2041248],[121.5273929,29.2048037],[121.5273258,29.2048576],[121.5272614,29.2048646]]]},"properties":{"osmId":1501169122,"kind":"water","name":null}},{"type":"Feature","geometry":{"type":"Polygon","coordinates":[[[121.5265614,29.2060001],[121.5260679,29.2058128],[121.5260035,29.2057543],[121.5258962,29.2057309],[121.5258586,29.2056817],[121.5258586,29.2051854],[121.5258855,29.2047312],[121.5259257,29.2045509],[121.525974,29.2045298],[121.5265936,29.204689],[121.5271005,29.2048576],[121.5271327,29.2048951],[121.5269262,29.2053469],[121.5267652,29.2056723],[121.5266687,29.2058315],[121.5266043,29.2059744],[121.5265614,29.2060001]]]},"properties":{"osmId":1501169123,"kind":"water","name":null}},{"type":"Feature","geometry":{"type":"Polygon","coordinates":[[[121.5271381,29.20615],[121.5268564,29.2060516],[121.526843,29.2059837],[121.52724,29.2052018],[121.5272829,29.2052018],[121.5275779,29.2053212],[121.5271381,29.20615]]]},"properties":{"osmId":1501169124,"kind":"water","name":null}},{"type":"Feature","geometry":{"type":"Polygon","coordinates":[[[121.5286025,29.2056911],[121.5272802,29.2051573],[121.5272963,29.2050753],[121.5273499,29.2049536],[121.527425,29.2048295],[121.5277818,29.2042114],[121.5278381,29.2042301],[121.5278837,29.2041786],[121.5286079,29.2046094],[121.5290344,29.2048342],[121.5290344,29.204881],[121.5286294,29.2056723],[121.5286025,29.2056911]]]},"properties":{"osmId":1501169125,"kind":"water","name":null}},{"type":"Feature","geometry":{"type":"Polygon","coordinates":[[[121.5282431,29.2064426],[121.5271917,29.2061757],[121.5271997,29.2061265],[121.5276182,29.2053329],[121.5276504,29.2053399],[121.5285677,29.2057215],[121.5285811,29.2057613],[121.5282646,29.2064169],[121.5282431,29.2064426]]]},"properties":{"osmId":1501169126,"kind":"water","name":null}},{"type":"Feature","geometry":{"type":"Polygon","coordinates":[[[121.528978,29.2066322],[121.5283477,29.2064356],[121.5283236,29.2063934],[121.5285945,29.2058479],[121.5290773,29.204888],[121.5291202,29.2048833],[121.529552,29.2051901],[121.5297183,29.2053446],[121.5297049,29.2053961],[121.529257,29.2061008],[121.529029,29.2066042],[121.528978,29.2066322]]]},"properties":{"osmId":1501169127,"kind":"water","name":null}},{"type":"Feature","geometry":{"type":"Polygon","coordinates":[[[121.530633,29.2072691],[121.5307295,29.207255],[121.5307376,29.2072246],[121.530531,29.2066182],[121.5303808,29.2062764],[121.5299892,29.2056887],[121.5297827,29.2054382],[121.5297076,29.2054452],[121.5293241,29.2060938],[121.5289727,29.2068149],[121.5290236,29.2068593],[121.5292355,29.2069108],[121.5294608,29.2069951],[121.5297049,29.2070185],[121.5299973,29.207056],[121.5303084,29.2071356],[121.5304747,29.2072058],[121.5305713,29.2072527],[121.530633,29.2072691]]]},"properties":{"osmId":1501169128,"kind":"water","name":null}},{"type":"Feature","geometry":{"type":"Polygon","coordinates":[[[121.5284443,29.2084443],[121.5291738,29.2085075],[121.5292194,29.2084771],[121.5290371,29.2072644],[121.5290102,29.207159],[121.5290102,29.2070279],[121.5289941,29.2069881],[121.5288895,29.206953],[121.5285918,29.2069038],[121.5285087,29.2068617],[121.5284711,29.2068757],[121.5284309,29.2069647],[121.5283558,29.2070396],[121.5282834,29.207166],[121.5282029,29.20744],[121.5281948,29.2076319],[121.5281922,29.2078239],[121.528227,29.2080323],[121.5283021,29.2081845],[121.5284121,29.2083764],[121.5284443,29.2084443]]]},"properties":{"osmId":1501169129,"kind":"water","name":null}},{"type":"Feature","geometry":{"type":"Polygon","coordinates":[[[121.5286079,29.2097788],[121.5286857,29.2098162],[121.5287849,29.2097764],[121.5289888,29.2096664],[121.5292516,29.2095657],[121.5293321,29.2095376],[121.529367,29.2094627],[121.5293509,29.2093293],[121.5292168,29.2085825],[121.529147,29.2085544],[121.5286428,29.2085263],[121.5285382,29.2085169],[121.5283504,29.2085263],[121.5283075,29.2085731],[121.5282431,29.2092356],[121.528278,29.2092684],[121.5284121,29.2093059],[121.5284684,29.2093948],[121.5285677,29.2097343],[121.5286079,29.2097788]]]},"properties":{"osmId":1501169130,"kind":"water","name":null}},{"type":"Feature","geometry":{"type":"Polygon","coordinates":[[[121.5295064,29.209451],[121.5294608,29.2094136],[121.5294233,29.2093246],[121.5293026,29.2086808],[121.5292597,29.2083343],[121.5291095,29.2072082],[121.5291014,29.2070466],[121.5291417,29.2070185],[121.5293857,29.2070724],[121.5294635,29.2071216],[121.529493,29.2072784],[121.5294957,29.2075359],[121.5295574,29.2079222],[121.5296432,29.208435],[121.529772,29.2091233],[121.5297988,29.2093082],[121.5297452,29.2093667],[121.5295064,29.209451]]]},"properties":{"osmId":1501169131,"kind":"water","name":null}},{"type":"Feature","geometry":{"type":"Polygon","coordinates":[[[121.5298927,29.2092825],[121.5302601,29.209142],[121.5304747,29.2090811],[121.530515,29.2090226],[121.5304425,29.2086925],[121.5303272,29.2080814],[121.5301797,29.2072784],[121.5301314,29.2071918],[121.5299731,29.207152],[121.5298283,29.2071239],[121.5296915,29.2071309],[121.5295869,29.2071333],[121.5295306,29.2071895],[121.5295306,29.2072948],[121.5295199,29.2074119],[121.5296379,29.2081166],[121.5297049,29.2084771],[121.5297398,29.2085333],[121.5298176,29.2092427],[121.5298417,29.2092801],[121.5298927,29.2092825]]]},"properties":{"osmId":1501169132,"kind":"water","name":null}},{"type":"Feature","geometry":{"type":"Polygon","coordinates":[[[121.5306008,29.2090249],[121.5305847,29.2088611],[121.5305364,29.2086176],[121.5304291,29.2083366],[121.5302521,29.2072691],[121.5303165,29.2072129],[121.5305364,29.2073206],[121.5307081,29.2073627],[121.5307885,29.2074517],[121.5308797,29.2075875],[121.5309656,29.2077279],[121.5310943,29.2078263],[121.5311533,29.2079433],[121.5313518,29.2085192],[121.531325,29.2086316],[121.5312821,29.208758],[121.5310943,29.2087861],[121.530987,29.2088049],[121.5309012,29.208936],[121.5307617,29.2090062],[121.5306008,29.2090249]]]},"properties":{"osmId":1501169133,"kind":"water","name":null}},{"type":"Feature","geometry":{"type":"Polygon","coordinates":[[[121.5237665,29.2121199],[121.5236914,29.212059],[121.5236807,29.2119513],[121.5237048,29.2118202],[121.5237182,29.211743],[121.5237048,29.211647],[121.5236431,29.2115674],[121.5236109,29.2114831],[121.5236217,29.2113637],[121.5236297,29.2112818],[121.523627,29.211139],[121.5236378,29.2110055],[121.5236807,29.2108651],[121.5237236,29.2107761],[121.5237719,29.2107503],[121.5240455,29.2107433],[121.5241045,29.2107808],[121.5242869,29.211558],[121.5242949,29.2116587],[121.5242118,29.2117289],[121.5241152,29.2117664],[121.5240696,29.2118202],[121.5239221,29.2119771],[121.5238148,29.2120895],[121.5237665,29.2121199]]]},"properties":{"osmId":1501169134,"kind":"water","name":null}},{"type":"Feature","geometry":{"type":"Polygon","coordinates":[[[121.5250754,29.2104132],[121.5242252,29.2100691],[121.5241984,29.2100012],[121.5242574,29.2099567],[121.5244424,29.209938],[121.5246516,29.2098912],[121.5247777,29.2098677],[121.5248555,29.2098748],[121.524944,29.2098467],[121.525113,29.2097881],[121.5251666,29.2097975],[121.525341,29.2100012],[121.5252981,29.2100948],[121.5251371,29.2103968],[121.5250754,29.2104132]]]},"properties":{"osmId":1501169135,"kind":"water","name":null}},{"type":"Feature","geometry":{"type":"Polygon","coordinates":[[[121.5248206,29.2109493],[121.5241072,29.2107035],[121.5239704,29.2106988],[121.5238658,29.2107199],[121.5238228,29.2107105],[121.5238336,29.2106333],[121.5238765,29.2105045],[121.5239596,29.2102423],[121.5240481,29.2100972],[121.5241769,29.2100948],[121.52437,29.2101815],[121.5250593,29.2104671],[121.5250674,29.2104998],[121.5249172,29.2107667],[121.5248635,29.2109259],[121.5248206,29.2109493]]]},"properties":{"osmId":1501169136,"kind":"water","name":null}},{"type":"Feature","geometry":{"type":"Polygon","coordinates":[[[121.5253758,29.2111156],[121.5251613,29.2109447],[121.5250191,29.2108955],[121.5249628,29.2108534],[121.5249789,29.2107738],[121.5251318,29.2105162],[121.5253463,29.2102423],[121.5253946,29.210048],[121.5253919,29.2098326],[121.5253866,29.209746],[121.5254536,29.2096968],[121.5257326,29.209643],[121.5257594,29.2096805],[121.5258962,29.210233],[121.5260491,29.2106216],[121.526151,29.2107878],[121.5262154,29.2109259],[121.526151,29.2109915],[121.5260437,29.2109634],[121.5258452,29.2108534],[121.5257755,29.2108487],[121.5256414,29.2109423],[121.5254375,29.2110851],[121.5253758,29.2111156]]]},"properties":{"osmId":1501169137,"kind":"water","name":null}},{"type":"Feature","geometry":{"type":"Polygon","coordinates":[[[121.5245135,29.2118577],[121.5245444,29.2118752],[121.5245846,29.21186],[121.5247777,29.2116739],[121.5248877,29.2115627],[121.5249655,29.2114632],[121.5250218,29.2113895],[121.5252618,29.2112467],[121.5253249,29.211201],[121.5253168,29.21116],[121.5251103,29.210988],[121.5249842,29.2109716],[121.5249225,29.2109845],[121.5248676,29.2110044],[121.5247898,29.2109997],[121.5242225,29.2107925],[121.5241702,29.2107913],[121.5241662,29.2108299],[121.5242667,29.2112385],[121.5243405,29.2115943],[121.5243767,29.2116634],[121.5244317,29.2116997],[121.5244813,29.2117512],[121.5245041,29.2118144],[121.5245135,29.2118577]]]},"properties":{"osmId":1501169138,"kind":"water","name":null}},{"type":"Feature","geometry":{"type":"Polygon","coordinates":[[[121.5251344,29.212745],[121.5250781,29.2127075],[121.5245417,29.2120707],[121.5245658,29.2120239],[121.5249655,29.2117125],[121.5250754,29.2117242],[121.5251532,29.2118062],[121.5252605,29.2118834],[121.5253758,29.2119654],[121.5255073,29.2121012],[121.5255341,29.212155],[121.5255153,29.2122065],[121.5255046,29.212258],[121.5255368,29.2123891],[121.52551,29.2124734],[121.525459,29.2125389],[121.525172,29.2127543],[121.5251344,29.212745]]]},"properties":{"osmId":1501169139,"kind":"water","name":null}},{"type":"Feature","geometry":{"type":"Polygon","coordinates":[[[121.5257916,29.2135503],[121.5252095,29.212862],[121.5251935,29.2128082],[121.525239,29.2127613],[121.5254778,29.2125787],[121.5255368,29.2125764],[121.5261161,29.2129346],[121.526202,29.2130282],[121.5264246,29.2133092],[121.5263951,29.2133653],[121.5262878,29.2134075],[121.5258881,29.2135573],[121.5258399,29.213562],[121.5257916,29.2135503]]]},"properties":{"osmId":1501169140,"kind":"water","name":null}},{"type":"Feature","geometry":{"type":"Polygon","coordinates":[[[121.52551,29.2120239],[121.525569,29.2120403],[121.5256762,29.2120145],[121.5257567,29.2119279],[121.5259203,29.2118085],[121.5260625,29.2117289],[121.5261188,29.2116564],[121.5261349,29.2115627],[121.5261161,29.2113567],[121.5261054,29.211235],[121.5260893,29.211146],[121.5260625,29.2110664],[121.5258989,29.2109517],[121.525805,29.2109423],[121.5257031,29.2109821],[121.5254617,29.2111273],[121.5253973,29.2112303],[121.5253329,29.2113005],[121.5251076,29.2114503],[121.5250647,29.2115299],[121.5250969,29.2116236],[121.5251827,29.21175],[121.5253705,29.211839],[121.5254509,29.211942],[121.52551,29.2120239]]]},"properties":{"osmId":1501169141,"kind":"water","name":null}},{"type":"Feature","geometry":{"type":"Polygon","coordinates":[[[121.5262556,29.2126513],[121.5261912,29.2126888],[121.5260598,29.2126747],[121.5259901,29.2126326],[121.5256333,29.2124195],[121.5255958,29.2123727],[121.5255636,29.2122861],[121.5255529,29.2122486],[121.5256199,29.2121433],[121.5260115,29.2118085],[121.5261376,29.2117523],[121.5262395,29.2117617],[121.5263146,29.211846],[121.5265024,29.2120871],[121.5265506,29.212155],[121.5265319,29.2122018],[121.5265292,29.2122604],[121.5265721,29.2123704],[121.5265506,29.2124593],[121.5264782,29.2125436],[121.526328,29.2125998],[121.5262717,29.2126256],[121.5262556,29.2126513]]]},"properties":{"osmId":1501169142,"kind":"water","name":null}},{"type":"Feature","geometry":{"type":"Polygon","coordinates":[[[121.5271729,29.2133981],[121.5269342,29.2133841],[121.5267867,29.2133185],[121.5264836,29.2130282],[121.5262824,29.2128082],[121.5262878,29.212766],[121.5263066,29.2127075],[121.5262985,29.2126747],[121.5263656,29.2126326],[121.5265372,29.2125624],[121.5266257,29.2124453],[121.5266311,29.2123095],[121.5266204,29.2122042],[121.5266848,29.2121573],[121.5269986,29.2120871],[121.5271246,29.2121152],[121.5272078,29.2122791],[121.5273204,29.2124289],[121.5274626,29.21256],[121.5275726,29.2126583],[121.5276074,29.2127145],[121.5275967,29.2128222],[121.5275994,29.2129463],[121.5276584,29.2130423],[121.5277523,29.2131429],[121.5277737,29.2131944],[121.5276986,29.2132319],[121.5272453,29.2133981],[121.5271729,29.2133981]]]},"properties":{"osmId":1501169143,"kind":"water","name":null}},{"type":"Feature","geometry":{"type":"Polygon","coordinates":[[[121.5262958,29.2109189],[121.5262422,29.2108908],[121.5262207,29.2108276],[121.5259954,29.2102376],[121.5258908,29.2100012],[121.5257996,29.2096945],[121.5258023,29.2096407],[121.5258828,29.2095985],[121.5265506,29.2095657],[121.5266418,29.2096453],[121.5266874,29.209739],[121.5269718,29.2106825],[121.5269396,29.2107316],[121.5262958,29.2109189]]]},"properties":{"osmId":1501169144,"kind":"water","name":null}},{"type":"Feature","geometry":{"type":"Polygon","coordinates":[[[121.5271997,29.2106801],[121.5271568,29.2106052],[121.5269208,29.2097437],[121.5269074,29.2096524],[121.5269423,29.2095891],[121.52702,29.2095611],[121.5277657,29.2095189],[121.5280098,29.209533],[121.5280768,29.2095798],[121.5280849,29.209636],[121.5280902,29.2096945],[121.5281734,29.209746],[121.5282136,29.2098326],[121.528227,29.2100059],[121.5281975,29.210151],[121.5280956,29.2103126],[121.5279239,29.2103828],[121.5272588,29.2106825],[121.5271997,29.2106801]]]},"properties":{"osmId":1501169145,"kind":"water","name":null}},{"type":"Feature","geometry":{"type":"Polygon","coordinates":[[[121.5273915,29.2124102],[121.5274277,29.2124149],[121.5274774,29.2124008],[121.5276799,29.2122592],[121.5276973,29.2122124],[121.5276423,29.2121433],[121.527122,29.2112771],[121.527071,29.2111249],[121.5269878,29.2107831],[121.5269557,29.2107621],[121.5262744,29.2109587],[121.52621,29.2110172],[121.5262127,29.2111249],[121.526269,29.2113052],[121.5262771,29.2114082],[121.5262717,29.2115838],[121.5262797,29.2116774],[121.5263253,29.2117547],[121.5265828,29.2120497],[121.5266687,29.2120918],[121.5268403,29.2120637],[121.5269691,29.2120262],[121.5270898,29.2120216],[121.5272212,29.2121386],[121.5273499,29.2123587],[121.5273915,29.2124102]]]},"properties":{"osmId":1501169146,"kind":"water","name":null}},{"type":"Feature","geometry":{"type":"Polygon","coordinates":[[[121.5278622,29.212162],[121.5277979,29.2122135],[121.5277523,29.2122112],[121.5272158,29.2113309],[121.5272078,29.2112794],[121.527307,29.2112303],[121.5273285,29.2111647],[121.5272292,29.2107691],[121.5272829,29.2107246],[121.5278515,29.2104554],[121.52794,29.2104577],[121.5280527,29.2105654],[121.5280929,29.2107059],[121.5281519,29.2109728],[121.5281787,29.2112162],[121.5282351,29.211359],[121.528447,29.2117383],[121.5284336,29.2117851],[121.5280741,29.2119888],[121.5278971,29.2121105],[121.5278622,29.212162]]]},"properties":{"osmId":1501169147,"kind":"water","name":null}},{"type":"Feature","geometry":{"type":"Polygon","coordinates":[[[121.5279964,29.2130657],[121.5278864,29.2130961],[121.5278113,29.213075],[121.5277469,29.2130212],[121.5276825,29.2129159],[121.5276718,29.2127824],[121.5276718,29.2126747],[121.5276235,29.2126092],[121.527527,29.2125226],[121.5275109,29.2124383],[121.5275431,29.2124008],[121.527712,29.2123189],[121.5278113,29.2122744],[121.5279293,29.2121995],[121.5279829,29.2121035],[121.5281573,29.2120122],[121.5284497,29.211839],[121.5284899,29.2118624],[121.5284952,29.2119958],[121.5284792,29.2121363],[121.5284872,29.2123025],[121.5284899,29.2124008],[121.5284765,29.2124664],[121.5284765,29.2125483],[121.5285596,29.2126466],[121.5285543,29.2127075],[121.528455,29.2127848],[121.5281466,29.2129814],[121.5279964,29.2130657]]]},"properties":{"osmId":1501169148,"kind":"water","name":null}},{"type":"Feature","geometry":{"type":"Polygon","coordinates":[[[121.5288252,29.2124804],[121.529249,29.2122697],[121.5292463,29.2122135],[121.529265,29.2121012],[121.5292677,29.2120075],[121.5292463,29.2119045],[121.5291578,29.2116517],[121.5291122,29.2114597],[121.5290773,29.2113216],[121.5289807,29.2112092],[121.5288091,29.2110406],[121.5286696,29.2109025],[121.5286455,29.2108393],[121.5286562,29.2107316],[121.5286481,29.2106637],[121.5285891,29.2105701],[121.5284657,29.2105209],[121.528396,29.210556],[121.5283853,29.2106661],[121.5284228,29.2108323],[121.5285006,29.2111343],[121.5285864,29.2113661],[121.5286937,29.2115276],[121.5287232,29.2116657],[121.5287474,29.2117477],[121.5287983,29.2117617],[121.5289244,29.2117289],[121.5289646,29.2117804],[121.5289378,29.2118436],[121.5288252,29.2119022],[121.5288037,29.2119396],[121.5288144,29.2120614],[121.5288144,29.2121644],[121.528793,29.2123282],[121.5287822,29.2124266],[121.5287822,29.2124734],[121.5288252,29.2124804]]]},"properties":{"osmId":1501169149,"kind":"water","name":null}},{"type":"Feature","geometry":{"type":"Polygon","coordinates":[[[121.5288305,29.2108721],[121.5302119,29.2104483],[121.5303728,29.2104156],[121.5303862,29.2103664],[121.5302655,29.2099942],[121.5302333,29.2098677],[121.5302655,29.2097952],[121.5301555,29.2096828],[121.5300617,29.2096711],[121.5299624,29.2096898],[121.5286294,29.2101768],[121.5284818,29.2102376],[121.5284631,29.2103079],[121.528506,29.210432],[121.5286079,29.2104811],[121.528742,29.2105865],[121.5287608,29.2106684],[121.5287635,29.2107714],[121.5287742,29.210844],[121.5288305,29.2108721]]]},"properties":{"osmId":1501169150,"kind":"water","name":null}},{"type":"Feature","geometry":{"type":"Polygon","coordinates":[[[121.529265,29.2116962],[121.5293321,29.2117125],[121.5294152,29.2117032],[121.5306169,29.2113403],[121.5306276,29.2112841],[121.5305498,29.2110079],[121.5304774,29.2105467],[121.530413,29.2104788],[121.5302306,29.2105092],[121.5289566,29.2108674],[121.5289164,29.21094],[121.5289324,29.2110594],[121.5290424,29.2111483],[121.5291497,29.2112326],[121.5291953,29.2113473],[121.5292248,29.2116072],[121.529265,29.2116962]]]},"properties":{"osmId":1501169151,"kind":"water","name":null}},{"type":"Feature","geometry":{"type":"Polygon","coordinates":[[[121.5307295,29.2119982],[121.5305069,29.212059],[121.5294555,29.2123891],[121.5294152,29.2123751],[121.5293938,29.2122884],[121.5293884,29.2121925],[121.5293106,29.2118038],[121.5293536,29.2117547],[121.5306678,29.2113731],[121.5306973,29.2114012],[121.5307993,29.211743],[121.5307349,29.2118155],[121.5307161,29.2118507],[121.5307564,29.2119303],[121.5307537,29.2119724],[121.5307295,29.2119982]]]},"properties":{"osmId":1501169152,"kind":"water","name":null}},{"type":"Feature","geometry":{"type":"Polygon","coordinates":[[[121.5229699,29.2158726],[121.5227634,29.2154395],[121.5227607,29.2153622],[121.5228063,29.2153084],[121.5228841,29.2152592],[121.5242708,29.2147512],[121.5245041,29.2146318],[121.5246141,29.2146201],[121.5246651,29.2146693],[121.5248448,29.2150204],[121.524834,29.215072],[121.5247375,29.2151235],[121.5232703,29.2157345],[121.5232247,29.2157719],[121.5230074,29.2158749],[121.5229699,29.2158726]]]},"properties":{"osmId":1501169155,"kind":"water","name":null}},{"type":"Feature","geometry":{"type":"Polygon","coordinates":[[[121.5216744,29.2161792],[121.5216234,29.2161675],[121.5215993,29.2161324],[121.5213579,29.2157321],[121.5213525,29.2156549],[121.5213928,29.2156268],[121.5223905,29.215278],[121.5224844,29.215278],[121.5225327,29.2153154],[121.5226212,29.2153716],[121.5226829,29.2154114],[121.5227178,29.2154816],[121.5229619,29.2159475],[121.5229189,29.2160482],[121.5227607,29.2161675],[121.5225461,29.2163314],[121.5224174,29.2163595],[121.5221706,29.2163923],[121.5221277,29.2163618],[121.5221009,29.2162729],[121.5220579,29.2161488],[121.5220204,29.2161207],[121.5218863,29.2161324],[121.5216744,29.2161792]]]},"properties":{"osmId":1501169156,"kind":"water","name":null}},{"type":"Feature","geometry":{"type":"Polygon","coordinates":[[[121.5221411,29.217434],[121.521956,29.2169822],[121.5219077,29.2168722],[121.5218085,29.2166755],[121.5218005,29.216624],[121.5218943,29.2165678],[121.5219909,29.2165351],[121.5222913,29.2164859],[121.5224925,29.2164695],[121.5225407,29.2164391],[121.5225837,29.2164438],[121.5226454,29.2164976],[121.5229028,29.2168534],[121.5229082,29.2169284],[121.5228653,29.217022],[121.5227526,29.2171086],[121.5222108,29.2174527],[121.522176,29.2174551],[121.5221411,29.217434]]]},"properties":{"osmId":1501169157,"kind":"water","name":null}},{"type":"Feature","geometry":{"type":"Polygon","coordinates":[[[121.522994,29.2168581],[121.5226561,29.2164016],[121.5226427,29.2163431],[121.5226802,29.2162963],[121.5231603,29.2159147],[121.5232435,29.2158749],[121.5232864,29.2158913],[121.52367,29.2164016],[121.52367,29.2164368],[121.5236405,29.2164719],[121.5236136,29.2165304],[121.5235546,29.2165585],[121.5234902,29.2165913],[121.5230691,29.2168581],[121.522994,29.2168581]]]},"properties":{"osmId":1501169158,"kind":"water","name":null}},{"type":"Feature","geometry":{"type":"Polygon","coordinates":[[[121.5237558,29.216404],[121.5233803,29.2159054],[121.523391,29.2158562],[121.5248555,29.2152311],[121.5249708,29.2151984],[121.5250191,29.2152358],[121.5251264,29.2154442],[121.52518,29.2155355],[121.5251049,29.215587],[121.5245444,29.2159428],[121.5238067,29.2163923],[121.5237558,29.216404]]]},"properties":{"osmId":1501169159,"kind":"water","name":null}},{"type":"Feature","geometry":{"type":"Polygon","coordinates":[[[121.5246288,29.2167352],[121.5243727,29.2164262],[121.5243794,29.2163712],[121.5244304,29.2163314],[121.5248542,29.2161032],[121.5250191,29.2159674],[121.5251666,29.2158585],[121.5252109,29.2158445],[121.5253021,29.2158644],[121.525345,29.2159217],[121.5255019,29.216219],[121.5254737,29.2162787],[121.5254053,29.2163139],[121.5253343,29.2163302],[121.5246288,29.2167352]]]},"properties":{"osmId":1501169160,"kind":"water","name":null}},{"type":"Feature","geometry":{"type":"Polygon","coordinates":[[[121.5236311,29.2173509],[121.5236002,29.2173451],[121.5235238,29.2172292],[121.5234728,29.2171543],[121.5233923,29.2170524],[121.5233695,29.2169998],[121.5233923,29.2169541],[121.5234487,29.216912],[121.5241447,29.2164766],[121.5241984,29.2164613],[121.5242775,29.2164684],[121.524315,29.2164964],[121.5245497,29.2167797],[121.5245618,29.2168019],[121.5236311,29.2173509]]]},"properties":{"osmId":1501169161,"kind":"water","name":null}},{"type":"Feature","geometry":{"type":"Polygon","coordinates":[[[121.5224817,29.2180614],[121.5224576,29.2180567],[121.5224335,29.2180321],[121.5222591,29.2176295],[121.5222618,29.2175897],[121.5222993,29.2175628],[121.5229028,29.2172151],[121.5230222,29.2171531],[121.5231778,29.2170548],[121.5232609,29.2170489],[121.523324,29.21707],[121.5235318,29.2173966],[121.5235198,29.2174282],[121.5224817,29.2180614]]]},"properties":{"osmId":1501169162,"kind":"water","name":null}},{"type":"Feature","geometry":{"type":"Polygon","coordinates":[[[121.5230383,29.2185635],[121.5229753,29.2185764],[121.5229364,29.218567],[121.522581,29.2182276],[121.5225689,29.2181808],[121.5225984,29.2181386],[121.5240763,29.2172725],[121.5241286,29.2172889],[121.524366,29.2175569],[121.5243579,29.2176084],[121.5242989,29.2177067],[121.5242238,29.21775],[121.524142,29.2178308],[121.5240629,29.2179385],[121.524028,29.2179818],[121.523957,29.2180216],[121.5230383,29.2185635]]]},"properties":{"osmId":1501169163,"kind":"water","name":null}},{"type":"Feature","geometry":{"type":"Polygon","coordinates":[[[121.52448,29.2176072],[121.5241742,29.217276],[121.52413,29.2172233],[121.5241326,29.2171882],[121.5241608,29.2171636],[121.5253463,29.216452],[121.5254818,29.2163782],[121.5255448,29.2163899],[121.5256253,29.2164286],[121.5256575,29.2164906],[121.5256695,29.2165714],[121.5257312,29.2166978],[121.5257554,29.2167926],[121.5257192,29.2168605],[121.5256159,29.2169295],[121.5245591,29.2175604],[121.5245149,29.2176049],[121.52448,29.2176072]]]},"properties":{"osmId":1501169164,"kind":"water","name":null}},{"type":"Feature","geometry":{"type":"Polygon","coordinates":[[[121.5247791,29.2182697],[121.5247415,29.2182674],[121.5247013,29.2182334],[121.5244666,29.2178928],[121.5244733,29.2178519],[121.5245162,29.2178203],[121.5252887,29.2173802],[121.5257996,29.2170676],[121.5258533,29.2170665],[121.5258895,29.2171004],[121.5260705,29.2175007],[121.5260571,29.21753],[121.5256776,29.2177594],[121.5247791,29.2182697]]]},"properties":{"osmId":1501169165,"kind":"water","name":null}},{"type":"Feature","geometry":{"type":"Polygon","coordinates":[[[121.5234339,29.2190399],[121.5230638,29.2186981],[121.523053,29.2186279],[121.5231013,29.2185787],[121.5235841,29.2183072],[121.5240455,29.2180544],[121.5241206,29.2180497],[121.5241849,29.2180356],[121.5244317,29.217928],[121.5244612,29.2179467],[121.5246651,29.2182697],[121.524657,29.2183165],[121.5244183,29.2184757],[121.5235358,29.2190095],[121.5234339,29.2190399]]]},"properties":{"osmId":1501169166,"kind":"water","name":null}},{"type":"Feature","geometry":{"type":"Polygon","coordinates":[[[121.5251666,29.2148133],[121.5251304,29.2148074],[121.5250996,29.2147735],[121.5249574,29.214475],[121.5249266,29.2143954],[121.52494,29.2143322],[121.5250191,29.2142783],[121.5259378,29.2139506],[121.5259807,29.2139588],[121.5260182,29.2139916],[121.5262851,29.2143732],[121.5262878,29.2144165],[121.5262046,29.214482],[121.5261202,29.2145487],[121.526037,29.2145792],[121.5259592,29.2146178],[121.5258801,29.2146576],[121.5257661,29.214681],[121.5256588,29.2146798],[121.5255395,29.2146997],[121.5254188,29.2147173],[121.5253289,29.2147524],[121.5252136,29.2148004],[121.5251666,29.2148133]]]},"properties":{"osmId":1501169167,"kind":"water","name":null}},{"type":"Feature","geometry":{"type":"Polygon","coordinates":[[[121.5260491,29.2157614],[121.5258868,29.2157965],[121.525754,29.2157942],[121.5256535,29.2157766],[121.5256052,29.2157462],[121.5255783,29.2157181],[121.5254952,29.2155413],[121.525404,29.2153423],[121.5253209,29.2152183],[121.5252149,29.2150907],[121.5251599,29.2149619],[121.5251572,29.2149139],[121.5252042,29.2148531],[121.5253155,29.2148109],[121.5254885,29.2147618],[121.5256535,29.2147407],[121.525805,29.214736],[121.5258841,29.2147114],[121.5261845,29.2145815],[121.5262663,29.2145253],[121.5263481,29.2145101],[121.5264246,29.2145359],[121.5264903,29.2145897],[121.5265775,29.2146962],[121.526611,29.2147337],[121.5266687,29.2147477],[121.5267505,29.2147711],[121.5267813,29.2148109],[121.5268028,29.2148765],[121.5267706,29.2149022],[121.5266566,29.2149526],[121.5266097,29.2149935],[121.5265144,29.2150942],[121.5264085,29.2152171],[121.5263616,29.2153201],[121.526328,29.2154512],[121.5262838,29.2155355],[121.5262234,29.2156034],[121.5260933,29.2157333],[121.5260491,29.2157614]]]},"properties":{"osmId":1501169168,"kind":"water","name":null}},{"type":"Feature","geometry":{"type":"Polygon","coordinates":[[[121.5267961,29.216322],[121.5264514,29.2162799],[121.5262046,29.2162553],[121.5260182,29.2162155],[121.5259351,29.2161722],[121.5258881,29.2161242],[121.5258586,29.2160645],[121.5258372,29.2160095],[121.5258104,29.2159885],[121.5257715,29.2159697],[121.5257514,29.2159311],[121.5257782,29.2158936],[121.5258372,29.2158644],[121.5259552,29.2158421],[121.5260799,29.2157918],[121.5261376,29.2157345],[121.5263039,29.2155811],[121.5263495,29.2154945],[121.5263683,29.2154348],[121.5264004,29.2153166],[121.5264595,29.2152136],[121.5265748,29.2150848],[121.5266713,29.214997],[121.5267558,29.2149537],[121.5268269,29.214935],[121.5268846,29.21499],[121.5270039,29.2151995],[121.5270321,29.2152932],[121.527122,29.2154348],[121.5272051,29.2155776],[121.5272212,29.2156209],[121.5272614,29.215807],[121.5272427,29.2158679],[121.5271474,29.2159112],[121.5270925,29.2159545],[121.5270844,29.2160189],[121.5271018,29.2161172],[121.527079,29.2161828],[121.5269758,29.2162635],[121.5268604,29.2163174],[121.5267961,29.216322]]]},"properties":{"osmId":1501169169,"kind":"water","name":null}},{"type":"Feature","geometry":{"type":"Polygon","coordinates":[[[121.5267196,29.2146506],[121.5266606,29.2146435],[121.526603,29.2146073],[121.5265694,29.2145639],[121.5260866,29.2139014],[121.5261027,29.2138687],[121.5264165,29.2137504],[121.5265533,29.213713],[121.5266378,29.2137142],[121.5267505,29.2137446],[121.5268725,29.2137633],[121.5269087,29.2138066],[121.5269342,29.2138523],[121.5269758,29.2139026],[121.5269919,29.213967],[121.5270294,29.2141402],[121.5270965,29.2144387],[121.5270925,29.2145136],[121.5270294,29.2145639],[121.5267196,29.2146506]]]},"properties":{"osmId":1501169170,"kind":"water","name":null}},{"type":"Feature","geometry":{"type":"Polygon","coordinates":[[[121.5273473,29.2158515],[121.5274948,29.2158609],[121.5276289,29.2158421],[121.5278113,29.215786],[121.527873,29.2157462],[121.5279213,29.2156455],[121.5279642,29.215601],[121.5280956,29.2155612],[121.5283263,29.215491],[121.5284657,29.2154395],[121.5284952,29.2153786],[121.5284872,29.2152194],[121.5284228,29.2150322],[121.5283719,29.2148589],[121.528337,29.2147161],[121.5282404,29.2143392],[121.5281895,29.2143252],[121.5280741,29.214365],[121.5278462,29.2145031],[121.5277174,29.214592],[121.5276128,29.2146225],[121.5274599,29.2146342],[121.5272453,29.2146248],[121.5270817,29.2146389],[121.5268618,29.2146904],[121.5268511,29.2147278],[121.5269208,29.214894],[121.5269744,29.2150392],[121.5271488,29.2153763],[121.5272346,29.2155167],[121.5272748,29.2156268],[121.5273124,29.2157579],[121.5273151,29.2158164],[121.5273473,29.2158515]]]},"properties":{"osmId":1501169171,"kind":"water","name":null}},{"type":"Feature","geometry":{"type":"Polygon","coordinates":[[[121.527476,29.214571],[121.5274197,29.2145593],[121.5274036,29.2145171],[121.5274063,29.2144282],[121.5273634,29.2143977],[121.527299,29.214372],[121.5272212,29.2143181],[121.527181,29.2142456],[121.5271595,29.2141472],[121.5271407,29.2139038],[121.5272051,29.2138242],[121.5273392,29.213754],[121.5276664,29.2136322],[121.5280473,29.2134613],[121.5280849,29.213466],[121.5281412,29.2135456],[121.5282217,29.2141332],[121.5281948,29.2142549],[121.5281036,29.2143018],[121.52794,29.214386],[121.5278032,29.2144937],[121.527645,29.2145663],[121.527527,29.2145803],[121.527476,29.214571]]]},"properties":{"osmId":1501169172,"kind":"water","name":null}},{"type":"Feature","geometry":{"type":"Polygon","coordinates":[[[121.5296191,29.212972],[121.5295574,29.2128948],[121.5295225,29.212759],[121.5295118,29.2126677],[121.5294984,29.212567],[121.5294582,29.2124898],[121.5294582,29.21245],[121.5295091,29.2124149],[121.530751,29.2120543],[121.5307966,29.2120895],[121.530869,29.2120918],[121.5309039,29.2121293],[121.5310273,29.2125108],[121.5310138,29.2125764],[121.5308717,29.2126162],[121.5296701,29.2129603],[121.5296191,29.212972]]]},"properties":{"osmId":1501169173,"kind":"water","name":null}},{"type":"Feature","geometry":{"type":"Polygon","coordinates":[[[121.5289968,29.2142315],[121.5289512,29.214269],[121.5285113,29.2144586],[121.5284765,29.2144329],[121.5284362,29.214365],[121.5284067,29.2142081],[121.5283746,29.2138523],[121.528345,29.2135058],[121.5283477,29.213377],[121.5283477,29.2132951],[121.5283719,29.2132436],[121.528447,29.2131874],[121.5286642,29.213068],[121.5287206,29.213075],[121.5287662,29.2131523],[121.5288305,29.2132436],[121.5289029,29.2132389],[121.5289995,29.2131827],[121.5294206,29.2129439],[121.5294689,29.212951],[121.5295413,29.2130118],[121.529713,29.2132225],[121.5297881,29.2133934],[121.529839,29.2135831],[121.529839,29.2137282],[121.5297881,29.2137727],[121.5296835,29.2137914],[121.5294474,29.2138874],[121.529265,29.2139623],[121.5291041,29.2140396],[121.529021,29.2140887],[121.5289915,29.2141543],[121.5289968,29.2141824],[121.5289968,29.2142315]]]},"properties":{"osmId":1501169174,"kind":"water","name":null}},{"type":"Feature","geometry":{"type":"Polygon","coordinates":[[[121.5287527,29.2152546],[121.5286991,29.2152382],[121.5286669,29.2151867],[121.5284899,29.2145476],[121.5285248,29.2144961],[121.5290371,29.2142713],[121.5290853,29.2142128],[121.5290853,29.2141426],[121.5291443,29.2140934],[121.5296701,29.2138616],[121.5297344,29.2138593],[121.5298176,29.2139366],[121.5299758,29.2146623],[121.5299463,29.2147512],[121.5299275,29.2148753],[121.5298766,29.2148964],[121.5287527,29.2152546]]]},"properties":{"osmId":1501169175,"kind":"water","name":null}},{"type":"Feature","geometry":{"type":"Polygon","coordinates":[[[121.5300348,29.2138897],[121.5299785,29.213878],[121.5299705,29.2138242],[121.5299785,29.2137095],[121.5299946,29.2135877],[121.5299678,29.2134777],[121.5299383,29.2133255],[121.5298685,29.2131944],[121.5297183,29.2130657],[121.5296862,29.2130095],[121.5297157,29.2129791],[121.5309897,29.2126256],[121.5310407,29.2126607],[121.5312633,29.2134168],[121.5312633,29.2135152],[121.5311882,29.2135526],[121.5300348,29.2138897]]]},"properties":{"osmId":1501169176,"kind":"water","name":null}},{"type":"Feature","geometry":{"type":"Polygon","coordinates":[[[121.5301985,29.214784],[121.5304291,29.2147091],[121.5314001,29.2144375],[121.5314886,29.2143954],[121.5315101,29.2143298],[121.5313679,29.2138921],[121.5313303,29.2137165],[121.5312901,29.2136041],[121.5312096,29.2135994],[121.5301126,29.2139178],[121.5299946,29.2139553],[121.5299866,29.2140161],[121.5300214,29.214187],[121.530059,29.2143579],[121.5300912,29.214667],[121.5301234,29.2147489],[121.5301663,29.214784],[121.5301985,29.214784]]]},"properties":{"osmId":1501169177,"kind":"water","name":null}},{"type":"Feature","geometry":{"type":"Polygon","coordinates":[[[121.5308663,29.210336],[121.5307537,29.21035],[121.5307,29.2103009],[121.530531,29.2096828],[121.530523,29.2096313],[121.5305659,29.2095728],[121.530582,29.2095025],[121.5306571,29.2094651],[121.5311855,29.2093784],[121.5314886,29.2092965],[121.5315449,29.2093129],[121.5317488,29.2100644],[121.5309763,29.2103055],[121.5308663,29.210336]]]},"properties":{"osmId":1501169178,"kind":"water","name":null}},{"type":"Feature","geometry":{"type":"Polygon","coordinates":[[[121.531046,29.2113754],[121.5307993,29.2105841],[121.5308019,29.2104577],[121.5308475,29.2104062],[121.5311936,29.2102891],[121.5317595,29.2101112],[121.5320653,29.2110781],[121.5317085,29.2112186],[121.5312821,29.211345],[121.5310997,29.2113871],[121.531046,29.2113754]]]},"properties":{"osmId":1501169179,"kind":"water","name":null}},{"type":"Feature","geometry":{"type":"Polygon","coordinates":[[[121.531333,29.2124476],[121.5312767,29.2124383],[121.5312579,29.2123821],[121.5312177,29.2119373],[121.5311828,29.2118671],[121.531156,29.21186],[121.5311292,29.2117968],[121.5310621,29.2115112],[121.5310782,29.2114527],[121.5311748,29.2114293],[121.5316924,29.2112841],[121.5319258,29.2111811],[121.5320545,29.2111249],[121.5320814,29.2111343],[121.5322477,29.2116962],[121.5323201,29.212052],[121.5323335,29.2121737],[121.5321243,29.2122229],[121.5316227,29.2123704],[121.531384,29.2124453],[121.531333,29.2124476]]]},"properties":{"osmId":1501169180,"kind":"water","name":null}},{"type":"Feature","geometry":{"type":"Polygon","coordinates":[[[121.5316147,29.2133021],[121.5315288,29.2132787],[121.5314832,29.2132155],[121.5313277,29.2125998],[121.5313062,29.2125436],[121.5313277,29.2125015],[121.5316576,29.2124149],[121.5323013,29.2122206],[121.5323389,29.2122229],[121.5323603,29.2130985],[121.5321645,29.21315],[121.531797,29.21326],[121.5316844,29.2132974],[121.5316147,29.2133021]]]},"properties":{"osmId":1501169181,"kind":"water","name":null}},{"type":"Feature","geometry":{"type":"Polygon","coordinates":[[[121.5318561,29.2144633],[121.5318131,29.2144516],[121.531781,29.2144071],[121.5316603,29.2139857],[121.5315744,29.2136299],[121.5315637,29.2134566],[121.5315959,29.2133747],[121.5316549,29.2133443],[121.5317917,29.2133232],[121.5319312,29.2132623],[121.5321082,29.2132038],[121.5323684,29.2131429],[121.5324005,29.2143111],[121.532253,29.2143509],[121.5319017,29.2144446],[121.5318561,29.2144633]]]},"properties":{"osmId":1501169182,"kind":"water","name":null}},{"type":"Feature","geometry":{"type":"Polygon","coordinates":[[[121.5313894,29.215491],[121.5311104,29.2147793],[121.5311319,29.2147442],[121.5317085,29.214585],[121.5318131,29.2145476],[121.5318561,29.2145078],[121.5319177,29.2144797],[121.5323657,29.2143626],[121.5323898,29.214386],[121.5323657,29.2149128],[121.5323362,29.2149689],[121.5322852,29.2150041],[121.5314108,29.215505],[121.5313894,29.215491]]]},"properties":{"osmId":1501169183,"kind":"water","name":null}},{"type":"Feature","geometry":{"type":"Polygon","coordinates":[[[121.5304908,29.2160224],[121.5313438,29.2155378],[121.5313464,29.2155027],[121.5310594,29.2148004],[121.5309468,29.2148098],[121.5306598,29.214894],[121.5304452,29.2149502],[121.5302575,29.2150345],[121.5301904,29.2151],[121.5301636,29.2151469],[121.5301877,29.2152499],[121.5302333,29.2155121],[121.5302494,29.2157181],[121.5302762,29.2158047],[121.5303621,29.2158117],[121.5304291,29.2158679],[121.5304345,29.2159358],[121.5304559,29.2159849],[121.5304908,29.2160224]]]},"properties":{"osmId":1501169184,"kind":"water","name":null}},{"type":"Feature","geometry":{"type":"Polygon","coordinates":[[[121.5270683,29.2176541],[121.5272132,29.217647],[121.5273258,29.2176236],[121.5274626,29.2175206],[121.5275189,29.2173848],[121.5275082,29.2171952],[121.5274653,29.2170477],[121.5273231,29.2169541],[121.5268296,29.2166357],[121.5267143,29.2166006],[121.5265855,29.2165959],[121.5262851,29.2167083],[121.5262261,29.2167622],[121.5262502,29.2168207],[121.5263039,29.216919],[121.5263012,29.2169705],[121.5262315,29.2170384],[121.5260813,29.2171648],[121.5260544,29.2172561],[121.5260839,29.2173333],[121.5261698,29.2173895],[121.5262932,29.2174832],[121.5263441,29.2175464],[121.5265238,29.2176283],[121.5266848,29.2177056],[121.5268537,29.2177758],[121.5269449,29.2177524],[121.5269825,29.2176915],[121.5270683,29.2176541]]]},"properties":{"osmId":1501169185,"kind":"water","name":null}},{"type":"Feature","geometry":{"type":"Polygon","coordinates":[[[121.5291551,29.2159709],[121.5290746,29.2159569],[121.5290236,29.2159194],[121.5287876,29.2155074],[121.5287849,29.2154699],[121.5288305,29.2154348],[121.5298793,29.2151],[121.5299785,29.2151258],[121.5300375,29.2152054],[121.530059,29.2152873],[121.5301394,29.2157696],[121.5301153,29.215807],[121.5295815,29.2159077],[121.529249,29.2159569],[121.5291551,29.2159709]]]},"properties":{"osmId":1501169186,"kind":"water","name":null}},{"type":"Feature","geometry":{"type":"Polygon","coordinates":[[[121.5289378,29.2165608],[121.5284684,29.2165117],[121.5284362,29.2164672],[121.5282351,29.2160505],[121.5280554,29.2158234],[121.5279937,29.2157087],[121.5280125,29.2156619],[121.5283611,29.2155402],[121.5286428,29.2154816],[121.5286776,29.2155144],[121.5287313,29.2155261],[121.5287662,29.2155519],[121.5289915,29.2159779],[121.52908,29.2161769],[121.5291068,29.2163267],[121.5290451,29.2165046],[121.5289888,29.2165444],[121.5289378,29.2165608]]]},"properties":{"osmId":1501169187,"kind":"water","name":null}},{"type":"Feature","geometry":{"type":"Polygon","coordinates":[[[121.5063214,29.2184359],[121.5070671,29.2182955],[121.50711,29.2183891],[121.5070671,29.2188105],[121.506933,29.2190539],[121.5068579,29.2192038],[121.5068471,29.2194847],[121.5068096,29.2195783],[121.5065736,29.2196907],[121.5065092,29.2196204],[121.5064555,29.2193208],[121.5063482,29.2191054],[121.5063751,29.218979],[121.5064502,29.2187684],[121.5064019,29.218567],[121.5063214,29.2184359]]]},"properties":{"osmId":1501169188,"kind":"water","name":"龙家岙水库"}},{"type":"Feature","geometry":{"type":"Polygon","coordinates":[[[121.5241742,29.2193512],[121.5242118,29.2193512],[121.5243217,29.2192927],[121.5244853,29.2192201],[121.5246624,29.2191569],[121.5246972,29.2191195],[121.5246731,29.2190656],[121.5246302,29.2189767],[121.5245095,29.2186864],[121.524488,29.2186115],[121.5244585,29.2186021],[121.524083,29.2188362],[121.5237075,29.2190446],[121.52356,29.2191429],[121.52356,29.219185],[121.5237075,29.2193231],[121.5237638,29.2193349],[121.5238926,29.2192763],[121.524024,29.2192623],[121.5241259,29.2193021],[121.5241742,29.2193512]]]},"properties":{"osmId":1501169189,"kind":"water","name":null}},{"type":"Feature","geometry":{"type":"Polygon","coordinates":[[[121.5250996,29.2195853],[121.5250406,29.2195572],[121.5249976,29.2195081],[121.5247911,29.219185],[121.5247267,29.2189907],[121.524547,29.2185834],[121.5245658,29.2185366],[121.5249681,29.2183025],[121.5250191,29.2183306],[121.5254,29.219281],[121.5253919,29.2193231],[121.5253034,29.2194051],[121.5252846,29.2194589],[121.5252364,29.2194776],[121.5251639,29.2195291],[121.5251425,29.2195666],[121.5250996,29.2195853]]]},"properties":{"osmId":1501169190,"kind":"water","name":null}},{"type":"Feature","geometry":{"type":"Polygon","coordinates":[[[121.524362,29.21948],[121.5242815,29.2194144],[121.5242869,29.219384],[121.5243137,29.2193559],[121.5247187,29.2192084],[121.5247536,29.2192201],[121.5249869,29.2195924],[121.5250379,29.2196321],[121.5251023,29.2196368],[121.5252176,29.2195643],[121.5252739,29.2195455],[121.5253329,29.2195994],[121.525349,29.2196954],[121.5253195,29.2197328],[121.525231,29.219803],[121.5252122,29.2198756],[121.5252069,29.2200418],[121.5251881,29.2201448],[121.5251344,29.2202665],[121.5250191,29.2203695],[121.5249199,29.2203742],[121.5247697,29.2203016],[121.5246811,29.220215],[121.5245926,29.2200769],[121.5245631,29.2199973],[121.5245363,29.2198733],[121.5245014,29.2197094],[121.52448,29.2196064],[121.5244451,29.2195362],[121.524362,29.21948]]]},"properties":{"osmId":1501169191,"kind":"water","name":null}},{"type":"Feature","geometry":{"type":"Polygon","coordinates":[[[121.5273593,29.2169377],[121.5274224,29.2169728],[121.5275028,29.2169775],[121.5275806,29.2169225],[121.5276436,29.2168558],[121.5277322,29.2168242],[121.527814,29.2167961],[121.5279226,29.2167504],[121.5280674,29.2166673],[121.528223,29.2166088],[121.528333,29.2165316],[121.5283678,29.2164777],[121.5283558,29.2164332],[121.5282203,29.2161828],[121.527995,29.2158702],[121.527936,29.2158246],[121.5278488,29.2158386],[121.5276383,29.2159182],[121.5274693,29.2159358],[121.5273701,29.2159323],[121.5272976,29.2159241],[121.5271743,29.215965],[121.5271528,29.2159826],[121.5271461,29.2160751],[121.5271474,29.2161465],[121.5270992,29.2162085],[121.5270227,29.2162846],[121.5269127,29.2163349],[121.5267974,29.216363],[121.5266231,29.2163665],[121.5265225,29.2163829],[121.5262623,29.2164438],[121.5261242,29.2164988],[121.5261188,29.2165304],[121.5260853,29.2165866],[121.5260786,29.216624],[121.5261041,29.2166615],[121.5261658,29.2166837],[121.5263052,29.2166439],[121.5264742,29.2165854],[121.5266432,29.2165351],[121.5267599,29.2165398],[121.5268578,29.2165866],[121.5269919,29.2166896],[121.5271367,29.2167797],[121.5272829,29.2168769],[121.5273593,29.2169377]]]},"properties":{"osmId":1501169192,"kind":"water","name":null}},{"type":"Feature","geometry":{"type":"Polygon","coordinates":[[[121.527181,29.2180286],[121.5270536,29.218059],[121.5269959,29.2180567],[121.5269691,29.2180274],[121.5269865,29.2180029],[121.5270187,29.2179771],[121.5270334,29.2179256],[121.5270562,29.2178226],[121.5270522,29.2177524],[121.5270831,29.217729],[121.5272051,29.2177219],[121.5273714,29.2176915],[121.5275162,29.2176002],[121.5275779,29.2175148],[121.5275967,29.2174434],[121.5275967,29.2173474],[121.5275779,29.217173],[121.5275645,29.2170957],[121.5275766,29.2170384],[121.5276235,29.21696],[121.5276825,29.2168827],[121.5277697,29.2168406],[121.527873,29.2168172],[121.5279508,29.2167668],[121.5280741,29.21672],[121.528109,29.2167142],[121.5281627,29.2167423],[121.5282458,29.2168523],[121.5282699,29.2169459],[121.5282686,29.21707],[121.5282418,29.2172315],[121.528223,29.2174024],[121.5282096,29.2175253],[121.5282109,29.217681],[121.5282042,29.2177407],[121.5281707,29.2177606],[121.5280795,29.2177512],[121.527995,29.2177442],[121.5278891,29.2177629],[121.527759,29.2178144],[121.5276423,29.2178612],[121.5275404,29.2178835],[121.5274546,29.2179092],[121.527366,29.2179514],[121.5272588,29.2179993],[121.527181,29.2180286]]]},"properties":{"osmId":1501169193,"kind":"water","name":null}},{"type":"Feature","geometry":{"type":"Polygon","coordinates":[[[121.5254952,29.2193641],[121.5250728,29.2183165],[121.5250567,29.2182393],[121.5250888,29.2182065],[121.5252699,29.2180848],[121.5254965,29.2179596],[121.5255663,29.2179478],[121.5256132,29.2179818],[121.5256923,29.2181047],[121.5257487,29.2181574],[121.5258318,29.2182229],[121.5258935,29.2183013],[121.525927,29.2183739],[121.5259176,29.2184675],[121.525919,29.2185588],[121.5259324,29.2186279],[121.5259472,29.2186923],[121.5259351,29.2187145],[121.5258734,29.2187438],[121.5256789,29.2188234],[121.5256467,29.2188713],[121.5256588,29.2189416],[121.5257218,29.2191686],[121.5257661,29.2192974],[121.5257554,29.2193208],[121.5255368,29.2193735],[121.5254952,29.2193641]]]},"properties":{"osmId":1501169194,"kind":"water","name":null}},{"type":"Feature","geometry":{"type":"Polygon","coordinates":[[[121.5266204,29.2192459],[121.5265118,29.2191745],[121.5264219,29.2190773],[121.5262502,29.2189158],[121.5261725,29.2188491],[121.5261134,29.2188245],[121.5260665,29.2187988],[121.5260357,29.218759],[121.5259927,29.2186337],[121.5259726,29.2185003],[121.5259767,29.2184067],[121.5259793,29.2183259],[121.5259646,29.2182756],[121.5258895,29.2181843],[121.5257393,29.2180602],[121.525683,29.2179947],[121.5256374,29.2179151],[121.5256427,29.2178823],[121.5260893,29.2176143],[121.526206,29.2176084],[121.5262999,29.2176342],[121.5263884,29.2176892],[121.5264983,29.2177313],[121.5265439,29.2177676],[121.526556,29.217839],[121.5265292,29.2179057],[121.5264474,29.2180005],[121.5264139,29.2180567],[121.5264232,29.2181024],[121.5264608,29.2181141],[121.5264675,29.2181304],[121.5264286,29.2181878],[121.5263294,29.2182931],[121.5262288,29.2183821],[121.5261725,29.218443],[121.5261604,29.2185038],[121.5261725,29.2185553],[121.5262341,29.218704],[121.5263146,29.2188702],[121.5263669,29.2189299],[121.5264434,29.2189919],[121.5265024,29.2190598],[121.5265426,29.219109],[121.5266043,29.2191476],[121.5266834,29.2192026],[121.5266955,29.2192272],[121.5266646,29.2192459],[121.5266204,29.2192459]]]},"properties":{"osmId":1501169195,"kind":"water","name":null}},{"type":"Feature","geometry":{"type":"Polygon","coordinates":[[[121.5266633,29.2189264],[121.5266097,29.2189615],[121.5265077,29.2189615],[121.5264259,29.218931],[121.5263575,29.2188456],[121.5263146,29.2187157],[121.5262382,29.2185565],[121.5262167,29.2184874],[121.5262435,29.2184359],[121.5264863,29.2181737],[121.5265788,29.2181141],[121.5268175,29.2180532],[121.5269087,29.2180707],[121.5269516,29.2180988],[121.52702,29.2181047],[121.52713,29.2180848],[121.527189,29.2181094],[121.5272507,29.2183879],[121.5272279,29.2184453],[121.5271367,29.218505],[121.5269892,29.2185916],[121.5268604,29.2186782],[121.5268001,29.2187367],[121.526725,29.2188362],[121.5266633,29.2189264]]]},"properties":{"osmId":1501169196,"kind":"water","name":null}},{"type":"Feature","geometry":{"type":"Polygon","coordinates":[[[121.5248233,29.2216757],[121.5246543,29.2212708],[121.5246409,29.2211748],[121.5245819,29.2210882],[121.5245604,29.221032],[121.5245712,29.2209969],[121.5249547,29.2206902],[121.5251425,29.2206013],[121.5252578,29.2206083],[121.5253061,29.2206294],[121.5256843,29.2209945],[121.5257004,29.2210273],[121.5256709,29.2210718],[121.5249816,29.2215985],[121.5249333,29.22165],[121.524885,29.2216734],[121.5248233,29.2216757]]]},"properties":{"osmId":1501169197,"kind":"water","name":null}},{"type":"Feature","geometry":{"type":"Polygon","coordinates":[[[121.5253276,29.2220316],[121.525239,29.2219426],[121.5251452,29.2218888],[121.5250513,29.2218654],[121.5249145,29.2218396],[121.5248877,29.2218115],[121.5248823,29.2217717],[121.5249521,29.2217132],[121.5257192,29.2210882],[121.5257674,29.2210741],[121.5257996,29.2210975],[121.5259203,29.2211959],[121.5260598,29.2212755],[121.5260893,29.2213129],[121.5260625,29.2213621],[121.5259096,29.2215259],[121.5258506,29.2215751],[121.5254456,29.2220175],[121.5253758,29.222062],[121.5253276,29.2220316]]]},"properties":{"osmId":1501169198,"kind":"water","name":null}},{"type":"Feature","geometry":{"type":"Polygon","coordinates":[[[121.5258694,29.2229117],[121.5253141,29.2222493],[121.5253302,29.2222071],[121.5259311,29.2215634],[121.5260223,29.2214697],[121.5261269,29.2213293],[121.5261751,29.2213293],[121.5264514,29.2214604],[121.5264514,29.2215447],[121.526379,29.2217928],[121.5262905,29.2222961],[121.5262583,29.2226472],[121.5262073,29.2226964],[121.525923,29.2229094],[121.5258694,29.2229117]]]},"properties":{"osmId":1501169199,"kind":"water","name":null}},{"type":"Feature","geometry":{"type":"Polygon","coordinates":[[[121.5275565,29.2225208],[121.5275055,29.2224716],[121.5275028,29.2222399],[121.5274519,29.2219543],[121.5274009,29.2217881],[121.5273795,29.2216079],[121.5273929,29.221444],[121.5273902,29.2212286],[121.5274224,29.2212146],[121.527527,29.2212614],[121.5280634,29.2215072],[121.528101,29.221554],[121.5281171,29.2216851],[121.5280983,29.2219332],[121.528109,29.2224623],[121.5280956,29.2225278],[121.5279856,29.2225372],[121.5275565,29.2225208]]]},"properties":{"osmId":1501169200,"kind":"water","name":null}},{"type":"Feature","geometry":{"type":"Polygon","coordinates":[[[121.5274036,29.2224248],[121.526666,29.2224131],[121.5265828,29.2223827],[121.5265426,29.2223405],[121.5265346,29.2222656],[121.5266713,29.2215564],[121.5266982,29.2214604],[121.5267277,29.2214019],[121.5268055,29.2213878],[121.5268806,29.2213621],[121.5269825,29.2212731],[121.5270629,29.2212123],[121.5271997,29.2211631],[121.5272856,29.2211842],[121.5273204,29.2212263],[121.5273097,29.2214253],[121.5273043,29.2216594],[121.5273151,29.2217998],[121.5273634,29.2219871],[121.527409,29.2221626],[121.5274358,29.2223991],[121.5274036,29.2224248]]]},"properties":{"osmId":1501169201,"kind":"water","name":null}},{"type":"Feature","geometry":{"type":"Polygon","coordinates":[[[121.5265104,29.2232675],[121.5273687,29.2232675],[121.5273875,29.2232465],[121.5274492,29.2225044],[121.5274143,29.222481],[121.5265399,29.2224623],[121.5265346,29.2225067],[121.5265238,29.2228228],[121.5265587,29.2229492],[121.5265587,29.2230217],[121.5265024,29.223099],[121.5264916,29.2231622],[121.5264863,29.2232394],[121.5265104,29.2232675]]]},"properties":{"osmId":1501169202,"kind":"water","name":null}},{"type":"Feature","geometry":{"type":"Polygon","coordinates":[[[121.5275511,29.2232804],[121.5274867,29.22325],[121.5274599,29.2232008],[121.5275028,29.2225875],[121.5275404,29.2225746],[121.5277362,29.2225723],[121.5279776,29.2226027],[121.5281117,29.2226004],[121.5281425,29.2225805],[121.5281466,29.2225454],[121.5281492,29.2220351],[121.5281546,29.2217471],[121.5281492,29.2216418],[121.5281573,29.2216172],[121.5282002,29.2216114],[121.5282445,29.2216734],[121.5282565,29.2217436],[121.5282471,29.2219028],[121.5282431,29.2220433],[121.5282619,29.2221743],[121.5282539,29.2226776],[121.5282713,29.2229269],[121.5283008,29.2231891],[121.5283142,29.2232652],[121.5282686,29.2232921],[121.5275511,29.2232804]]]},"properties":{"osmId":1501169203,"kind":"water","name":null}},{"type":"Feature","geometry":{"type":"Polygon","coordinates":[[[121.5284362,29.2232441],[121.5283933,29.2232137],[121.5283692,29.2231435],[121.5283102,29.2225746],[121.5282968,29.2220643],[121.5282834,29.221973],[121.5283048,29.2216945],[121.5283397,29.2216757],[121.5289056,29.2219379],[121.5289485,29.2220011],[121.5290022,29.2227151],[121.528919,29.2227572],[121.5287983,29.2227525],[121.5287501,29.2227876],[121.5287608,29.222886],[121.5287876,29.2231107],[121.5287179,29.2231481],[121.5285328,29.2232113],[121.5285033,29.2232371],[121.5284362,29.2232441]]]},"properties":{"osmId":1501169204,"kind":"water","name":null}},{"type":"Feature","geometry":{"type":"Polygon","coordinates":[[[121.5264487,29.2194402],[121.5265158,29.2195174],[121.5265748,29.2195385],[121.5266365,29.2195362],[121.5266888,29.2195163],[121.526733,29.2194624],[121.5267277,29.2194051],[121.5266459,29.2193068],[121.5266177,29.2192892],[121.5265453,29.2192506],[121.5264809,29.2192073],[121.5263012,29.2190258],[121.5261966,29.2189334],[121.5261443,29.2188959],[121.5260759,29.2188866],[121.5260129,29.2188596],[121.5259431,29.2188093],[121.5259016,29.2188011],[121.5257245,29.2188655],[121.5257071,29.21891],[121.5258238,29.2192424],[121.5258694,29.2193325],[121.5259458,29.2193957],[121.5260531,29.2194449],[121.5261108,29.2194613],[121.5262248,29.2194577],[121.5263227,29.2194554],[121.5263589,29.2194472],[121.5263844,29.2194285],[121.5264219,29.2194261],[121.5264487,29.2194402]]]},"properties":{"osmId":1501169205,"kind":"water","name":null}},{"type":"Feature","geometry":{"type":"Polygon","coordinates":[[[121.526214,29.2210016],[121.5262207,29.2210554],[121.5261778,29.22108],[121.5261295,29.2210765],[121.5260451,29.2210133],[121.5258157,29.2207558],[121.5257017,29.2206902],[121.5255663,29.2205568],[121.5253571,29.220366],[121.5252337,29.2202899],[121.5251854,29.2202595],[121.5251827,29.2202326],[121.525231,29.2201507],[121.5252766,29.2200512],[121.5252806,29.2199739],[121.5252699,29.2198756],[121.5252806,29.2198194],[121.5253463,29.2197679],[121.5254161,29.2196989],[121.525459,29.2196146],[121.5254925,29.2195725],[121.5255582,29.2195514],[121.525632,29.219549],[121.5257125,29.2195654],[121.5257339,29.2195947],[121.5257366,29.2196673],[121.5257446,29.2197293],[121.5257728,29.2197738],[121.5258385,29.2198147],[121.5258801,29.2198499],[121.5259284,29.2199166],[121.5259592,29.2200032],[121.5260048,29.2200512],[121.5260397,29.2200757],[121.5260853,29.2200921],[121.526143,29.2201062],[121.5261966,29.2201272],[121.5263093,29.2201834],[121.5264152,29.2202466],[121.5264232,29.2202724],[121.5263441,29.2203824],[121.5262784,29.2204971],[121.5262449,29.2205884],[121.5261939,29.2207218],[121.5261725,29.2208108],[121.5261698,29.220874],[121.5261886,29.2209372],[121.526214,29.2210016]]]},"properties":{"osmId":1501169206,"kind":"water","name":null}},{"type":"Feature","geometry":{"type":"Polygon","coordinates":[[[121.5266445,29.2203391],[121.5262865,29.2201155],[121.5261912,29.2200746],[121.5261054,29.2200582],[121.5260531,29.2200278],[121.5260102,29.2199751],[121.5259592,29.2198967],[121.5259123,29.2198311],[121.5258667,29.2197878],[121.5258023,29.2197433],[121.5257876,29.2197176],[121.5257795,29.2196005],[121.5258144,29.2195771],[121.5258895,29.2195806],[121.5259632,29.2195924],[121.5260638,29.2195935],[121.526265,29.2195912],[121.5263696,29.2196029],[121.5265051,29.219645],[121.5265667,29.2196497],[121.5266553,29.2196556],[121.5267237,29.219679],[121.5269449,29.2198967],[121.52702,29.2199131],[121.5270334,29.2199224],[121.5270214,29.2199809],[121.5269718,29.2200055],[121.5269302,29.2200441],[121.5266928,29.2203262],[121.5266593,29.2203391],[121.5266445,29.2203391]]]},"properties":{"osmId":1501169207,"kind":"water","name":null}},{"type":"Feature","geometry":{"type":"Polygon","coordinates":[[[121.5266901,29.2203719],[121.527012,29.2200231],[121.527071,29.220009],[121.5271032,29.2200418],[121.5272105,29.2203766],[121.5272346,29.220524],[121.5272051,29.2206458],[121.5271488,29.2207534],[121.5271193,29.2207956],[121.5271193,29.2208447],[121.5270549,29.2209126],[121.5268135,29.2211093],[121.526666,29.2211935],[121.5265131,29.2212146],[121.5263683,29.2211701],[121.5262878,29.2211046],[121.5262637,29.2210601],[121.5262395,29.220936],[121.5262046,29.2208354],[121.5262073,29.2207698],[121.5262932,29.2205193],[121.5264219,29.2203204],[121.5264487,29.2202853],[121.5266231,29.2203929],[121.5266606,29.2203976],[121.5266901,29.2203719]]]},"properties":{"osmId":1501169208,"kind":"water","name":null}},{"type":"Feature","geometry":{"type":"Polygon","coordinates":[[[121.5268899,29.2188772],[121.5268712,29.2188831],[121.5268444,29.2188795],[121.526788,29.2188374],[121.526788,29.2187999],[121.5268175,29.2187695],[121.5269476,29.218649],[121.5271997,29.2185062],[121.5272842,29.2184371],[121.5273003,29.218402],[121.5273017,29.2183517],[121.5272333,29.2181129],[121.527248,29.2180626],[121.5272869,29.2180368],[121.5274706,29.2179666],[121.5276007,29.2179478],[121.5277523,29.2178963],[121.5278931,29.2178238],[121.5279749,29.217798],[121.5281117,29.2177945],[121.5282324,29.2178179],[121.5283772,29.2178109],[121.5285918,29.2177922],[121.5287957,29.2178109],[121.5289217,29.2177852],[121.5289298,29.2178168],[121.5289217,29.2179104],[121.5288842,29.2180508],[121.5288869,29.2181936],[121.5288708,29.2182779],[121.5288372,29.2183154],[121.5287809,29.2183002],[121.5286495,29.2182686],[121.5285408,29.2182756],[121.5283397,29.2183025],[121.528156,29.2183107],[121.5279427,29.2183318],[121.5277402,29.2183645],[121.5276141,29.2183868],[121.5275297,29.2184207],[121.5273164,29.2185542],[121.5271823,29.2186384],[121.5270106,29.2187426],[121.5269302,29.2188011],[121.5268899,29.2188772]]]},"properties":{"osmId":1501169209,"kind":"water","name":null}},{"type":"Feature","geometry":{"type":"Polygon","coordinates":[[[121.5276624,29.2195713],[121.5276866,29.2195526],[121.5276906,29.2195011],[121.5276664,29.2194297],[121.5273526,29.2185986],[121.5273245,29.2186021],[121.5269892,29.2187988],[121.5269195,29.2189018],[121.5268899,29.218958],[121.5268886,29.2190188],[121.5268886,29.2191218],[121.5268913,29.219336],[121.5268859,29.2194531],[121.5268591,29.2195092],[121.5268403,29.2195783],[121.5268417,29.2196169],[121.526906,29.2197106],[121.5269852,29.2197691],[121.5270509,29.2197761],[121.527181,29.2197457],[121.5276624,29.2195713]]]},"properties":{"osmId":1501169210,"kind":"water","name":null}},{"type":"Feature","geometry":{"type":"Polygon","coordinates":[[[121.5287232,29.2194285],[121.5286535,29.2194683],[121.5285784,29.2194613],[121.528447,29.2194191],[121.5283343,29.2193934],[121.5282217,29.2193934],[121.5281036,29.2194168],[121.5279481,29.2194683],[121.5277496,29.2195385],[121.5277281,29.2195104],[121.527409,29.2185787],[121.5274572,29.2185179],[121.5276074,29.2184242],[121.5277576,29.2184102],[121.5284282,29.2183353],[121.528573,29.2183142],[121.5287125,29.2183142],[121.528793,29.2183587],[121.5288118,29.2184055],[121.528852,29.2186068],[121.5288305,29.2186653],[121.5288064,29.2187239],[121.5287876,29.2188152],[121.528742,29.2194051],[121.5287232,29.2194285]]]},"properties":{"osmId":1501169211,"kind":"water","name":null}},{"type":"Feature","geometry":{"type":"Polygon","coordinates":[[[121.5293214,29.219988],[121.5292355,29.2199763],[121.5291604,29.2199318],[121.5291309,29.2198709],[121.5291283,29.2197445],[121.5290853,29.2196649],[121.5290371,29.2196134],[121.5289405,29.2195666],[121.5288573,29.2195011],[121.5287849,29.2194261],[121.5287796,29.2192857],[121.528852,29.2186958],[121.5288949,29.2186536],[121.5289807,29.218656],[121.5291336,29.218656],[121.5292999,29.2186771],[121.5293938,29.2187168],[121.5294072,29.2187637],[121.5293536,29.2199786],[121.5293214,29.219988]]]},"properties":{"osmId":1501169212,"kind":"water","name":null}},{"type":"Feature","geometry":{"type":"Polygon","coordinates":[[[121.5274948,29.2204023],[121.5276584,29.2204444],[121.5282565,29.22051],[121.5283155,29.2205053],[121.528329,29.2204655],[121.5282914,29.2204234],[121.528286,29.2203414],[121.5282673,29.219899],[121.5283102,29.2198311],[121.5283343,29.2197469],[121.5283343,29.219679],[121.5282834,29.2194566],[121.5282109,29.2194472],[121.5281466,29.2194613],[121.5272266,29.2197586],[121.5271836,29.219782],[121.5271756,29.2198194],[121.5273258,29.2201237],[121.5273607,29.220215],[121.5274304,29.2203438],[121.5274626,29.2203836],[121.5274948,29.2204023]]]},"properties":{"osmId":1501169213,"kind":"water","name":null}},{"type":"Feature","geometry":{"type":"Polygon","coordinates":[[[121.5285194,29.221451],[121.527704,29.2210929],[121.5276611,29.221046],[121.5275538,29.2209922],[121.527409,29.2209126],[121.5273526,29.2208401],[121.5273419,29.2207698],[121.5273473,29.220709],[121.527425,29.2204538],[121.5274841,29.2204468],[121.5277094,29.2204983],[121.5278676,29.2205147],[121.5282485,29.2205498],[121.5283772,29.2205521],[121.5284497,29.2205638],[121.5285248,29.2206317],[121.5285623,29.2207675],[121.5285999,29.221224],[121.5285864,29.2214417],[121.5285569,29.2214557],[121.5285194,29.221451]]]},"properties":{"osmId":1501169214,"kind":"water","name":null}},{"type":"Feature","geometry":{"type":"Polygon","coordinates":[[[121.5290746,29.2217272],[121.5287769,29.2215891],[121.5287232,29.2215423],[121.5286964,29.2215025],[121.5286642,29.2214861],[121.5286213,29.221437],[121.5286294,29.2213152],[121.5286347,29.2210109],[121.5286159,29.2208073],[121.5285838,29.2205919],[121.5285113,29.2205217],[121.5283906,29.2204561],[121.5283477,29.2203929],[121.5283397,29.2203251],[121.528329,29.2199341],[121.5283611,29.2198686],[121.5283826,29.2198077],[121.5283853,29.2197211],[121.5283397,29.2194987],[121.5283746,29.2194636],[121.5284952,29.21948],[121.5287286,29.2195783],[121.5288278,29.2196743],[121.5288869,29.2197188],[121.5289351,29.2197913],[121.5289995,29.2199341],[121.52908,29.2200652],[121.5291014,29.2201916],[121.5291283,29.2203414],[121.5291309,29.2205638],[121.5291014,29.2207792],[121.529088,29.2210554],[121.5290934,29.2212638],[121.5290961,29.221437],[121.5291068,29.2217202],[121.5290746,29.2217272]]]},"properties":{"osmId":1501169215,"kind":"water","name":null}},{"type":"Feature","geometry":{"type":"Polygon","coordinates":[[[121.5300858,29.2172023],[121.5299624,29.2172069],[121.5298766,29.2172093],[121.5298283,29.2171812],[121.5298578,29.217125],[121.5298954,29.2171016],[121.5299678,29.2171273],[121.5300912,29.2171484],[121.5301394,29.2171508],[121.5301287,29.2171742],[121.5300858,29.2172023]]]},"properties":{"osmId":1501169216,"kind":"water","name":null}},{"type":"Feature","geometry":{"type":"Polygon","coordinates":[[[121.5297666,29.2171508],[121.5296191,29.2171765],[121.5291363,29.2172233],[121.5291041,29.217214],[121.5290719,29.2171859],[121.5290129,29.2171952],[121.5289754,29.2172163],[121.528919,29.217228],[121.5283397,29.2171905],[121.5283102,29.2171671],[121.528337,29.2168207],[121.5283585,29.2166779],[121.5284014,29.2166217],[121.5284792,29.2165983],[121.5287366,29.2166287],[121.5289351,29.21672],[121.5291417,29.2168441],[121.5292919,29.216912],[121.5294126,29.2169377],[121.5295923,29.2169518],[121.5297264,29.2170056],[121.529839,29.2170548],[121.5297666,29.2171508]]]},"properties":{"osmId":1501169217,"kind":"water","name":null}},{"type":"Feature","geometry":{"type":"Polygon","coordinates":[[[121.5288681,29.2177664],[121.5286374,29.2177524],[121.5283343,29.2177594],[121.5282941,29.217729],[121.5283102,29.2172538],[121.5283638,29.2172257],[121.5290397,29.2172772],[121.5291497,29.2172701],[121.5294474,29.2172327],[121.5297747,29.2171976],[121.5298229,29.2172327],[121.5298712,29.2172514],[121.5300724,29.2172514],[121.5301314,29.2172912],[121.5301582,29.2174036],[121.5301663,29.2176143],[121.530067,29.21764],[121.5294957,29.2176985],[121.5291899,29.2176728],[121.5290129,29.2176728],[121.5289512,29.2176985],[121.528911,29.217743],[121.5288681,29.2177664]]]},"properties":{"osmId":1501169218,"kind":"water","name":null}},{"type":"Feature","geometry":{"type":"Polygon","coordinates":[[[121.5299275,29.2186794],[121.5302494,29.2187028],[121.5303218,29.2186911],[121.5303487,29.2186232],[121.5303406,29.2184453],[121.5301958,29.2176798],[121.5301582,29.2176751],[121.5296137,29.2177266],[121.5291122,29.2177102],[121.5289915,29.2177219],[121.5289539,29.2177828],[121.5289593,29.2180637],[121.5289271,29.2183072],[121.5288708,29.2183727],[121.52886,29.2184242],[121.5288949,29.2185741],[121.5289593,29.2186115],[121.5291014,29.2186162],[121.5292677,29.2186256],[121.5294421,29.2186911],[121.5296701,29.2187215],[121.5297586,29.2186536],[121.5298417,29.2186326],[121.5299275,29.2186794]]]},"properties":{"osmId":1501169219,"kind":"water","name":null}},{"type":"Feature","geometry":{"type":"Polygon","coordinates":[[[121.5294662,29.2200324],[121.5294099,29.220002],[121.5293938,29.2199646],[121.5294555,29.2187496],[121.5295064,29.2187356],[121.5299329,29.2187871],[121.5303084,29.2188128],[121.5303433,29.2188526],[121.5305525,29.2200254],[121.530531,29.2200629],[121.5304559,29.2200769],[121.5294662,29.2200324]]]},"properties":{"osmId":1501169220,"kind":"water","name":null}},{"type":"Feature","geometry":{"type":"Polygon","coordinates":[[[121.530287,29.2222867],[121.5302011,29.2222539],[121.5301475,29.2221814],[121.5300268,29.2221322],[121.5298015,29.2220901],[121.529713,29.2220573],[121.5291551,29.221753],[121.5291363,29.2217062],[121.5291524,29.2212708],[121.529198,29.2212357],[121.5292972,29.2212286],[121.5306987,29.221279],[121.5307201,29.221327],[121.5307148,29.2214007],[121.5306826,29.2214651],[121.5306196,29.2215681],[121.5304935,29.2218443],[121.5303057,29.2222633],[121.530287,29.2222867]]]},"properties":{"osmId":1501169221,"kind":"water","name":null}},{"type":"Feature","geometry":{"type":"Polygon","coordinates":[[[121.5306973,29.221245],[121.5291873,29.2211888],[121.5291497,29.2211608],[121.5291765,29.2202244],[121.5292248,29.2201846],[121.5293428,29.2201682],[121.5304586,29.2202455],[121.5304935,29.2202712],[121.530515,29.2203649],[121.5305632,29.2207277],[121.5306598,29.2210086],[121.5307188,29.2211912],[121.5306973,29.221245]]]},"properties":{"osmId":1501169222,"kind":"water","name":null}},{"type":"Feature","geometry":{"type":"Polygon","coordinates":[[[121.5310916,29.2215985],[121.5314028,29.2214534],[121.5318722,29.2210975],[121.5322503,29.2206832],[121.532414,29.2204],[121.5325186,29.2200301],[121.5324837,29.2199341],[121.5324005,29.2199411],[121.5310916,29.2200324],[121.5308449,29.2200207],[121.530759,29.2200465],[121.530751,29.2200863],[121.5307805,29.2201495],[121.5307805,29.2202408],[121.5308073,29.2204234],[121.5309736,29.221025],[121.5310621,29.2213363],[121.5311399,29.2214276],[121.5311453,29.2214721],[121.5310943,29.2215236],[121.5310782,29.2215493],[121.5310916,29.2215985]]]},"properties":{"osmId":1501169224,"kind":"water","name":null}},{"type":"Feature","geometry":{"type":"Polygon","coordinates":[[[121.5308824,29.2199716],[121.5308368,29.2199458],[121.5307698,29.2195783],[121.5307885,29.2195268],[121.5308905,29.2194847],[121.5311426,29.21948],[121.5325722,29.219377],[121.5326017,29.2194004],[121.5325534,29.2198405],[121.5325266,29.2198779],[121.5324676,29.2198873],[121.5309522,29.2199809],[121.5308824,29.2199716]]]},"properties":{"osmId":1501169225,"kind":"water","name":null}},{"type":"Feature","geometry":{"type":"Polygon","coordinates":[[[121.5309334,29.2194215],[121.5308771,29.219391],[121.530861,29.2193489],[121.5307993,29.2189556],[121.5308449,29.2189228],[121.53254,29.2188011],[121.5325963,29.2188105],[121.5326178,29.2188573],[121.5326044,29.2193068],[121.5325642,29.2193349],[121.5317702,29.2193653],[121.5309817,29.2194238],[121.5309334,29.2194215]]]},"properties":{"osmId":1501169226,"kind":"water","name":null}},{"type":"Feature","geometry":{"type":"Polygon","coordinates":[[[121.5308127,29.2188503],[121.530751,29.2188105],[121.5307268,29.2187543],[121.5306866,29.2183048],[121.5307161,29.2182557],[121.53081,29.2182393],[121.5312794,29.2182253],[121.5320921,29.2181574],[121.5325722,29.2181316],[121.5326151,29.2181527],[121.5326205,29.2187168],[121.5325749,29.2187473],[121.530869,29.218862],[121.5308127,29.2188503]]]},"properties":{"osmId":1501169227,"kind":"water","name":null}},{"type":"Feature","geometry":{"type":"Polygon","coordinates":[[[121.5306625,29.2181855],[121.5306196,29.2181269],[121.5305954,29.2180333],[121.5305123,29.2176728],[121.5305337,29.2176119],[121.5305981,29.2175885],[121.5310621,29.2175745],[121.5317273,29.2175276],[121.5324461,29.2174668],[121.5325025,29.2174972],[121.5325883,29.2176751],[121.5326205,29.2180427],[121.5325829,29.2180754],[121.5307885,29.2181901],[121.5306866,29.2182018],[121.5306625,29.2181855]]]},"properties":{"osmId":1501169228,"kind":"water","name":null}},{"type":"Feature","geometry":{"type":"Polygon","coordinates":[[[121.5305257,29.21753],[121.5304828,29.217441],[121.5304989,29.2173825],[121.5305471,29.2171344],[121.5306544,29.2170056],[121.5307242,29.2168769],[121.5307564,29.2168347],[121.5308315,29.2168254],[121.5319714,29.2169471],[121.5321028,29.2170103],[121.5321511,29.2170688],[121.5323925,29.2173638],[121.5324086,29.2174059],[121.5323657,29.21742],[121.5311024,29.2175019],[121.5305954,29.2175417],[121.5305257,29.21753]]]},"properties":{"osmId":1501169229,"kind":"water","name":null}},{"type":"Feature","geometry":{"type":"Polygon","coordinates":[[[121.5496284,29.4533689],[121.5494943,29.452367],[121.5495157,29.4523296],[121.5514469,29.452117],[121.551522,29.4521264],[121.5514711,29.4521941],[121.5508032,29.4528154],[121.5506932,29.4529158],[121.5505967,29.4529392],[121.5505564,29.4529415],[121.5504625,29.452785],[121.5504384,29.4526963],[121.5504062,29.452374],[121.550374,29.4523763],[121.5504035,29.4526893],[121.5504384,29.4528084],[121.5502211,29.4528761],[121.5502828,29.4530303],[121.5504894,29.4529578],[121.5505028,29.4529952],[121.5504625,29.4530303],[121.5504518,29.453091],[121.5503955,29.453126],[121.5502775,29.4532007],[121.5502185,29.4532731],[121.5501782,29.4532872],[121.5500683,29.4532708],[121.5499127,29.4532988],[121.5496579,29.4533806],[121.5496284,29.4533689]]]},"properties":{"osmId":1508387091,"kind":"water","name":null}},{"type":"Feature","geometry":{"type":"Polygon","coordinates":[[[121.5498161,29.4536865],[121.5496847,29.4535955],[121.5496713,29.4535464],[121.5496391,29.453439],[121.5496847,29.4534156],[121.5498403,29.4533782],[121.5500012,29.4533129],[121.5501112,29.4533082],[121.5501595,29.4533339],[121.5501407,29.4533759],[121.5498751,29.4536679],[121.5498161,29.4536865]]]},"properties":{"osmId":1508387092,"kind":"water","name":null}},{"type":"Feature","geometry":{"type":"Polygon","coordinates":[[[121.5495479,29.4533619],[121.5492475,29.4533526],[121.5491295,29.4533666],[121.5488237,29.4534833],[121.5487325,29.4534763],[121.5487084,29.4534343],[121.5486091,29.452423],[121.5486601,29.4524067],[121.5494058,29.4523459],[121.549446,29.4523693],[121.5495694,29.4533222],[121.5495479,29.4533619]]]},"properties":{"osmId":1508387093,"kind":"water","name":null}},{"type":"Feature","geometry":{"type":"Polygon","coordinates":[[[121.5518385,29.4507274],[121.551801,29.4506783],[121.5516829,29.4496845],[121.5517406,29.4496506],[121.5525426,29.4495911],[121.5525936,29.4496249],[121.5527089,29.449834],[121.5527357,29.4499438],[121.5526848,29.4500886],[121.5525292,29.4504646],[121.5524796,29.450662],[121.5524527,29.4506842],[121.5518385,29.4507274]]]},"properties":{"osmId":1508387094,"kind":"water","name":null}},{"type":"Feature","geometry":{"type":"Polygon","coordinates":[[[121.5505055,29.4508476],[121.5504478,29.4508185],[121.550429,29.4507682],[121.5503405,29.4497966],[121.5503633,29.4497721],[121.5515609,29.449653],[121.5516226,29.4496892],[121.551632,29.4497546],[121.5517487,29.450704],[121.5517004,29.4507367],[121.5505055,29.4508476]]]},"properties":{"osmId":1508387095,"kind":"water","name":null}},{"type":"Feature","geometry":{"type":"Polygon","coordinates":[[[121.5514804,29.4517819],[121.5514335,29.4517188],[121.5514174,29.4516663],[121.5513638,29.4508383],[121.5513799,29.4508231],[121.5524112,29.4507449],[121.5524527,29.4507577],[121.5524581,29.4507963],[121.5523723,29.4512272],[121.5523159,29.4513183],[121.5519699,29.4516791],[121.5518653,29.451734],[121.5514804,29.4517819]]]},"properties":{"osmId":1508387096,"kind":"water","name":null}},{"type":"Feature","geometry":{"type":"Polygon","coordinates":[[[121.5506624,29.4518882],[121.5505752,29.4518636],[121.5505537,29.4518274],[121.5504706,29.4509598],[121.5504974,29.4509189],[121.5505779,29.4508967],[121.55129,29.4508336],[121.5513141,29.4508605],[121.5513825,29.451755],[121.5513758,29.4517936],[121.5506624,29.4518882]]]},"properties":{"osmId":1508387097,"kind":"water","name":null}},{"type":"Feature","geometry":{"type":"Polygon","coordinates":[[[121.5514281,29.4496039],[121.551396,29.4495292],[121.5512779,29.4485926],[121.5513021,29.4485646],[121.5519243,29.4485179],[121.5519646,29.4485552],[121.5525144,29.4494871],[121.5524393,29.4495198],[121.5514684,29.4496109],[121.5514281,29.4496039]]]},"properties":{"osmId":1508387098,"kind":"water","name":null}},{"type":"Feature","geometry":{"type":"Polygon","coordinates":[[[121.5503633,29.4497277],[121.5513316,29.449625],[121.5513423,29.4495712],[121.5512001,29.4485786],[121.551109,29.4485669],[121.5502265,29.448651],[121.5502104,29.448714],[121.5503177,29.449695],[121.5503633,29.4497277]]]},"properties":{"osmId":1508387099,"kind":"water","name":null}},{"type":"Feature","geometry":{"type":"Polygon","coordinates":[[[121.5501997,29.4485506],[121.5501031,29.4475579],[121.5501487,29.4475112],[121.5515381,29.4473804],[121.5515757,29.4474224],[121.5519002,29.4484104],[121.5518519,29.4484478],[121.5502802,29.4485926],[121.5501997,29.4485506]]]},"properties":{"osmId":1508387100,"kind":"water","name":null}},{"type":"Feature","geometry":{"type":"Polygon","coordinates":[[[121.5500843,29.4473921],[121.5499717,29.4464321],[121.5500119,29.4463947],[121.5510258,29.4463106],[121.5511814,29.4463317],[121.5512833,29.4464438],[121.551396,29.4469273],[121.5515193,29.4472916],[121.5514925,29.447322],[121.550146,29.4474575],[121.5500843,29.4473921]]]},"properties":{"osmId":1508387101,"kind":"water","name":null}},{"type":"Feature","geometry":{"type":"Polygon","coordinates":[[[121.5499583,29.4463153],[121.549859,29.4453109],[121.5499181,29.4452619],[121.5510499,29.4451591],[121.5510929,29.4452012],[121.5511706,29.4461191],[121.5511358,29.4461962],[121.5499771,29.4463363],[121.5499583,29.4463153]]]},"properties":{"osmId":1508387102,"kind":"water","name":null}},{"type":"Feature","geometry":{"type":"Polygon","coordinates":[[[121.5499073,29.4452082],[121.5498295,29.4451615],[121.5497115,29.4442038],[121.5497813,29.4441407],[121.5508944,29.4440403],[121.5509346,29.4440917],[121.551058,29.445082],[121.5509775,29.4451124],[121.5499073,29.4452082]]]},"properties":{"osmId":1508387103,"kind":"water","name":null}},{"type":"Feature","geometry":{"type":"Polygon","coordinates":[[[121.5497625,29.444094],[121.5496981,29.444038],[121.5495801,29.4430476],[121.5496257,29.4430149],[121.5507361,29.4429051],[121.5507817,29.4429401],[121.5508917,29.4439562],[121.550822,29.4439912],[121.5497625,29.444094]]]},"properties":{"osmId":1508387104,"kind":"water","name":null}},{"type":"Feature","geometry":{"type":"Polygon","coordinates":[[[121.5496096,29.4429612],[121.5495479,29.4429191],[121.549454,29.4419381],[121.5495184,29.441896],[121.5506262,29.4417979],[121.550661,29.441833],[121.550771,29.4428187],[121.5507174,29.442849],[121.5496096,29.4429612]]]},"properties":{"osmId":1508387105,"kind":"water","name":null}},{"type":"Feature","geometry":{"type":"Polygon","coordinates":[[[121.5494433,29.4418423],[121.5493226,29.4407982],[121.5493843,29.4407585],[121.5504706,29.4406767],[121.5505135,29.4407375],[121.5506396,29.4417232],[121.5505993,29.4417465],[121.5494835,29.4418517],[121.5494433,29.4418423]]]},"properties":{"osmId":1508387106,"kind":"water","name":null}},{"type":"Feature","geometry":{"type":"Polygon","coordinates":[[[121.5493548,29.4407164],[121.5493119,29.4406534],[121.5491751,29.4397003],[121.5492153,29.4396723],[121.5503123,29.4395485],[121.550366,29.4395859],[121.5505028,29.440588],[121.5504625,29.4406253],[121.5493548,29.4407164]]]},"properties":{"osmId":1508387107,"kind":"water","name":null}},{"type":"Feature","geometry":{"type":"Polygon","coordinates":[[[121.5505806,29.4394878],[121.5505215,29.4394551],[121.550492,29.4393593],[121.550484,29.4391491],[121.5505323,29.4391234],[121.5513316,29.439051],[121.5513638,29.4390883],[121.5513745,29.4393943],[121.5513316,29.4394154],[121.5505806,29.4394878]]]},"properties":{"osmId":1508387108,"kind":"water","name":null}},{"type":"Feature","geometry":{"type":"Polygon","coordinates":[[[121.5505028,29.4391],[121.5504572,29.4390767],[121.5504411,29.4390253],[121.5503928,29.4384226],[121.5504384,29.4383993],[121.5516964,29.4382941],[121.5517768,29.4383245],[121.5517902,29.4384273],[121.5517178,29.4385745],[121.5515703,29.4387029],[121.5514067,29.4387964],[121.5513825,29.4388921],[121.5513504,29.4389926],[121.5512887,29.4390136],[121.5505028,29.4391]]]},"properties":{"osmId":1508387109,"kind":"water","name":null}},{"type":"Feature","geometry":{"type":"Polygon","coordinates":[[[121.5498322,29.4395322],[121.5497383,29.438752],[121.5497705,29.4387263],[121.5502077,29.4386772],[121.550256,29.4387006],[121.5503526,29.4394831],[121.550315,29.4394995],[121.549859,29.4395415],[121.5498322,29.4395322]]]},"properties":{"osmId":1508387110,"kind":"water","name":null}},{"type":"Feature","geometry":{"type":"Polygon","coordinates":[[[121.5471956,29.4399071],[121.5471742,29.4398896],[121.5471688,29.4398312],[121.5472063,29.4398101],[121.5475363,29.4397284],[121.5479131,29.4396151],[121.5481424,29.43958],[121.548939,29.4395065],[121.5490624,29.4395053],[121.5491,29.4395287],[121.5491509,29.4398522],[121.5492019,29.4402656],[121.5494245,29.4420782],[121.5496311,29.444038],[121.5498483,29.4456122],[121.5499932,29.4469576],[121.5500227,29.4474061],[121.5501353,29.4485015],[121.550256,29.4495479],[121.5502721,29.4497044],[121.550315,29.4498702],[121.550484,29.4518882],[121.5505269,29.4519255],[121.551868,29.4517737],[121.5519834,29.45172],[121.552332,29.4513346],[121.5524152,29.4513043],[121.552619,29.4513533],[121.5526566,29.4514164],[121.552552,29.4515495],[121.5520826,29.4519045],[121.5518144,29.452047],[121.5517205,29.452103],[121.5515971,29.4520727],[121.5514657,29.4520657],[121.5486225,29.4523506],[121.5485635,29.4523179],[121.5485555,29.4521754],[121.5486091,29.4521427],[121.5503311,29.4519489],[121.550374,29.4519115],[121.5503794,29.4518508],[121.5502131,29.4502345],[121.5492743,29.441882],[121.5490168,29.4397167],[121.5489793,29.4396163],[121.5488988,29.4396022],[121.5482926,29.439649],[121.5478823,29.439712],[121.5471956,29.4399071]]]},"properties":{"osmId":1508387111,"kind":"water","name":null}},{"type":"Feature","geometry":{"type":"Polygon","coordinates":[[[121.5490517,29.4387158],[121.5490343,29.4385196],[121.5490638,29.4385079],[121.5501957,29.4384086],[121.5502278,29.4384308],[121.5502332,29.4386037],[121.5502037,29.4386118],[121.5496458,29.4386737],[121.5496351,29.4387029],[121.5496391,29.4387765],[121.5496793,29.4388372],[121.549686,29.4389143],[121.5497504,29.4394095],[121.5497652,29.4395368],[121.5497075,29.4395602],[121.5491737,29.4396034],[121.5491496,29.4395707],[121.5491255,29.4394866],[121.5490691,29.4394703],[121.5490316,29.4394633],[121.5490423,29.4394095],[121.5491013,29.4392729],[121.5491121,29.4391853],[121.5490906,29.4390089],[121.5490638,29.4387975],[121.5490893,29.4387788],[121.5491268,29.4387753],[121.5491201,29.4387204],[121.5490718,29.4387239],[121.5490517,29.4387158]]]},"properties":{"osmId":1508387112,"kind":"water","name":null}},{"type":"Feature","geometry":{"type":"Polygon","coordinates":[[[121.5490852,29.4384401],[121.5490517,29.4384121],[121.5490477,29.4383432],[121.5490182,29.4382311],[121.5489967,29.4377802],[121.5490235,29.4377522],[121.549053,29.4377487],[121.550142,29.4380057],[121.5501755,29.4380302],[121.550193,29.4382836],[121.5501407,29.4383339],[121.5500723,29.4383455],[121.5490852,29.4384401]]]},"properties":{"osmId":1508387113,"kind":"water","name":null}},{"type":"Feature","geometry":{"type":"Polygon","coordinates":[[[121.5499744,29.4369183],[121.5493239,29.4367267],[121.5492515,29.4366835],[121.5492703,29.4366613],[121.5495801,29.4362981],[121.5496807,29.4362175],[121.5498175,29.4361358],[121.5498631,29.4361299],[121.5499261,29.4361603],[121.5499422,29.4362012],[121.5500401,29.4368529],[121.5500294,29.4368926],[121.5499744,29.4369183]]]},"properties":{"osmId":1508387114,"kind":"water","name":null}},{"type":"Feature","geometry":{"type":"Polygon","coordinates":[[[121.5480874,29.4385382],[121.5478836,29.4383362],[121.5478756,29.4383012],[121.5484066,29.4376705],[121.5484938,29.4376424],[121.5487365,29.437709],[121.5487634,29.4377569],[121.548809,29.4384285],[121.5487768,29.4384553],[121.548133,29.4385359],[121.5480874,29.4385382]]]},"properties":{"osmId":1508387115,"kind":"water","name":null}},{"type":"Feature","geometry":{"type":"Polygon","coordinates":[[[121.5500736,29.4379297],[121.5489605,29.4376635],[121.5489256,29.4376891],[121.5489364,29.4378527],[121.5489739,29.4383736],[121.5489578,29.4384974],[121.5489793,29.4386188],[121.5490437,29.4392051],[121.5490383,29.4392892],[121.548982,29.4394621],[121.5489283,29.4394808],[121.5488693,29.4394574],[121.5489042,29.439364],[121.5489417,29.4392612],[121.5489605,29.4391327],[121.5488666,29.43846],[121.5488344,29.4377651],[121.5488465,29.4376728],[121.5488318,29.4376424],[121.5485528,29.4375677],[121.5485568,29.4375245],[121.5487298,29.4372874],[121.5491442,29.4367922],[121.5492059,29.4367478],[121.5492475,29.4367513],[121.5493374,29.4367968],[121.5499838,29.436979],[121.5500307,29.4370211],[121.5500401,29.4370725],[121.5500642,29.437271],[121.5500857,29.4374193],[121.5501286,29.43782],[121.5501447,29.4378842],[121.5501165,29.4379192],[121.5500736,29.4379297]]]},"properties":{"osmId":1508387116,"kind":"water","name":null}},{"type":"Feature","geometry":{"type":"Polygon","coordinates":[[[121.5472224,29.439524],[121.5471889,29.4395123],[121.5471862,29.4394784],[121.5471768,29.4393616],[121.5471326,29.4393196],[121.5471058,29.4392624],[121.547142,29.4391748],[121.5477897,29.4384215],[121.5478246,29.4384191],[121.5479064,29.4384577],[121.5479721,29.4385324],[121.5479574,29.4385768],[121.5478206,29.4387847],[121.5476663,29.4389856],[121.5473244,29.4394049],[121.5472318,29.4395146],[121.5472224,29.439524]]]},"properties":{"osmId":1508387117,"kind":"water","name":null}},{"type":"Feature","geometry":{"type":"Polygon","coordinates":[[[121.5472037,29.4397844],[121.5471607,29.4397471],[121.5471527,29.4396606],[121.5472385,29.4396116],[121.5475202,29.4392939],[121.5478608,29.4388524],[121.5479895,29.4386585],[121.548062,29.4386188],[121.5487862,29.4385464],[121.5488344,29.4385768],[121.5489015,29.4392425],[121.5488157,29.4394784],[121.5487647,29.4395018],[121.5479413,29.4395649],[121.5477562,29.4396233],[121.5472037,29.4397844]]]},"properties":{"osmId":1508387118,"kind":"water","name":null}},{"type":"Feature","geometry":{"type":"Polygon","coordinates":[[[121.548121,29.4408379],[121.548066,29.4408145],[121.5480566,29.4407772],[121.5479426,29.4398533],[121.5479466,29.4398078],[121.548003,29.4397844],[121.5488264,29.4396852],[121.5489337,29.4396863],[121.5489578,29.4397085],[121.5490463,29.4404922],[121.5490852,29.4407059],[121.5490638,29.4407608],[121.5490088,29.440769],[121.548121,29.4408379]]]},"properties":{"osmId":1508387119,"kind":"water","name":null}},{"type":"Feature","geometry":{"type":"Polygon","coordinates":[[[121.5473606,29.4409197],[121.5473002,29.4407982],[121.5471876,29.4400005],[121.5472157,29.4399748],[121.5477924,29.4398043],[121.5478608,29.4397973],[121.5478836,29.439823],[121.5479292,29.4401138],[121.5480083,29.4408169],[121.5479922,29.4408519],[121.5473606,29.4409197]]]},"properties":{"osmId":1508387120,"kind":"water","name":null}},{"type":"Feature","geometry":{"type":"Polygon","coordinates":[[[121.5474008,29.4414826],[121.5473458,29.4414114],[121.5473096,29.4409851],[121.5473606,29.4409652],[121.5490718,29.4408204],[121.5490893,29.4408356],[121.5491281,29.4413144],[121.5490986,29.4413296],[121.5474008,29.4414826]]]},"properties":{"osmId":1508387121,"kind":"water","name":null}},{"type":"Feature","geometry":{"type":"Polygon","coordinates":[[[121.5474907,29.442035],[121.5474223,29.4419544],[121.5473592,29.4415562],[121.5473995,29.4415387],[121.5487553,29.441402],[121.5491094,29.4413681],[121.5491469,29.4413868],[121.5492046,29.4418446],[121.5491295,29.4418844],[121.5474907,29.442035]]]},"properties":{"osmId":1508387122,"kind":"water","name":null}},{"type":"Feature","geometry":{"type":"Polygon","coordinates":[[[121.5483825,29.4430803],[121.5483463,29.4430569],[121.5482108,29.4420747],[121.5482309,29.4420327],[121.5491509,29.4419591],[121.5492126,29.4419918],[121.5492274,29.4420514],[121.5493293,29.4429693],[121.5492851,29.4429927],[121.5487687,29.4430347],[121.5483825,29.4430803]]]},"properties":{"osmId":1508387123,"kind":"water","name":null}},{"type":"Feature","geometry":{"type":"Polygon","coordinates":[[[121.5475684,29.4431504],[121.5474518,29.442153],[121.5474732,29.4421343],[121.548129,29.442049],[121.5481706,29.4420665],[121.5482873,29.4430639],[121.5482537,29.4430873],[121.5475939,29.4431504],[121.5475684,29.4431504]]]},"properties":{"osmId":1508387124,"kind":"water","name":null}},{"type":"Feature","geometry":{"type":"Polygon","coordinates":[[[121.5489337,29.4475626],[121.5489015,29.4475275],[121.5487781,29.4465185],[121.548813,29.4464835],[121.5497196,29.4463994],[121.5497625,29.4465232],[121.549851,29.4474621],[121.5498,29.4474831],[121.5489337,29.4475626]]]},"properties":{"osmId":1508387126,"kind":"water","name":null}},{"type":"Feature","geometry":{"type":"Polygon","coordinates":[[[121.5481129,29.4476443],[121.5480673,29.4475509],[121.5479413,29.4465956],[121.5479627,29.4465746],[121.548703,29.4465162],[121.5487245,29.4465512],[121.5488532,29.4475485],[121.5488157,29.4475836],[121.5481129,29.4476443]]]},"properties":{"osmId":1508387127,"kind":"water","name":null}},{"type":"Feature","geometry":{"type":"Polygon","coordinates":[[[121.5482631,29.4487865],[121.5482095,29.4487327],[121.5481827,29.4486603],[121.5481666,29.4485926],[121.5481022,29.4479409],[121.5481451,29.4479036],[121.5481639,29.4478008],[121.5481585,29.4477144],[121.5488318,29.4476303],[121.5488693,29.4476747],[121.5489981,29.4486767],[121.5489793,29.4487117],[121.5482631,29.4487865]]]},"properties":{"osmId":1508387128,"kind":"water","name":null}},{"type":"Feature","geometry":{"type":"Polygon","coordinates":[[[121.5490785,29.448707],[121.5490437,29.448658],[121.5489149,29.4476607],[121.5489471,29.4476256],[121.549792,29.4475392],[121.5498483,29.4475626],[121.5498671,29.4476233],[121.549969,29.4485926],[121.5499261,29.4486113],[121.5490785,29.448707]]]},"properties":{"osmId":1508387129,"kind":"water","name":null}},{"type":"Feature","geometry":{"type":"Polygon","coordinates":[[[121.5491885,29.4498188],[121.5490624,29.4487748],[121.5491027,29.4487491],[121.5499315,29.448672],[121.5499797,29.4487047],[121.5500736,29.4497254],[121.5500173,29.4497534],[121.5491885,29.4498188]]]},"properties":{"osmId":1508387130,"kind":"water","name":null}},{"type":"Feature","geometry":{"type":"Polygon","coordinates":[[[121.5476865,29.4442902],[121.5475979,29.4432228],[121.5476784,29.4432017],[121.5493172,29.4430476],[121.5493548,29.4430663],[121.5494648,29.444087],[121.5494165,29.4441104],[121.5476865,29.4442902]]]},"properties":{"osmId":1508387131,"kind":"water","name":null}},{"type":"Feature","geometry":{"type":"Polygon","coordinates":[[[121.5487835,29.4464251],[121.5486574,29.4453927],[121.5486896,29.445374],[121.5495828,29.4452946],[121.5496257,29.4453343],[121.549741,29.4463387],[121.5497115,29.446369],[121.5488049,29.4464438],[121.5487835,29.4464251]]]},"properties":{"osmId":1508387132,"kind":"water","name":null}},{"type":"Feature","geometry":{"type":"Polygon","coordinates":[[[121.5479332,29.4465138],[121.5478098,29.4454838],[121.5478501,29.4454651],[121.5485957,29.445388],[121.5486172,29.445416],[121.5487379,29.4464297],[121.5487003,29.4464554],[121.5479627,29.4465325],[121.5479332,29.4465138]]]},"properties":{"osmId":1508387133,"kind":"water","name":null}},{"type":"Feature","geometry":{"type":"Polygon","coordinates":[[[121.5478286,29.4454067],[121.5476945,29.444372],[121.5477186,29.4443486],[121.5494755,29.4441688],[121.5495077,29.4442131],[121.5496176,29.4452082],[121.5495747,29.4452292],[121.5478286,29.4454067]]]},"properties":{"osmId":1508387134,"kind":"water","name":null}},{"type":"Feature","geometry":{"type":"Polygon","coordinates":[[[121.5665665,29.4540555],[121.5664887,29.4533923],[121.566537,29.4533724],[121.5669018,29.4532416],[121.5671875,29.453154],[121.5675724,29.4531237],[121.567854,29.4531307],[121.5679841,29.4531622],[121.5681946,29.4530851],[121.5682402,29.4530991],[121.568196,29.4531937],[121.5679975,29.4533222],[121.5677373,29.4533444],[121.5675066,29.4533514],[121.5673417,29.4534004],[121.5671834,29.4534612],[121.5671083,29.4535487],[121.5670507,29.4537041],[121.5669474,29.453843],[121.5667959,29.45401],[121.5667208,29.4540649],[121.5666564,29.4540696],[121.5665665,29.4540555]]]},"properties":{"osmId":1508387135,"kind":"water","name":"雪岩头水库"}},{"type":"Feature","geometry":{"type":"Polygon","coordinates":[[[121.5638334,29.4501318],[121.5635115,29.4499449],[121.563423,29.4498515],[121.5634257,29.4497955],[121.5638494,29.449319],[121.5639862,29.4493517],[121.5641579,29.4494778],[121.5641794,29.4496273],[121.5640318,29.4498048],[121.5639245,29.4498959],[121.5638602,29.4500197],[121.5638709,29.4500851],[121.5638334,29.4501318]]]},"properties":{"osmId":1508387136,"kind":"water","name":"岙里坑水库"}},{"type":"Feature","geometry":{"type":"Polygon","coordinates":[[[121.5483409,29.4498889],[121.5483007,29.4498001],[121.5481988,29.4488635],[121.5482309,29.4488425],[121.5489954,29.4487538],[121.5490195,29.4487748],[121.5491402,29.4498188],[121.5491,29.4498422],[121.5483409,29.4498889]]]},"properties":{"osmId":1508387137,"kind":"water","name":null}},{"type":"Feature","geometry":{"type":"Polygon","coordinates":[[[121.5493253,29.4509422],[121.5492019,29.4498865],[121.5492448,29.4498772],[121.5500709,29.4497955],[121.5501085,29.4498305],[121.5502104,29.4508465],[121.5501836,29.4508722],[121.5493521,29.4509563],[121.5493253,29.4509422]]]},"properties":{"osmId":1508387138,"kind":"water","name":null}},{"type":"Feature","geometry":{"type":"Polygon","coordinates":[[[121.5484777,29.4510403],[121.5492609,29.4509586],[121.5492743,29.4509189],[121.5491509,29.4499006],[121.5491241,29.4498842],[121.5483436,29.4499496],[121.5483168,29.4499776],[121.5484294,29.4509422],[121.5484562,29.4509609],[121.5484777,29.4510403]]]},"properties":{"osmId":1508387139,"kind":"water","name":null}},{"type":"Feature","geometry":{"type":"Polygon","coordinates":[[[121.5486413,29.4521054],[121.5485528,29.4520096],[121.5485287,29.4519536],[121.5484348,29.4511104],[121.5484643,29.4510917],[121.5501943,29.4509306],[121.5502319,29.4509726],[121.5503204,29.4518741],[121.5502962,29.4519138],[121.5486413,29.4521054]]]},"properties":{"osmId":1508387140,"kind":"water","name":null}},{"type":"Feature","geometry":{"type":"Polygon","coordinates":[[[121.5452912,29.4434143],[121.5453932,29.4433886],[121.5454629,29.4434236],[121.5464419,29.4519209],[121.5465304,29.4521591],[121.546855,29.4522805],[121.547083,29.4522945],[121.5480217,29.4521941],[121.5481666,29.4521894],[121.5484455,29.4521801],[121.5484831,29.4522268],[121.5485528,29.4525865],[121.5484509,29.4525935],[121.5482256,29.452444],[121.5480834,29.452416],[121.5478313,29.4524347],[121.5475067,29.4525304],[121.54726,29.4527009],[121.547142,29.452715],[121.5467396,29.4526496],[121.5463936,29.4526355],[121.5462381,29.4526752],[121.5461549,29.452771],[121.546053,29.4532965],[121.5460476,29.4534763],[121.5459403,29.4535324],[121.5444973,29.4535324],[121.5443927,29.453495],[121.5440387,29.4532848],[121.5440869,29.4531517],[121.5441379,29.4529602],[121.544044,29.4527757],[121.5440789,29.452736],[121.5443498,29.4526215],[121.5443417,29.4525281],[121.5442452,29.452381],[121.5442988,29.4523319],[121.5444678,29.4522618],[121.5446207,29.45211],[121.5446743,29.4521264],[121.5447843,29.4522128],[121.5449694,29.4522338],[121.5458679,29.4521661],[121.5462139,29.4519606],[121.5462702,29.4518344],[121.5460959,29.4503677],[121.5456641,29.4465395],[121.5452912,29.4434143]]]},"properties":{"osmId":1508387141,"kind":"water","name":null}},{"type":"Feature","geometry":{"type":"Polygon","coordinates":[[[121.5483704,29.4537076],[121.5478957,29.4535814],[121.5473834,29.4533899],[121.5471902,29.4532778],[121.5471715,29.4532101],[121.5472117,29.4529415],[121.5472466,29.4528037],[121.5473968,29.4526963],[121.5476435,29.4525725],[121.5479627,29.4524931],[121.5481076,29.4525024],[121.5483409,29.4526239],[121.5485072,29.4527266],[121.5485421,29.452792],[121.5486225,29.4536165],[121.5485877,29.4536655],[121.5484455,29.4537192],[121.5483704,29.4537076]]]},"properties":{"osmId":1508387142,"kind":"water","name":null}},{"type":"Feature","geometry":{"type":"Polygon","coordinates":[[[121.5466243,29.4535721],[121.546163,29.4535814],[121.5461361,29.4535301],[121.54612,29.4533058],[121.5461495,29.4531867],[121.5463185,29.4527453],[121.546407,29.4527103],[121.5468416,29.452729],[121.5470293,29.45275],[121.5471607,29.4528014],[121.5471554,29.4528854],[121.5470856,29.4532194],[121.5469944,29.4533035],[121.5468067,29.4533899],[121.5466967,29.453502],[121.5466726,29.4535487],[121.5466243,29.4535721]]]},"properties":{"osmId":1508387143,"kind":"water","name":null}},{"type":"Feature","geometry":{"type":"Polygon","coordinates":[[[121.5447146,29.4521217],[121.5445188,29.4514678],[121.5445536,29.4514374],[121.5461066,29.4512973],[121.5461281,29.451337],[121.5461871,29.4517854],[121.5461656,29.4518228],[121.5455916,29.4521497],[121.5455058,29.4521684],[121.5448514,29.4521801],[121.5447146,29.4521217]]]},"properties":{"osmId":1508387144,"kind":"water","name":null}},{"type":"Feature","geometry":{"type":"Polygon","coordinates":[[[121.5445429,29.451379],[121.5444812,29.4512646],[121.5444168,29.4503467],[121.5444973,29.4503233],[121.5459618,29.4501808],[121.5459967,29.4502135],[121.546104,29.4512155],[121.5460798,29.4512529],[121.5445429,29.451379]]]},"properties":{"osmId":1508387145,"kind":"water","name":null}},{"type":"Feature","geometry":{"type":"Polygon","coordinates":[[[121.5444168,29.4502649],[121.5443203,29.4492139],[121.54439,29.4491905],[121.5458545,29.449041],[121.5458813,29.4490784],[121.5459779,29.4501061],[121.5459189,29.4501388],[121.5444571,29.4502766],[121.5444168,29.4502649]]]},"properties":{"osmId":1508387146,"kind":"water","name":null}},{"type":"Feature","geometry":{"type":"Polygon","coordinates":[[[121.5443256,29.4491368],[121.5442425,29.4481418],[121.54428,29.4480998],[121.5456372,29.4479456],[121.5457445,29.447962],[121.5457579,29.4479923],[121.5458679,29.4489897],[121.5458411,29.449006],[121.5443605,29.4491508],[121.5443256,29.4491368]]]},"properties":{"osmId":1508387147,"kind":"water","name":null}},{"type":"Feature","geometry":{"type":"Polygon","coordinates":[[[121.5442693,29.4480554],[121.545715,29.4479012],[121.5457365,29.4478709],[121.5456077,29.4468315],[121.5455756,29.4468128],[121.544264,29.4469343],[121.5442076,29.446967],[121.5442023,29.4470324],[121.5442559,29.4480133],[121.5442693,29.4480554]]]},"properties":{"osmId":1508387148,"kind":"water","name":null}},{"type":"Feature","geometry":{"type":"Polygon","coordinates":[[[121.5442264,29.4468875],[121.5455796,29.4467614],[121.5455957,29.4467369],[121.5454777,29.4456928],[121.5454414,29.4456765],[121.5441889,29.4458061],[121.5441433,29.4458271],[121.5441285,29.445875],[121.5441862,29.4466388],[121.5442063,29.4466785],[121.5442264,29.4468875]]]},"properties":{"osmId":1508387149,"kind":"water","name":null}},{"type":"Feature","geometry":{"type":"Polygon","coordinates":[[[121.5441701,29.4457571],[121.5444678,29.4457337],[121.5454575,29.4456286],[121.5454683,29.4455924],[121.545357,29.4445822],[121.5453288,29.4445658],[121.5441607,29.4446698],[121.5440936,29.4446978],[121.5440802,29.4447644],[121.5441258,29.4455585],[121.5441406,29.4456812],[121.5441674,29.4457033],[121.5441701,29.4457571]]]},"properties":{"osmId":1508387150,"kind":"water","name":null}},{"type":"Feature","geometry":{"type":"Polygon","coordinates":[[[121.5441218,29.4446231],[121.5453073,29.4445109],[121.5453503,29.4444888],[121.5453516,29.4444526],[121.5452363,29.4434692],[121.5452068,29.4434388],[121.5451638,29.443433],[121.5442546,29.4435124],[121.5442197,29.4435428],[121.5440574,29.4437553],[121.5440319,29.4438639],[121.5440708,29.4444561],[121.5441084,29.4445565],[121.5441218,29.4446231]]]},"properties":{"osmId":1508387151,"kind":"water","name":null}},{"type":"Feature","geometry":{"type":"Polygon","coordinates":[[[121.5456963,29.4450307],[121.545648,29.4445542],[121.5456748,29.4445355],[121.5472198,29.444386],[121.5472627,29.444435],[121.5473056,29.4445915],[121.5473324,29.4448531],[121.5472814,29.4448812],[121.5457284,29.4450447],[121.5456963,29.4450307]]]},"properties":{"osmId":1508387152,"kind":"water","name":null}},{"type":"Feature","geometry":{"type":"Polygon","coordinates":[[[121.5464929,29.444379],[121.5463695,29.4433349],[121.5464017,29.4433092],[121.5471232,29.4432415],[121.5471661,29.4432812],[121.5472707,29.4442762],[121.5472466,29.4443229],[121.5464929,29.444379]]]},"properties":{"osmId":1508387153,"kind":"water","name":null}},{"type":"Feature","geometry":{"type":"Polygon","coordinates":[[[121.5456372,29.444435],[121.5455246,29.443412],[121.5455648,29.4433933],[121.5463051,29.4433232],[121.5464419,29.4443743],[121.5464151,29.4444047],[121.5456936,29.4444817],[121.5456372,29.444435]]]},"properties":{"osmId":1508387154,"kind":"water","name":null}},{"type":"Feature","geometry":{"type":"Polygon","coordinates":[[[121.5457673,29.4455994],[121.5457083,29.4450996],[121.5457459,29.4450739],[121.5472975,29.4449115],[121.5473404,29.4449419],[121.5473968,29.4454254],[121.5473592,29.4454441],[121.5457673,29.4455994]]]},"properties":{"osmId":1508387155,"kind":"water","name":null}},{"type":"Feature","geometry":{"type":"Polygon","coordinates":[[[121.5459189,29.4467334],[121.5458813,29.4466773],[121.5457767,29.4456636],[121.5458062,29.4456286],[121.5473565,29.4454931],[121.5473968,29.4455352],[121.5475175,29.4465255],[121.547496,29.4465652],[121.5459189,29.4467334]]]},"properties":{"osmId":1508387156,"kind":"water","name":null}},{"type":"Feature","geometry":{"type":"Polygon","coordinates":[[[121.5468737,29.4477634],[121.5468523,29.4477401],[121.546737,29.4467708],[121.5467423,29.4467077],[121.5467852,29.446696],[121.5474665,29.446633],[121.5475443,29.446696],[121.5475711,29.4468105],[121.5476435,29.4476513],[121.5475953,29.447677],[121.5468737,29.4477634]]]},"properties":{"osmId":1508387157,"kind":"water","name":null}},{"type":"Feature","geometry":{"type":"Polygon","coordinates":[[[121.5460718,29.4478522],[121.5460288,29.4478265],[121.5460074,29.4477681],[121.5458974,29.4467918],[121.545935,29.4467731],[121.5466726,29.4467054],[121.5466914,29.4467497],[121.546804,29.4477447],[121.5467772,29.4477845],[121.5460718,29.4478522]]]},"properties":{"osmId":1508387158,"kind":"water","name":null}},{"type":"Feature","geometry":{"type":"Polygon","coordinates":[[[121.5469676,29.4488799],[121.5468389,29.4478335],[121.5468791,29.4478101],[121.5469918,29.4478125],[121.5476328,29.4477307],[121.5476865,29.4477611],[121.5477723,29.4487958],[121.5477401,29.4488145],[121.5469971,29.4488986],[121.5469676,29.4488799]]]},"properties":{"osmId":1508387159,"kind":"water","name":null}},{"type":"Feature","geometry":{"type":"Polygon","coordinates":[[[121.5461522,29.4489359],[121.5460262,29.4479176],[121.5460691,29.4478942],[121.5467826,29.4478148],[121.5468067,29.4478499],[121.546922,29.4488682],[121.5469032,29.4488916],[121.5462059,29.4489593],[121.5461522,29.4489359]]]},"properties":{"osmId":1508387160,"kind":"water","name":null}},{"type":"Feature","geometry":{"type":"Polygon","coordinates":[[[121.546222,29.4495269],[121.5461656,29.4490317],[121.5461951,29.44902],[121.5477562,29.4488589],[121.5477884,29.4488729],[121.5478313,29.4493657],[121.5478018,29.449382],[121.546222,29.4495269]]]},"properties":{"osmId":1508387161,"kind":"water","name":null}},{"type":"Feature","geometry":{"type":"Polygon","coordinates":[[[121.5463507,29.4500991],[121.546281,29.4500711],[121.5462676,29.4500243],[121.5462273,29.4495876],[121.546289,29.4495619],[121.5478259,29.4494241],[121.5478581,29.4494451],[121.5478957,29.4499146],[121.5478662,29.4499496],[121.5463507,29.4500991]]]},"properties":{"osmId":1508387162,"kind":"water","name":null}},{"type":"Feature","geometry":{"type":"Polygon","coordinates":[[[121.5464124,29.4511968],[121.5462917,29.4501528],[121.5463346,29.4501411],[121.5479064,29.4499823],[121.5479305,29.4500173],[121.5480164,29.451066],[121.5479869,29.45108],[121.5464365,29.4512202],[121.5464124,29.4511968]]]},"properties":{"osmId":1508387163,"kind":"water","name":null}},{"type":"Feature","geometry":{"type":"Polygon","coordinates":[[[121.5468711,29.4522455],[121.5465116,29.4517527],[121.5464714,29.4517153],[121.546458,29.4516733],[121.5464124,29.4512949],[121.5464526,29.4512716],[121.5480056,29.4511221],[121.5480405,29.4511408],[121.5481263,29.4520376],[121.5480781,29.4520516],[121.5480888,29.4521427],[121.5480539,29.4521521],[121.546914,29.4522595],[121.5468711,29.4522455]]]},"properties":{"osmId":1508387164,"kind":"water","name":null}},{"type":"Feature","geometry":{"type":"Polygon","coordinates":[[[121.5464956,29.4400881],[121.5464205,29.4400017],[121.5464258,29.4399503],[121.5468603,29.4394738],[121.5469462,29.4394808],[121.5470293,29.4394808],[121.5470508,29.4395158],[121.5472358,29.4411953],[121.547555,29.444059],[121.5480083,29.4480858],[121.5484589,29.4520049],[121.5484107,29.4520703],[121.5483677,29.4521357],[121.5482739,29.4521311],[121.5482041,29.452061],[121.5481827,29.4519722],[121.5478983,29.4489313],[121.547429,29.4449839],[121.546914,29.4403918],[121.5468121,29.4402983],[121.5464956,29.4400881]]]},"properties":{"osmId":1508387165,"kind":"water","name":null}},{"type":"Feature","geometry":{"type":"Polygon","coordinates":[[[121.5462354,29.4432718],[121.5461495,29.4422417],[121.5461791,29.4422254],[121.5469864,29.4421623],[121.5470266,29.442209],[121.54704,29.4422791],[121.5471339,29.4431177],[121.5471232,29.4431761],[121.5470856,29.4431924],[121.5462354,29.4432718]]]},"properties":{"osmId":1508387166,"kind":"water","name":null}},{"type":"Feature","geometry":{"type":"Polygon","coordinates":[[[121.5443712,29.4434447],[121.5461603,29.4432835],[121.5461817,29.4432508],[121.5460959,29.4422651],[121.5460771,29.4422394],[121.545192,29.4423048],[121.5451464,29.4423468],[121.5444061,29.4433092],[121.5443847,29.443398],[121.5443712,29.4434447]]]},"properties":{"osmId":1508387167,"kind":"water","name":null}},{"type":"Feature","geometry":{"type":"Polygon","coordinates":[[[121.5452564,29.4422628],[121.5452349,29.442209],[121.5459484,29.4413261],[121.5466726,29.4403661],[121.5467396,29.4403591],[121.5468067,29.4404104],[121.5468496,29.4405156],[121.5470052,29.4420666],[121.5469891,29.4421039],[121.5468845,29.4421109],[121.5452564,29.4422628]]]},"properties":{"osmId":1508387168,"kind":"water","name":null}},{"type":"Feature","geometry":{"type":"Polygon","coordinates":[[[121.5452376,29.4421156],[121.5449238,29.4418984],[121.5449104,29.441833],[121.5449694,29.4417816],[121.5453181,29.4414873],[121.5453798,29.4413962],[121.5453771,29.4412537],[121.5454119,29.4411953],[121.5462702,29.4402049],[121.5463454,29.4401488],[121.546568,29.440261],[121.5465975,29.4403264],[121.5460047,29.4411112],[121.5452886,29.4420712],[121.5452376,29.4421156]]]},"properties":{"osmId":1508387171,"kind":"water","name":null}},{"type":"Feature","geometry":{"type":"Polygon","coordinates":[[[121.5436417,29.4524674],[121.5438348,29.4524207],[121.5438992,29.4524534],[121.544162,29.4523319],[121.5443551,29.4522619],[121.5445483,29.452089],[121.5445644,29.4519209],[121.5443927,29.4514818],[121.5443712,29.4512622],[121.5442049,29.449006],[121.5440172,29.4452782],[121.5439689,29.4438955],[121.5439904,29.4437273],[121.5440655,29.4435872],[121.5451491,29.4422231],[121.5451491,29.4421576],[121.5448594,29.4419614],[121.5447199,29.4420268],[121.5435666,29.4433536],[121.5434486,29.4435591],[121.543411,29.4438768],[121.5437061,29.4516499],[121.5437275,29.4518601],[121.5437919,29.452019],[121.5438402,29.4521684],[121.5437812,29.4522992],[121.5436095,29.452402],[121.5436417,29.4524674]]]},"properties":{"osmId":1508387172,"kind":"water","name":null}},{"type":"Feature","geometry":{"type":"Polygon","coordinates":[[[121.3157907,29.4059462],[121.3159651,29.4060326],[121.3158363,29.4062593],[121.3157934,29.4064369],[121.3157961,29.4068668],[121.3158229,29.4069346],[121.3159516,29.407021],[121.3158953,29.4071262],[121.3158926,29.4072033],[121.3158926,29.4072734],[121.3159141,29.4073411],[121.3159758,29.4073738],[121.3160509,29.4073972],[121.3161126,29.4073949],[121.3162172,29.4073294],[121.3162306,29.4073949],[121.3162547,29.4074907],[121.3163003,29.4076098],[121.316303,29.4076753],[121.3161394,29.4077313],[121.3159946,29.4076753],[121.3157639,29.4076005],[121.3156244,29.4074953],[121.3156217,29.4072033],[121.3156673,29.4071121],[121.315662,29.4069322],[121.3156003,29.4067289],[121.3155681,29.4065794],[121.3155681,29.4064182],[121.3155922,29.4062523],[121.3156486,29.4061144],[121.3157907,29.4059462]]]},"properties":{"osmId":1531411532,"kind":"water","name":null}}]}